-- phpMyAdmin SQL Dump
-- version 5.2.2
-- https://www.phpmyadmin.net/
--
-- Host: db:3306
-- Generation Time: Jul 19, 2026 at 12:34 PM
-- Server version: 8.0.43
-- PHP Version: 8.2.27

SET SQL_MODE = "NO_AUTO_VALUE_ON_ZERO";
START TRANSACTION;
SET time_zone = "+00:00";


/*!40101 SET @OLD_CHARACTER_SET_CLIENT=@@CHARACTER_SET_CLIENT */;
/*!40101 SET @OLD_CHARACTER_SET_RESULTS=@@CHARACTER_SET_RESULTS */;
/*!40101 SET @OLD_COLLATION_CONNECTION=@@COLLATION_CONNECTION */;
/*!40101 SET NAMES utf8mb4 */;

--
-- Database: `inventaris_aset_db`
--

-- --------------------------------------------------------

--
-- Table structure for table `akses`
--

CREATE TABLE `akses` (
  `id_akses` int NOT NULL,
  `id_parent` int DEFAULT NULL,
  `nama_modul` varchar(100) NOT NULL
) ENGINE=InnoDB DEFAULT CHARSET=utf8mb4 COLLATE=utf8mb4_0900_ai_ci;

--
-- Dumping data for table `akses`
--

INSERT INTO `akses` (`id_akses`, `id_parent`, `nama_modul`) VALUES
(1, NULL, 'Inventaris'),
(2, NULL, 'Proses'),
(3, NULL, 'Brg Habis Pakai'),
(4, NULL, 'Laporan'),
(5, NULL, 'Tools'),
(6, NULL, 'Admin'),
(7, NULL, 'Help'),
(8, 1, 'Pengadaan Barang'),
(9, 1, 'Input Tanah'),
(10, 1, 'Input Bangunan'),
(11, 2, 'Mutasi Barang'),
(12, 2, 'Proses Opname'),
(13, 2, 'Non Aktif Barang'),
(14, 2, 'Peminjaman'),
(15, 2, 'Pengembalian'),
(16, 3, 'Master Data Brg Habis Pakai'),
(17, 3, 'Data Barang Habis Pakai'),
(18, 3, 'Pengadaan Barang'),
(19, 3, 'Barang Keluar'),
(20, 3, 'Lap Stok Barang'),
(21, 4, 'Laporan'),
(22, 5, 'Koneksi'),
(23, 5, 'Backup'),
(24, 6, 'Data Master'),
(25, 6, 'Set Lembaga'),
(26, 6, 'User'),
(27, 6, 'Wallpaper'),
(28, 7, 'About'),
(29, 7, 'Tutorial'),
(30, 7, 'Aktivasi'),
(50, 5, 'Restore'),
(51, 6, 'Group User'),
(52, 1, 'Permintaan Barang'),
(53, 3, 'Pengadaan Brg Habis Pakai'),
(54, 3, 'Lap Stok Brg Habis Pakai'),
(55, 3, 'Lap Stok Minimal Brg Habis Pakai'),
(56, 5, 'Reset'),
(57, 3, 'Permintaan Brg Habis Pakai'),
(58, 1, 'Data Aset'),
(59, 2, 'Data Peminjaman'),
(60, 2, 'Data Pengembalian');

-- --------------------------------------------------------

--
-- Table structure for table `aset`
--

CREATE TABLE `aset` (
  `kode_barang` int NOT NULL,
  `kode_barang2` varchar(50) NOT NULL,
  `id_detail_pengadaan` int DEFAULT NULL,
  `id_master_barang` int NOT NULL,
  `id_jurusan` int DEFAULT NULL,
  `id_ruang` int DEFAULT NULL,
  `id_lemari` int DEFAULT NULL,
  `nomor_rak` varchar(50) DEFAULT NULL,
  `id_lokasi` int DEFAULT NULL,
  `no_seri` varchar(100) DEFAULT NULL,
  `harga_satuan` decimal(15,2) DEFAULT '0.00',
  `nilai_residu` decimal(15,2) DEFAULT '0.00',
  `umur_ekonomi` int DEFAULT NULL,
  `kode_inventaris` varchar(50) NOT NULL,
  `status` enum('Di Gudang','Aktif','Dipinjam','Nonaktif') DEFAULT 'Di Gudang',
  `id_kondisi` int DEFAULT NULL,
  `tanggal_registrasi` date NOT NULL,
  `gambar` longtext,
  `keterangan` text
) ENGINE=InnoDB DEFAULT CHARSET=utf8mb4 COLLATE=utf8mb4_0900_ai_ci;

--
-- Dumping data for table `aset`
--

INSERT INTO `aset` (`kode_barang`, `kode_barang2`, `id_detail_pengadaan`, `id_master_barang`, `id_jurusan`, `id_ruang`, `id_lemari`, `nomor_rak`, `id_lokasi`, `no_seri`, `harga_satuan`, `nilai_residu`, `umur_ekonomi`, `kode_inventaris`, `status`, `id_kondisi`, `tanggal_registrasi`, `gambar`, `keterangan`) VALUES
(1, 'ASET-DUMMY-1', NULL, 1, NULL, NULL, NULL, NULL, NULL, NULL, 0.00, 0.00, NULL, 'ASET-DUMMY-1', 'Dipinjam', NULL, '2026-03-23', NULL, NULL),
(2, 'ASET-DUMMY-2', NULL, 1, NULL, NULL, NULL, NULL, NULL, NULL, 0.00, 0.00, NULL, 'ASET-DUMMY-2', 'Di Gudang', NULL, '2026-04-13', NULL, NULL),
(3, 'ASET-DUMMY-3', NULL, 2, 6, 2, NULL, NULL, 1, '243242342342', 0.00, 121212121.00, 10, 'ASET-DUMMY-3', 'Dipinjam', 2, '2026-04-02', '', 'gwgfwe'),
(4, '301c9849-566e-11f1-881f-0242ac130004', NULL, 161, 9, 5, NULL, NULL, NULL, NULL, 0.00, 0.00, NULL, 'INV---161-194-001', 'Di Gudang', 2, '2026-05-23', NULL, ''),
(5, '301c9793-566e-11f1-881f-0242ac130004', NULL, 161, 9, 5, NULL, NULL, NULL, NULL, 0.00, 0.00, NULL, 'INV---161-194-002', 'Di Gudang', 2, '2026-05-23', NULL, ''),
(6, '301c96aa-566e-11f1-881f-0242ac130004', NULL, 161, 9, 5, NULL, NULL, NULL, NULL, 0.00, 0.00, NULL, 'INV---161-194-003', 'Di Gudang', 2, '2026-05-23', NULL, ''),
(7, '301c946a-566e-11f1-881f-0242ac130004', NULL, 161, 9, 5, NULL, NULL, NULL, NULL, 0.00, 0.00, NULL, 'INV---161-194-004', 'Di Gudang', 2, '2026-05-23', NULL, ''),
(8, '301c9d0f-566e-11f1-881f-0242ac130004', NULL, 162, NULL, 4, NULL, NULL, NULL, NULL, 0.00, 0.00, NULL, 'INV---162-195-001', 'Di Gudang', 2, '2026-05-23', NULL, ''),
(9, '30179a1a-566e-11f1-881f-0242ac130004', NULL, 9, NULL, 4, NULL, NULL, NULL, NULL, 0.00, 0.00, NULL, 'INV-1996-9-001-001', 'Di Gudang', 4, '1996-01-01', NULL, ''),
(10, '301a295a-566e-11f1-881f-0242ac130004', NULL, 10, NULL, 4, NULL, NULL, NULL, NULL, 0.00, 0.00, NULL, 'INV-2007-10-002-001', 'Di Gudang', 2, '2007-01-01', NULL, ''),
(11, '301a2883-566e-11f1-881f-0242ac130004', NULL, 10, NULL, 4, NULL, NULL, NULL, NULL, 0.00, 0.00, NULL, 'INV-2007-10-002-002', 'Di Gudang', 2, '2007-01-01', NULL, ''),
(12, '301a26f1-566e-11f1-881f-0242ac130004', NULL, 10, NULL, 4, NULL, NULL, NULL, NULL, 0.00, 0.00, NULL, 'INV-2007-10-002-003', 'Di Gudang', 2, '2007-01-01', NULL, ''),
(13, '301a1f17-566e-11f1-881f-0242ac130004', NULL, 10, NULL, 4, NULL, NULL, NULL, NULL, 0.00, 0.00, NULL, 'INV-2007-10-002-004', 'Di Gudang', 2, '2007-01-01', NULL, ''),
(14, '301a1e6b-566e-11f1-881f-0242ac130004', NULL, 10, NULL, 4, NULL, NULL, NULL, NULL, 0.00, 0.00, NULL, 'INV-2007-10-002-005', 'Di Gudang', 2, '2007-01-01', NULL, ''),
(15, '301a1d99-566e-11f1-881f-0242ac130004', NULL, 10, NULL, 4, NULL, NULL, NULL, NULL, 0.00, 0.00, NULL, 'INV-2007-10-002-006', 'Di Gudang', 2, '2007-01-01', NULL, ''),
(16, '301a1c58-566e-11f1-881f-0242ac130004', NULL, 10, NULL, 4, NULL, NULL, NULL, NULL, 0.00, 0.00, NULL, 'INV-2007-10-002-007', 'Di Gudang', 2, '2007-01-01', NULL, ''),
(17, '301a1ba5-566e-11f1-881f-0242ac130004', NULL, 10, NULL, 4, NULL, NULL, NULL, NULL, 0.00, 0.00, NULL, 'INV-2007-10-002-008', 'Di Gudang', 2, '2007-01-01', NULL, ''),
(18, '301a1ac6-566e-11f1-881f-0242ac130004', NULL, 10, NULL, 4, NULL, NULL, NULL, NULL, 0.00, 0.00, NULL, 'INV-2007-10-002-009', 'Di Gudang', 2, '2007-01-01', NULL, ''),
(19, '301a1862-566e-11f1-881f-0242ac130004', NULL, 10, NULL, 4, NULL, NULL, NULL, NULL, 0.00, 0.00, NULL, 'INV-2007-10-002-010', 'Di Gudang', 2, '2007-01-01', NULL, ''),
(20, '301a1641-566e-11f1-881f-0242ac130004', NULL, 10, NULL, 4, NULL, NULL, NULL, NULL, 0.00, 0.00, NULL, 'INV-2007-10-002-011', 'Di Gudang', 2, '2007-01-01', NULL, ''),
(21, '301a1593-566e-11f1-881f-0242ac130004', NULL, 10, NULL, 4, NULL, NULL, NULL, NULL, 0.00, 0.00, NULL, 'INV-2007-10-002-012', 'Di Gudang', 2, '2007-01-01', NULL, ''),
(22, '301a14ba-566e-11f1-881f-0242ac130004', NULL, 10, NULL, 4, NULL, NULL, NULL, NULL, 0.00, 0.00, NULL, 'INV-2007-10-002-013', 'Di Gudang', 2, '2007-01-01', NULL, ''),
(23, '301a1349-566e-11f1-881f-0242ac130004', NULL, 10, NULL, 4, NULL, NULL, NULL, NULL, 0.00, 0.00, NULL, 'INV-2007-10-002-014', 'Di Gudang', 2, '2007-01-01', NULL, ''),
(24, '301a114d-566e-11f1-881f-0242ac130004', NULL, 10, NULL, 4, NULL, NULL, NULL, NULL, 0.00, 0.00, NULL, 'INV-2007-10-002-015', 'Di Gudang', 2, '2007-01-01', NULL, ''),
(25, '301a0fe4-566e-11f1-881f-0242ac130004', NULL, 10, NULL, 4, NULL, NULL, NULL, NULL, 0.00, 0.00, NULL, 'INV-2007-10-002-016', 'Di Gudang', 2, '2007-01-01', NULL, ''),
(26, '301a0e32-566e-11f1-881f-0242ac130004', NULL, 10, NULL, 4, NULL, NULL, NULL, NULL, 0.00, 0.00, NULL, 'INV-2007-10-002-017', 'Di Gudang', 2, '2007-01-01', NULL, ''),
(27, '301a0b18-566e-11f1-881f-0242ac130004', NULL, 10, NULL, 4, NULL, NULL, NULL, NULL, 0.00, 0.00, NULL, 'INV-2007-10-002-018', 'Di Gudang', 2, '2007-01-01', NULL, ''),
(28, '301a2eb0-566e-11f1-881f-0242ac130004', NULL, 11, 4, 5, NULL, NULL, NULL, NULL, 0.00, 0.00, NULL, 'INV-2016-11-003-001', 'Di Gudang', 2, '2016-01-01', NULL, ''),
(29, '301a3684-566e-11f1-881f-0242ac130004', NULL, 13, NULL, 6, NULL, NULL, NULL, NULL, 0.00, 0.00, NULL, 'INV-2018-13-005-001', 'Di Gudang', 2, '2018-01-01', NULL, ''),
(30, '301a3e18-566e-11f1-881f-0242ac130004', NULL, 14, 5, 5, NULL, NULL, NULL, NULL, 0.00, 0.00, NULL, 'INV-2018-14-006-001', 'Di Gudang', 2, '2018-01-01', NULL, ''),
(31, '301a3d1d-566e-11f1-881f-0242ac130004', NULL, 14, 5, 5, NULL, NULL, NULL, NULL, 0.00, 0.00, NULL, 'INV-2018-14-006-002', 'Di Gudang', 2, '2018-01-01', NULL, ''),
(32, '301a3ba3-566e-11f1-881f-0242ac130004', NULL, 14, 5, 5, NULL, NULL, NULL, NULL, 0.00, 0.00, NULL, 'INV-2018-14-006-003', 'Di Gudang', 2, '2018-01-01', NULL, ''),
(33, '301a432e-566e-11f1-881f-0242ac130004', NULL, 15, 6, 5, NULL, NULL, NULL, NULL, 0.00, 0.00, NULL, 'INV-2019-15-007-001', 'Di Gudang', 2, '2019-01-01', NULL, ''),
(34, '301a4903-566e-11f1-881f-0242ac130004', NULL, 16, NULL, 7, NULL, NULL, NULL, NULL, 0.00, 0.00, NULL, 'INV-2021-16-008-001', 'Di Gudang', 2, '2021-01-01', NULL, ''),
(35, '301a4f3f-566e-11f1-881f-0242ac130004', NULL, 19, NULL, 8, NULL, NULL, NULL, NULL, 0.00, 0.00, NULL, 'INV-2021-19-011-001', 'Di Gudang', 2, '2021-01-01', NULL, ''),
(36, '301a555d-566e-11f1-881f-0242ac130004', NULL, 20, NULL, 4, NULL, NULL, NULL, NULL, 0.00, 0.00, NULL, 'INV-2021-20-012-001', 'Di Gudang', 2, '2021-01-01', NULL, ''),
(37, '301a5a53-566e-11f1-881f-0242ac130004', NULL, 20, NULL, 9, NULL, NULL, NULL, NULL, 0.00, 0.00, NULL, 'INV-2021-20-013-001', 'Di Gudang', 2, '2021-01-01', NULL, ''),
(38, '301a67bf-566e-11f1-881f-0242ac130004', NULL, 21, NULL, 8, NULL, NULL, NULL, NULL, 0.00, 0.00, NULL, 'INV-2021-21-014-001', 'Di Gudang', 2, '2021-01-01', NULL, 'Bio Finger AC-300'),
(39, '301a6e67-566e-11f1-881f-0242ac130004', NULL, 22, 6, 10, NULL, NULL, NULL, NULL, 0.00, 0.00, NULL, 'INV-2021-22-015-001', 'Di Gudang', 2, '2021-01-01', NULL, ''),
(40, '301a74fa-566e-11f1-881f-0242ac130004', NULL, 22, 7, 10, NULL, NULL, NULL, NULL, 0.00, 0.00, NULL, 'INV-2021-22-016-001', 'Di Gudang', 2, '2021-01-01', NULL, ''),
(41, '301a73d2-566e-11f1-881f-0242ac130004', NULL, 22, 7, 10, NULL, NULL, NULL, NULL, 0.00, 0.00, NULL, 'INV-2021-22-016-002', 'Di Gudang', 2, '2021-01-01', NULL, ''),
(42, '301a79c6-566e-11f1-881f-0242ac130004', NULL, 25, 7, 10, NULL, NULL, NULL, NULL, 0.00, 0.00, NULL, 'INV-2021-25-019-001', 'Di Gudang', 2, '2021-01-01', NULL, ''),
(43, '301cc2b6-566e-11f1-881f-0242ac130004', NULL, 176, NULL, 8, NULL, NULL, NULL, NULL, 0.00, 0.00, NULL, 'INV-2022-176-214-001', 'Di Gudang', 2, '2022-01-01', NULL, ''),
(44, '301a7e7b-566e-11f1-881f-0242ac130004', NULL, 29, NULL, 8, NULL, NULL, NULL, NULL, 0.00, 0.00, NULL, 'INV-2022-29-025-001', 'Di Gudang', 2, '2022-01-01', NULL, 'milik PPLG');
INSERT INTO `aset` (`kode_barang`, `kode_barang2`, `id_detail_pengadaan`, `id_master_barang`, `id_jurusan`, `id_ruang`, `id_lemari`, `nomor_rak`, `id_lokasi`, `no_seri`, `harga_satuan`, `nilai_residu`, `umur_ekonomi`, `kode_inventaris`, `status`, `id_kondisi`, `tanggal_registrasi`, `gambar`, `keterangan`) VALUES
(45, '301a8488-566e-11f1-881f-0242ac130004', NULL, 30, 6, 4, NULL, NULL, NULL, NULL, 0.00, 0.00, NULL, 'INV-2022-30-026-001', 'Di Gudang', 2, '2022-01-01', '/9j/4AAQSkZJRgABAQEAYABgAAD/2wBDAAMCAgMCAgMDAwMEAwMEBQgFBQQEBQoHBwYIDAoMDAsKCwsNDhIQDQ4RDgsLEBYQERMUFRUVDA8XGBYUGBIUFRT/2wBDAQMEBAUEBQkFBQkUDQsNFBQUFBQUFBQUFBQUFBQUFBQUFBQUFBQUFBQUFBQUFBQUFBQUFBQUFBQUFBQUFBQUFBT/wAARCAJYAcIDASIAAhEBAxEB/8QAHwAAAQUBAQEBAQEAAAAAAAAAAAECAwQFBgcICQoL/8QAtRAAAgEDAwIEAwUFBAQAAAF9AQIDAAQRBRIhMUEGE1FhByJxFDKBkaEII0KxwRVS0fAkM2JyggkKFhcYGRolJicoKSo0NTY3ODk6Q0RFRkdISUpTVFVWV1hZWmNkZWZnaGlqc3R1dnd4eXqDhIWGh4iJipKTlJWWl5iZmqKjpKWmp6ipqrKztLW2t7i5usLDxMXGx8jJytLT1NXW19jZ2uHi4+Tl5ufo6erx8vP09fb3+Pn6/8QAHwEAAwEBAQEBAQEBAQAAAAAAAAECAwQFBgcICQoL/8QAtREAAgECBAQDBAcFBAQAAQJ3AAECAxEEBSExBhJBUQdhcRMiMoEIFEKRobHBCSMzUvAVYnLRChYkNOEl8RcYGRomJygpKjU2Nzg5OkNERUZHSElKU1RVVldYWVpjZGVmZ2hpanN0dXZ3eHl6goOEhYaHiImKkpOUlZaXmJmaoqOkpaanqKmqsrO0tba3uLm6wsPExcbHyMnK0tPU1dbX2Nna4uPk5ebn6Onq8vP09fb3+Pn6/9oADAMBAAIRAxEAPwD4yoxSn1/SnKBgV2njjBwc1IDmgj0GaeiDHuaAAITjipdvlgd3/lS5EYx1amUAL1pVUscCkUb2x0qQShBhRn3poCZAEAAp5cAZqNWDgEcUuM07gDOCc5oAycUqx5HGKljhIwT1oZAiJjnqalWNm6DNOCgVPDjafWmgI1sFOC/J9Ktx7VAAUL9KUGlHWqQrjtue1LnFIWJpQhNMY1pVUgHPPtR5q+p/KrCQOy8KfqeKGtLjIAQ49e1ICDzF/vCnKVbuKcbWYOVIJ/3RTJLV16sqn/bYUuYTQyWQo+B0pon/ALwz9BSi2bvJG3+6c0ySMKR/WpuxkyyK3Q/nQ1zDFndIoPpmqoSN2wxA/GrH9mwHnd+Oae4GNqEkc1yXj7jn61XrWk06Nj1J+lV5LBQcZIoAobvwoBJPU1PJZFTw1Klq5HGPzoAiYZB5zVUDsavtbSKeB+RqrLGQScYNAEUgJtzj7w71QjdkkH1xWgT8uKpzKI5PbOaCkW6KarqwyCDTjwM0CCiojcKp5z9MU03Qz0NAWJ6Tsah+1f7H6017hipwAKBpXIyckmmUnzDuKa+R34pMqw+mt2pR0pGqQsJTT1p1Mk4/EUFC59KPxpB0FFABRRRQA3kk5opWpKBoB94U6mj7wp1AmFQyffqaoZeGBoBBvb1opm6igdzXY5FSgcADmoasxjC59aDMApAp+fTg0lFABSqNxwKTrTiQF2j8aAEJxwp49aACSB1JoAyatQQbV3H7x6e1NIVxUh2IAKURs3Sp0HHNOUc1QrjETbjNWOF7fjUZAzk9PSkLZ+nagRJuUmpoF3HIqpuqaGcxjb2poC5wpGSKUgknaCfpVXc0zYAOfQDNb+j+H9Q1N/KtoZGIGW2Lkgep7D8aYWMj5gV7HuDXo/gT4V+IPH0LT6VpxNjEypPfS4jgiJGeWPfAPAyfzFcvo3h86trcOn28Uk8jTCN3A3BMnBJr7M+M2h6p4Q0Tw/4E0a1TQvCKqkct/M4UTvgFi4HzYGdx45J9qYeZ4EdF8D+D52ivrldTuIuJLq4Li33+iIgy31LCud1f4j2UEk4sNH0eWzRjskj0otuHYktnH517z4y/Zi1LUfh/AfC3xF8KXKyR5mtBfrbeaOuQxxz2w2K+WfEPw91nwpqBguls791baY476K4Un6xuc0LXYTVlqRat4wg1pCBo4hwcl7SNYfzA4rGIJhe4K+VADgPIu0n8K3pfAGqXFsJriGG2VU3CG3hG85O1VA6kk8V7X4K/ZCj0nRl174h6mPDtoq+alrcgs54zt2DkseOOKTWuoJp7Hg/hbwVrXji4l/spLWGCFDI095J5IOOy7upPoKs6v8Mm0m3M2r69DARx5VqjzNn0ycAfnXqGq6F4p8R+bD4UgGn6HE4UTs6I3l9OpwBk9hkjPNVdO/Z11jxTOiajq1jZrGePOvAi/XKhq09mzP2i6njttp/hm1JF1c3zHHDBB/IE1NIvhhztSW+Cd2ZRj+le7S/sb+JCjyadZ2+swqPvWGpxOT+BIP6VwXjn4c6z8J7RZ9a0XWdOtWO1pGDBOvAzgg5/pS5bD5r7HI2WkeFJk3trE9kBwTJwB/48aNQ03QYowLHxTBeS9opIWB/766Vz91rHh+8G+FLyGXP3pLdcA/7y/wAiKrNfaVcOIw8Bk6HK4z71kaG5qGh3NhsM0RKOodHXkMPUHv8AhVBQFHFPsrq4063a3tbh/sjHcbWQ7os/3lH8Le4qzHLFIV+1Aqrj5bhBkj6+o/I0bAVM4OaqPGG5HJ9TWnf6fNYkF8PDIMxyocqw9v8ACsma5S3cIx4659KAIJ4sY45qjcx/u371oSTxTMArg1DLEJEZR1I4oGYUZKZAPOavW90XwrctVNgUYgjGDRuKkEdRU3GajKj8NgVVePY3HI9alWTeobrmlzvVlPANNAiCkJpc9vSkNM0EpG6c80E4qbT9PutWvreysreW7vLhxFDBAhd5HJwFVRyST2qWBAGI+lK3Ir32P9g345Pow1IeCH2FPM+zG/thcbf+uXmbs+3X2rzTRPg/4x8Q2niy5stCnaPwpCZ9aWZkheyQbs7kchifkbgAnipuhuLW6OLpkvapCMGmSD5T60xCDoKKB0pcUAN/iNLTT69q7bw/8HfFnij4da/4503TPtHhjQpUhv7zzkXy2bbwELBmxvXOAcbhRewJXOLPNNp1NPFMaAfeFOpoPzCnUhMKin4ANS1HOMx0CIKKnVRgUUFaGkOTU6ccZFV6lb1BwaDMmopNwx15pjzY4UZNAEmaKagOMtyangi8w5P3RTsA6CE8P+lWwMCmqpzx3qZU45qiAUADpSk46UhfaPWmlgvfrQAE5NB6U1SDkiloAKt2Vk94/wAo+X1qG3iaaVUXqxAFfQHwl+FFu5bUNTYx2liQ9xKV3LG3ZAP4pDx8vOMjOSQKAZm6F8MtI8J6Pb6z4va5QTgPBpVmv7+UdjI54jB9Opx2rq/DRuvijcQ6D4c8KQ6TobXEEFzcxM7mNJJAgZjkAnnuD0r1XSfDlp8efG2nWmoi60zRInAfSIlAeU+Xu3vIDkHbsBXGRkjOea+qPDHws0nwfFpsen21rpkEQZMxKERl4IRv73PILHOQfU1ekVqKN53UTifhp+z94Q8BMDZ6eLueI5MsqghWHcE/xep6/Sk+KeoQ/GOKXwX4Z0ZNWuY3Dz6ox2w2rDjhu/BI5464zVz4m6D4r8HeHdTTSL6LUtKvRI6Lu23dsGbc4Uj/AFi4Le4B9qofDL42+FfB+hW1gtpdaLbKoLOtp5zTv3dpAeSSOmOOlUk+XmirkcyUuSbsil4c/YQ8Iafard+Izda7fKMm2tZjBFn65yfrxWR4t+BvhHQ/DEt3ovhO3063juI/OvEhkuZEhD/vHWRycYHcDoDzXqb/ALRWi6nObfSm1bUSwxmGwUIPqzEYrifFXjHTdPENuutCynUfPZ6ldouwHsF3Y71MOdu9R2NZunZKnqN8SeDNCudR0jSvDN5ZyXl3EJ7W7u3WK30+CAxktsABZi7rhQRnkk8c2PEP7POk+OZYbvX/ABNrvjTU4k2KI8JbL/ugDCjP+0fxrzu98X+HBeWup6Nd6LY61p8hMcP2kfZZQ2A6PDkjDAdUxzg84ruNI/ajh06WKO/8FalYxHAa40S/S6gHqREwU4/CqlzR1jqRHklpLQ4rxH8Ibfwczq+nFLVFyGLs4Qeh5rll02xnnjijtYkkY7QwJAP17Ae9eoeOPjNceJkvP7JlgvdPmi2PA1ukzx8YO7aQynvyAQa4jw78SrePTDpGsaFYMhb557WV4pmI6E7wcnr2FdMJtq8jknTjzcsWcJ8RfAfizwzrs0GnOdNlaMN80CSxOPVWGDg46qcV5b4lc3ESS+MPDv8Aa0lqNqXEc8+FGf8AYYEeuCuPevsnwj4v0K6Eei62F1bQWbEEswxcWef7uCTj2Bx/Kur8RfAz4fWEcF/e6o8dtcsEt/OuY1WRiMgKxHzeuOc4qJTin761KhCT/h9D84dai8JW1gJR4cDxsuGmt7qZZI/c5Yg9Rzz06CvOZ7XwreTXC3oubSE48qdofO2+u4rz+lfePxr/AGT7aS3l1nwsYbYJHuuLSKP9065++qA8H1C8HGQB0PxT4p+Hes+GpJ5ZbGQ2KSbBcxfPGD1AyPXt6/mKzSvrY10i7Nu5i2Pw1NxKP+Ee8VadchhuW1muNjOO2FfFR6voeueG28rWdKntQTxMo3Rt7gjj8jTIdQt9MilN7YW99aH/AFiTJhk/2lcfMh9wfrnpXUeHfGuo+HdPCafN9q0qc5S01ECSJsdVVumQD/8AqpPl2ZV5epysWrSW8Wwqbm0blos8H3H91veszU7WOZmubRzNb8ZyMMnsw/rXe3F74U8Rs5uLSXwtfE8yW/7y2Lf7S/w/55rk/EXhvVNFuEu4lWe1IwLu1O+ORffHT8ahxa1HGV3qc2cY6flViCcOMHhqrzybt0m0L/eVf6CoBOo5B5FQa2H6nGFdZBwp4P1qo2GFWpbhpoyrAEGqjHHFR1GTWzYOzt1FWV7/AEqivGCDgjmrgmBiD+tAiAna57CkJH401zuJb1pR0pl3DrX1p/wTn0Syb4jeMfFM9vHd3/hnw9PfWEEihv3x43AeoUEZ/wBuvkuvTv2dfjlf/s/fEu08T2lquo2Zja1v7B22i5tnI3LnBweAQSDyPSpeqLi7O5QT4+fECP4hf8JqPFWpnxB9p+1ecbp9pO7Pllc48v8Ah2fdxxjFfXv7OPxXg+Ntj+0d4u8e2cFnY3Xh62Gpw6HF5LPCiXAbbuLfvCoxuJ9K4OLU/wBkT/hJR4yMni5JBP8AbP8AhETbqYPMzu8vdtx5eeMb8Y46Vn2f7WnhjVj8e7m90T/hH28baPHpuj6fpdsnlxFElUGYrt+Y71JbB5J7Coeq0RstHdsPHnw/+E/xO/Zn1n4lfD/w1qHgrUfDmqQ2F3ZXV892k8chUA5Y9fnU5GOhBzwa9P8AhP8As8/Cvx/JoOgaZ8J/F+s6BqFoPtXxB1C5l08RzFSdyQPhWXcABtyOf4sEn57+Gnxw8O+EP2Z/Gvga+guLnXNW1uz1G2i8kG3kiiaIsrvnIyEYdD1r3zWf2sPg7rPxY8OfE+51rxtc3dgsKx+DREFsbJwvltIDnaQAWbavLNjkdBLutCk09Wcr4I+AHwt8EfCT4q+JPH+mah4gl8G+KpNJg+xXbW8l0imNUjIB2ruZ8k4yBnBpfEf7N3w/+NPhb4S+Lfhvpt34LtvFuutoV9p11cNdCAqsrtIhY8kLA3oDuXgYNc18Q/2i/BWt/CL4weFtKk1Oe88V+LV13TnntAiiEmFmWQ7jtYFXHfOBS/Db49snwc+E3gHwXbXF38R9G8YHVIIJ0WO1mVhOqp5jMOW80KQcdTQ1LcLx2Ou/4Rj9m+7+PNp8IU8Ea4kkGprpjeJv7Xcme4VtrJJF02MwKblwRnIAFQeLfgv4Z8M/B/8AaafTE1C0i8NeJbex0+2j1KcQCLzYQBJFv2ykB2wXBIzxXpvhuPwRrv7WGmai3wa8Xab8S5NTWXURczBtHsZB/rbwMoxIMAlTwrMQepryP4s/H7wpp+hftL+CDJdT6v4n8VC406WCMPAyRTxbyz54/wBU2ODnildtlPRK51/xE+Hn7O3wX+IHgrwtrHgfVtavfE1hZSzSR6rKsNgJmMYkC7tzszbiRngKMViL+yj8O/ht45+M3iDxi2oat4F8CNB9k0uCby5rt7hFeON5Bg/LvRcjGc5J4IPln7Rfx28NfFP40+BfFGii9GmaNpum2l19pgCSb4JmeTaNxyMMMc817xoXxtX4q+PPjfreneB9S8c/CLW7Wz/ti0hZItQtmSFY0lii3FmOVY8dNgbI24Ld0QmpOxwekeCfgj8X/gN8WvG/hfwdqXhjX/DdnAyadc6pJcw27OzbZUbjdvAYFWBxsGOvPx7X6CaI3gnw9+x58bJfCPg7W/CehXcdtbxaj4mkH2rU5y+NijAARNygAZ5dq/Purg7sip0CkkGUP0paCMjFWYgOgooooAu1N2qCMYUVMF70E7AAB25oThx9adtYAEjAoRNze1ANkqjc2B1NXUQRqAKiii8tCx5J4qRCN2WOAKpE7kynaOaRpDnGQKia4DZ9aiDZNMknZwOM1FyzEkVVdtzHnjNSQPuIUnigCzG554wo71NHh2wOagdgVA6CvWPCvwZvr7RbK8vJbGwa7I8qO+uPJJz90cjBJHOBk8igCt8FPAw8Z+NLO0kn+yxANK0gXLBUGW2j19PTrXvt/JaeJvDlnNpetx+ELfTbzbpen3LiMXrKoIfzCRmcsejcYPXPXov2af2fb3wv8RLyTxVMmmTaYAv2DZvScyI2zL9AM9h1OB6iqmr/AAm8HSeNr6/tdFSxaGaWa3i1Gef7OrbifljIIUk84xgcVcVczltdHKW39t2/iWPxU0smkaz5nl31gqsnnt2ni4wDgDK+oyOte1WPx08YeNrKLwdBZO1/cNmW9JEcoi25I6YGcdeuPrXbfDv4Ya74k8LWUtnqejXlpcHhTAl1FCo6h94JD5bGBjpXR6X+zXb+HdYtdTjuJ5r2O5V5ZoT9nUJ3ChT06cVrzU/hZKp1X7yRJLY+I9F0XSNLtAYZjAIwVO+aNccrvx8oGOcDvS6F+z1piqNT1i5+zYO9wsnlJ65JJ5/HFdV4t8U674ddo4dGOp2c8TeU9tIEmVgOcbvlJGcgHA4+teNfFrxcNd0nybma70i3EAl/4mu4O5UABflyrbiTkgkDAqFOUtI6GkoQiuaSucl8XfGA0G91W08NGBEg3JBPFIWDDHEm48flwK8Lu/HVpqXheOwvNJEl8kxllu2kBkuGPUu5BYj0Gcc13mo6Hc6n4Q1+bTrixvJILQyvC84STbkD5ffBJxjoDXmlnrugaN4X+weKfCGppqyTM8ep6TOJMoRwkkZwDjtg55rragkk9Tgi5ttrQbYaZ4U8QsI9Q8Mz7kUjztM1AwysSOCVcMrY9BitqH4aaHbypHpt7q9oxHySTymCUfkxU/n+Feb3nxR0Lw6wNtFdXxLcC5g8mSP2PLD8jXaeGfifY+J4Y/LulG7gwXJH5Zo5aadkKUqr3LWu/DrxhZTE2utT3csPSO8QpOg9N3X+VZEPxC8XeHnW01+we/twcM00XmSAezdT+ddl/wAJNc6ZqAMWq43AL9nvW8+2bA6K+TtwPQ8V3uhf2D8QrJbQhLfWF62crhlm94nPf/ZP4UnStrEUastmeceHfjH4Pur+OzvIruwD/cvIxgxN6kZ5Ht1+tetQeJtN8X6DceGtTuo9TtUy1rIsm4RsRw4GRwc/z6civO/Gnwf0y+VxdW/lSDpdxqVkX/fHce/8+leYXng3xT4EH9raZPJeWts21ihyyDtn1U9AemajVaSNdJK8NGe1+Efix4k+DF8NL19JdW8LTHZtdiwjXoXhY5yB3Tt7V3Hjz4Z3etNP4n8Oz6Ze6RqECPHZOmYruJhkhznDc/MG4YHr0r561fxBP8QNAudZ8P3DR3qoo1XQ3+cNtORKiH09Rg4yPXNb4VftM6h8NbRtNlVrnRWkJl028yDbkn78MnIweu0+/vWiiovyJc+eNmtUcH8V/A1vo17ujxatOWzbSRuphYHmNt2c9eDk5HevPvD3iS+8DPewR2VvqukXXF5ot+CYmbBxJGR80cgzw6kHnHI4P2H8Tdf03x1o9tdiwgvbeeMPIM4d4yOMfTOQeo596+avGHgk+HyL9Iv7V0Rj+7nGVeH/AKZyY6H0PSirStZrYdGs/hZ5xb6lBqE7vFvtXzzG5yV9j6j3roND1PUdJuB9lkDBzzDjKSD0x0P+eta1n4L8OeK226bqUlrO4/49roATwv8A3oz0lHqvBI6c1z8llP4U16TQ/EcTQNwUuIW+R1P3ZYyeoPXsfoQa5GmjtumaOoaND4ijklgj+zyMTuhKgGNu+09x7H9K4XVdIutEuCk6YHZgMq3uK7PWrzUvDjxSSFZUf/V3irmO4X+647MPXrUsmtadrloIb5RA78ZfnB7HPce9LR77h8KvHVHngnJ7Uxj82a1Nd0CbR5uV3Qtykg6H8ayQc5zWVrPU0TuKWJGKckhXjqKi3etO3DHWkyrFg4PTkUVFE4ztzmpNwzikULSN2oJxSE5oASilwcE1FuJNMCSkJxil6AnsBmvrzV/2R/hn8P8ARvDVp498fa1oeu69pa6lFqsGmLJo1uWUkRNLnLNwOhz06bhUt2KUW9j5HRWlDEKWwCTgZwPWnQzy2s8c0MjwzxsHSSNirKw5BBHQj1r7s/Zp8D/Cf/hmL4szXniO9uJfs0cGu6lb6aGayTzXCG1ZgGdXARiDjtkV4r4D+D/wcvPD114g8T/EXUGguNTls9L0PQLRLjUzApISe4i5MYIAOMdxzk4pc6d7lqFtjm7/APbM+NF54eOiS/EHVDZtH5TOuxZyvTBmC+Z+O7NeMAlyWJLMxySTyTX16n7Ctkn7TmkfDe58S3TaBrOjPrVhqsdsEn8sBsI8bcAhlIPtjgdB4f8AHrwV4A8BeI7bR/A3iu88WvapJDql3cW3kxC4VyuIuOU4POT9aE10G1K2p5rXUfD34n+KvhTrZ1fwlrl3od+V2PJavgSLnO11OVYezA1y46CinYxTseh/E39oP4h/GOGC28YeKbzWLOBt8doQsUCt/e8tAFJ9yM8mvPKMUUWSG23uFFFFMQUUUUAWUfAwavQqCoas7rV+0kDIB3FNCktC6UEke0joOtRQoIjzzUyHAFMYcGgyTJHlUL/QVAzk/T0pP4DQtNDFHQUsrBEJ79qcBkCqtw+X254FUhDAxJ4qaJd0q7etRon/AOuvQfgV4AHxG+Illps7iKwjDXN5K3RLeP5pG/Lj/gQp2A7/AMC6bonwi8I2/ifxDZRal4k1JN+laXPHvWGIkgTSA9M9R3I+uRy+o+J9X1TX117U1mvbmX93p9v03y5G0Iq9FU9cegHXmvbV8Ey/tBfE6a18N2slvpaECa9ueFjjAABPYYUABAf6muN8TXFn4O1ew8X6hbPNpkGrw+HdNhQgCGLLL5/PUlg35nnpWkIreRjUk7LlPW/hLYePvE1hqF3L43nvPE8qgX2g6igktLuEDAXdncpAGNw5BAII6179NrjeFX0afV5o9cktsrZz36hMiVNjxXL4w3lkffIBPGRzmvE9b8M6t8L7jQdf/tGHT9UvZWWOxjb9/ChHyuV9/wDCq/iLXNTl8LtZ2188usWa+e9lM4f7bE5G+Jd2f3i4VlP4elVKmpaxehFOtp7yPojSZ9c+HuuSwLe2Ok6XesLt7bR7dZY13d0L8dsfhVrxt4i1DUbxVt9clv7JlDIpURkf7LKABkY/WvGPg18SNM1bT7W01qcC3u12aV4gQkCCTtFMM8c8EN0z+Nd54kl8X+FZxPd20ZjjwY7qO2UROO3zBR+vNYclpanaql4vsc9qPx4sPCes/wBmawup6a0bgxXyxlog3Zsdx9OcE1LrviPSviZosi+fb3sNxGw+02iqfKcj7xVgVz6qRg9xWnbeMLXxQhtdb062vC4IaG5jXn12sMZH1rnPGnwe0ux0m81nwpFLZzrE0oFg5WRWAJClPukZGOn5Vsmnpaxj03MCHQvCWnTWs2veEbjRL22BiXxF4fgN7ZTJ/emtHEhiJ7gKw/2xXIfGDwx4S18JN4U1rTtVAiKM2kXHkzbuvMTOQpznjge1YNz8Q9f1Tw5p1xp2uSWl7AHFwrWyEuQQCrqw4ZfY4IOeOa6uxQ61axQeMvDdhqTv0v4rdW256Fl5K/VfyrSMHfQwqyjJW2PBLzwPqFraP/aUTajZd2u4RFKvv0wfwNcXf+B7U5n0e5jK7tu3fkg+meo/Gvsu8+Emi69oj3elxyyJGpjXy7pyqsOgIYmvnLxV4DmhvZkmW1a5hJHmWd0ocEdjzz+Nazi1rYwjp1ODttT8QeFl8i7hlmtO6Md2B7HmvWvA3i/Q/Etlb28M8dhfQgK0NzIUWXHcP1RvQ9vXHFedtdano6iC6Q3tqeBHcrtcfQjr+BqlPpFjqrCSwlOn32cqkrYDfRhUKbXoU4KZ9VS+P7mEfYPEU5mMY2Q6wVBYAjhLjb1OOQ/f1PUZeneMF8M63YxX9uk9jOwhnKEOkkbDG8L0Kk9R26jtXh3hb4gap4acWerwm5tcbHBGWUf1Hsf58j06zs9M17SAbO6C2hywjZsrEf7yMeV6jIPHrjgndWkrI5Jc0ZXNX4t/BlvCl1H408IXLpYD52MJyYs+uOo5xk/Q15bqVnBrE7aja2sEOpou68091BhuEPV0H90jqB06j29q8PfEW/8ABNqw1K3e+0UssGpQldyxI3Am/wBw8An8+ma5L4ofDSPQ2i1rw7M9xokzF7WSNtzWrHkxH27ik48rt0NOfnSktzwyTUNV8HzN/Zk0kenSsSlrcEtH7qCehHHI68Hvitrw38QjdXEm6MMrjbdWM33WH+e9dBHqMWreGNR0ya1WbzXScKeDA44aRPZlJBHTgHtx5D4z0fUvCl1Z6jCoksp+IJouzD7yH8+h/CpcnDXoWoqbt1Ow8U/D+0vo21TQJgsBb5os48pv7p/un0PQ+1ZkuoDxTpieGvEy7L+A50/UJeHQn+Bj3U8YPr+NR6F43MMqT2UmJQNssTrww7qynqK6e8stN8Z2Y8iEeeBk2jNiRfeJj1H+yf1qNJK6NFOUfdZwOm6hN4buZPDviODztNlYqJGHKnPUHseen5VQ8b+C7rwi0U4V7nRbsb7a6xxj3P511dxZx61a/wBiatiS45SzvW+UvjpG5PRx2J+npUvgnxQunRy+BPGWZdFuCy2l5IObd84z7D+8Px69cmr6MtVHH3or5HA6Jq6tEdPv/wB9YycBm5KfQ1ja5osuj3zRHLxnmOTH3xW1408IXfw+8RT6beL5kON0My8rJGeVZT3FO1O8W+8L2JlceYr+UZO4IHH9KxfZnSnqmtmckwHBptOOSTSY5rM3AcGp1O5c1FgUqttz6GpGSUU5k2bfmDZAPHb2ptADvMOOn4UqxqU4+9TKliTgnNAEa43DdkrnkDqR7V+i/wAIfHvhbwTBockXx10jWvg+umlNR8I+LhHNqcb7GHlRxbN2N2MAcYBABGDX50UlTa5cZcrufYP7OvjH4ea/4V+O3gGfxFY+A7Hxa6volxrB2QRQrJIVRiTgEKU4J9cZxXX/AA18Q+GPD3wC0/Qfh38WPCHw98X2GpXMfiHWdTRBcahCJHEcls7qzMpTYVC/TIOc/B9Lmp5Bqo10P0qvfj/8N7r9qj4ZeMV8f6ddaFaeELjTbq/u5tkqTgsR5ynlWffnB7hvSvzc1aRJ9WvZY2DI8zsrDuCxIP61Sn4xTh0qlGw3NyFVvmx606oz8uT6U5H3rmqMnuOooooAKKQnFLQAUUUUATVYtWxg+lV6lgcqDQEtjVV8qCKRjUMEuB7VK4yBVWMErCEfKaFpvQilbgE0xkbTlVJwAar9efWnMe1IAWOBVJA3YfGTj2FfRH7G03h2w+J0C639ql/tOyn0wQQqMtI7x4A5Gcpv/L6V8+xw/vUTI9SK9n8BaJPZa9Y6vpMYuBpAhmZ1YqZZQ6swT6dM/wCzTFp1PqX4Yx3/AMN5rjwrdE6at3fvK2oRsCyW6uFYgdQ3yqPoxrxn9u+yitvC+kDQ1VILTWop0R/+WhCSZ/MsDXfazbHx94zuviNpTz69M1ubCPT4XWGe24BZXjON7AnAZTgjB618+fH/AErV9G8BeEk8TXb2N+dQVYrGdt8rLiT963oOAAPatpNcjsYQTdRLofQvhPXtE+Jngiz8TWUj3E0WpSmdZSWliIjMiB8n0YEfQjsazfE+nyaVLYzM253HNypz+8ByT9CCCPY15b+yl4wi0TV/FvhuGFEjvykzQuS20DOwp6YJkX6MPWvXtEure+uG0DVgUhuVUwyHjY4G0EHt8oA/4DVU5Nq7RlVgk+VHO3N9ceEL258Rafp66lot4AviLQCdqyHtdRH+B84JI4Dcng8e+/BX45xajpUfhqXXJJdMlUppWo3aqdqkY+zXKnoRkDrxwQdpFeSWFvJ4Y8QTaVfTRLcR/wCpus7onGOh6/KwO0j354qtq3w2j0uO48U+DEIEWTq3hx2zt4zui55HUjuMYGehJwUncKdSVj6J8R+GxZW7y3Wliy1KDLNJZndBMB3A/hbvxwa4XRPjBrVvL9sn0Wzu7WSMMVtpGimUYyGYYKv74APFea6H8dtQ1jRbKE6jN9msiVT+8B/cf1x057VPH4p0g6TDEsbxXIATMLbo3GcZOTleM8DPNUqZCrNPQ3NQuvBnj7VzbQW8mlauy/aDFKgXzsdShBxJge2ecEVnaX4mEMIXzlvbNfkLgbZYwOzKfTp+FcNrca6nFHdweankgZmQEGF85Uhh0PBwa4D4heKr7w5pN3rV1O8csXyzXEQ/d3GSAGdONr+pXg9cVSbjqWmqmj3PW7v4nW2kXt2+n6qtpEjgSYY4J91rOv8AVNE8VRzX1xDbyTS/8vdo+wbvcDjP4V882V81+WkSRmlPzH1IPOfoc1FNb3Cy+fY3kthcjo8Z+U+xHQ1v7S61VzDks+VOx69qHhazvw0QuntXPyqbpQEf2DjKn8a8/wBe8J3Hh29e0ubcTQyL8qzArn3Vh/Q1n6H8V9W8P3qQaqqqG43AfupR7joD7169Z6/pviHRd0duLyzI/eWwG7Z7gdvqtQoqeqCUpw+I8bd73TkCx+ZdW6dLW4P7xB/sP/EPY1s+CfGwtrsSWNwRg5ltzkMCO5XqD7j/ABrfvfDtvdxyTaFdLfwD71o5xNH7AHBbH0zXA6/pEOpBrm2U2esW7YFxAdrZ9HA7+9RZw1BSU9GfSHg3xLY3c6qHW2eRSCrAeXyPmVh0Ct3H3f8AdPFdLb+FrvQ4rqx0e4RNGuYt50qclxA4xgxZ5Kd8ZymBjIr4/wBK+I+s6Tcxw6tbqrr924ClT9SR0+uK+hvhz8ZbO60v7FrMayiNRJCzNtbrwVcfzHH61pGpGREoSgeaeIZtS8HeIpE1CF0mR9/2mJd0ZBOQ2B0B9f5YrX8SaHp/jrwfdzaXH5wXbPc2IP7y2cDBljx1Qg/gcdq9a1rT9A+KtqsFjdrb65FkwR3oEZfPJUkHawI9D74HNeU654Z8T+F9aWaCzltb+1OwSwKOoHRwuQcjj3zTa3Endp9T591LSb3TLnCys86/6pv+ei+x7kehrqfCXidLiJYtQikglU/JcR8EH3rpvFq2nize8dmLLVMk3NmowrN/z0i7g+q/lxwPPTMIWyziRGOBOvQ+ze9cluTY7U1NWe56HrTjV4z9pkS4bA/0mMYc+m4eo9f1qtqegyeKtMMM+19UgQSR3EZ5nUd/99RwR3HNcta6ubZow7kKeFb09vfNdPourGK8t50IWWNw65+6xB/SqTUjPWOpjaXpMnxBgXQL3UWstWtARZLMcwMx6ISeVV+xHAOMjB44K6huNL+06deQyW9zDNtkhkGCjLkEEV7B8StHS7c+KNEUpLaAG4tE6xqTk/8AASTkHsfwrmPE/ja11G4tdYW3BvJ4BHNL2lwMAsp+UsBxz2A9KynHQ6Kcu2x5x0pG4rUvbOO9mnnsVxGMuYcYKjvgen+eazK5mdiCijjtRSGSqcgUUxGwcdqmEeVyTj0oAZUkbBVbNMAOKUDANABsO4gdKaeM1K/AGeh61E3INACK24ZpahRilK0hb2FACO25qev3RUR6VIhygoGgk4So0cqc9qdKelR0CLKtuAIpScVVBwasZoACc04HIprEk8UqtigBaKKKAJqfF3plPiOXI9qaG9ixCxU47VcWQMOORVaEcGhiY23Doe1UYlhVO40kn3KVJQ4GOeOTUcz4BHp1oERMuXz0FEXEg9KaTmnwD94CegqhbmjpFhJqOqwW0RPmTSKgP1NfU3wSsxqp1XTTD/ZVlpkSTC+kIInTCs+3vuyzZOMAZPbnwH4YaV9u15JnX93Hxn0J7/gM19b6PokOj+HbPQ0iP9r+KVdNqjm309B+9kPpuGEHu4Pat4Rvqzmqzs+U8f8AEX2jxFq13daTbiz0qygkulRBzGGDMme+58BvYEDjFeK/EknUtX8JWNzOZAgaeZ2OSAZ9v6bq978ceKNL8A+F/Fsr3scF2Zbi58p8gkDEcafkvT/Gvl5/GH/Ca6PHqTW/lXNnaLaRHOWkBuGkDN79vpj1pVEo6LdlUHJ+89kZWlfEXU/htrvhzxdaL5ylRFPGeBIvG4fz/ECvuv7Tp/xD0C01bSbjfBcDzILiMZMb9Sp/I/Svz81W4t9S8IRaWB5skEh5UcgZIz+orU+An7QuvfBfxItrNds+h+aBPbPk7Ocb09xwfw9a541OSVnsds6PtY3W6P0AuLP/AISXS3t71ls/EtoFMdyxws6n7u71yOM/SqvhLVL7R7w3ts4hnSQW93bucgOemfUMRjPriqPiT9rb4S/GXxN4Osre91DUPEnyWSxaZYvGZGbPyGQryMnjA789TXEeKvGNt4S8QvZWl3Gl1deYsNlf5T7QhLcHHY4JB7HPvXZTkpbHk1ac4NaG98TvC1vYX6+JdFi+z2c5KXduB/x7zHJKsB/Ax5X0ORxXlcXji+8P3xhvt81s/wB0dPlPcV6nY+P7TW9GMkAEsyRmHU9Iu/8AWlP72eN4GOWHoG+U5rL8VeHtE1Twm9xOZptBt8iK9iTzLvSnPIjlUcvGx6Nj8RWzVluSm07NGF4M+K174c13+0rdkureXCT2rcxzR90I/ke1SfHXxB4W8ZpZxaHbSWiXUUlzdWBBwnlqCGIHAGWPTg4r541Tx9F4O1e5tRHNczwOY3jtwJFPQ/fUlc4PYnFY9x44n+13WoSay9rdywlIbO3gY7E6lSxHcZyRxzXP7VWsdP1ea1R6t8BtO07x34Da2ubs6ZrVpdyx2V7njZgEKw64+YjPI9QOtdhd+Ftc0SaW31nSmynP2y3UPFIvZhjkfXpXzF4W8UNHcSafY2r3t1IRJCqSvGVIHJwpAI4r2Hwh8aPEXh6KOPWLWXajbTHIrMhX2Ocj8zRTnYK0Xe9jX163065tZI3iExP8BHH19q5LTta1T4f6olxpU7TWpID27jIA9DXpU/izwz44CyW1zbQX7ctZ6g5j3n/pnMBwfrkf7NcX4s8CeJrS4kfRkhuXb5l0rUV8uZx/0ymVvLl/Q+1XN63iTTjfRnpJm0jxnbfa4HOn6ui78xHluPb734c15PBrNto/xGuFuGnu7XXChF0rfMkq5BJBHOSAOxrhNR8S+KfDbl7jw7c2LK+0kTglG9wBx+NYX/CaoumKt1HIZ4XMkExyrRtkHPuMj8jU+2i1d7jWHlDbVM+htV0ffbiRXWWFuEnj+6fYjtx2NcW32zw9dgR5+yFt3ktnCN/eU9vw/WqPhL45aXPIYpGe3mKASI0ZeKY45HGTXSz69bahb5SENZy/OoJy8ee6nuPqPrzzTTUtUwUZU/dmje8K+MluLlLeZxDJ95GPH0xjpz/kHivQ77xBJr1iyTRw3d5Gu3bcfdmHTBPZu2eh6GvnfVFfTXUj99C+WXYefcr/AFFbfhH4jizlWK5YzW3Qf3l45I/yff2aqcuhlUo396J0+tXOnW97Dut5rZ5SQATnZIvVTyCD6df0rJ1OLTb557pIoheuBlWnMccxHduPvH17962PGa2Wr2dvdRgXMcy4S4VcYOOmeoYcY/qK5KykS+SWOZR50R2yAjqex/Ec0Setghtchu9IfU7VYItP+wSI29lWQuwb8zxVbTtXlt5Gtbtjb3CfKVdcBq39MuLfSi/m2NndZGI57qAStB7rk9PUGqt9rsGvRR295Yafp1yN62+qabaIqTLnB3oQcjvjgjOQDxWT30OhbWex0vhXxC9i+JA0Z2kLIykrjur+qn8xXDePNHh0bWJ1jhVLeT/SEgBwFz94ccY5BBHBBHHrSZtT0lo4Z7nEb5MLM2+3lA/uMOn06jvRrfiRxp8Ftq1q7QwhlRwd22NlPCnuN23g+vak5XVmXTjZ+7sc9ZztBOMs0R5G4dV96s3ljLbDc6bemfx6EeoNdP4X8NtqenxLDqLanp6Rj5YYFnnhOBwUYhh+GRWp4gsPD2l+ETHBc3uo65csAqyx+ULaNSdxZOetY2Ojm1sec0UEYJFFRYsToc1ajnAAKjccd6rHkYpFfafagCfcTSg5pi8gUokVTgmkBLL90cVCxwpqaQ5QY71BKfloAhooppoAMmpY/u1FUkXQ0DQkvJplOcZJpuMUCBRlhVioo1+apaACiiigoduFFNooAsU6L79Np0f3hTQnsW4DkN7VI6ZjPrTLbqwqc9DVGAkCCOMY6nk1DM2Sw96sgYFVG+8T6mqQDaki+9j1pgqeyVZJ1VjsTPJ9BQSj1z4ZaFczNpkNqJOS13dFeMxgZUZ9wB+dZvjL9oPxZo/xCsvEFpPtuxPBpdvZxErG1smMpjPIJGTk9Tn6dhceIY/DWnXupabhYLjT4bOFZMgFW3FjjsdoH518tfFHWb6PxPZrYRyTXEce+JUUswZs5YAd+lOU3GJUIKpLU7b9ob4pW+v2N9a30qXmqXrgyLA21YjuDE4578Y968+8M65p+gaLdwqZJVuJIJmLxs0gEefk3DgA7s/8BFWdI+Dcw0yS7192h1K5Rnjgd8GIY4Zz/eJwMHpnn2z/AIceIIdG1G5t7mxgv4zG0bWV8C6qejbcEHPcH61jzOUuZnQqcFT5IO9i3Ya+LS0mJ8Pwm4eQk3DPxt9MZrJ8UWdx4htjdG3toHXBCRqA0gA9aibUWuLYQbcCN25zndz1/WkuobnVYobWKTDSsIlXHXJ5qW09xxjyu9jp/CXgLxErQ3+iD+ybea3SZ0a8/wBIaMg87owGVGI4XOf519G/D74bReJfAFn4c1zUf7VwHn0y8Z9lzE2PnWM5yNowdrH5hn+7xw3w11+DwhqNlY/2dHc6PFMYmgQbJMcjfn+JifXrwPSu41ywt4GnudFuzLbxTfarOaJirKCcnH91sEHHYg11UYKK8zhr1ZSlyvRHBv4PuPA3iCXN9qPnQsUBkmPA6ZXIyOPXtWj4fvrTwHfDWNNlN3dujxM7SSltjDDRzQuTG6EEgjkEV3l/r0HxC06K0vmiXxBFEGtrgLsW7XHMbHoG7j3OPr5tdQfYnZigUg4dG4I9Qa1krGMZt6S3PR/CvxB8MNpcmiajpUUGhXDmQQWcW1LRz/FEPvJ9Pm9sDg+efGX4MyW2jXesaNAfEGnPbvJa39sMyRAcgNj36/j0qtFbxXsMsltFGzR9Uj4kx/WtvwD4+ufDE0kNtfobSc4msrxSI355P+y3v+eaLqUeRk+9CXMjxTwj4dNzo+m3bW3l3EKNluAxycjB9MGusttV1ewGI3W5THMEwycf59K9V8XaJo11PHdaHbvHpnl77qGGMH7Kx6sh/iTPOB0JOPSuM1Xw1HaujC6juLGQ4ivIPmjJ9COqn2ODWfK4bG/tVVd2cxP4lsrgkXWjRGTodh2n+Vbnhz4gT6TD9ns7e5nssjNlM3nRfgp6fUYrM1fw/eQ4LQi8iI+V0IJx7HrWBJpksbZRXVvR1wR+NJSa2HyxPSPEHibSPGt2ZryC+0e9dBGzNCXiOBjOV+dT9d49q8y8W/BrWGjt77RQmoWSyfM6uuEGc5OcH8Dg+1aVpeXMJ2fb5rV/7swLKfxz/Stm01LXbZ1eJ4Z/RkbaT+IIpv39yo3pu8TD0/RJdJ1m41GK3HnHJMcWEKHuQuM1sL4nhvXAukZJRx5m3J/HHWtD/hKr1cLfaILiPvvjWT9cZ/I1ENT8NX8oE+nXdlP3eHeT+Wf6GmlbYltvWRTnb7ZD5UZDqTlCDnn19qyrzSWt7tJMeRcIQx44NdhE/hglYhq00EvQ+YHDfU5VR+tM1LSdOmaIQarFfRtnL/aokMY9wW5/AmnZExlbYt+BPE/9kxyQ3MSXOkz8SxSjKxk8bh7euOfSoNdWxtfEivp03mxTRMHhLAsjKRgE9CCDwf61YtPh1HfoRaXllOf7sl2F/nxVG9+FXjC1CywWqSRR52tFcwPwRjp5lVqibRbvcq6lDHdqEu5QndI0PC/7THuPyFc3Hq8sFvfxq4ktmYMuegZRww9D7+/pVvUPD+q6bcLbatbXcCHBdi8fze5JOPwJrPk0ZGneL+1rW0tf4RcTB2I+kYasW7m0Uoo2PBniKJ4NYsdQgafTJrZ5ygXcsMwHyyD+7k8Z/wBrFVbzSjr+jzfYXaP5A5hbmPG4flzgfjVrUNS0seHX0rT7ia4ThjHZwFVdh0eR2ALEE54Hp0FZOk65LbwNaLGkVvcAK5UnccEEAn03AH8qUnpZmkLJ3Rn6hbX+l3rzxk2zkeajQsV2nGSAR/nitmbxhq+q2SR3eo3N1Ayj5JJCwP19aibWGsQ6M7SRrk7JV35Gc4z+OPwpyatpU2z/AELO4cbRgflUGnTYoBWlJYAnJ7CrF3Yiz8lXP7x1yR6GtD+0RHxaWHlsOjMMgVRlk2ymaeTzZ/7g5AoFcplMHjmmMNp54p/mYJJ5yc0kkisMdc1LGCSYGO1NPWmg4pzkZz60hksbEqATnFMnOMCowxU5FITk80AOHSmnrTqaetABUkJ61HTo+N30oC4UUppKAFU4OacJB0waiJpVGWH1oHcnooooGFFFFAFilXhhSUDqKAZcgIWQZ71Z6VSBw2fSrmdwFWjDqV97EdaQjHfNDjDGkLdM1ZAVbsIGmcJGNzuwVR3J7Cqo5NdX8OrZLnxbpEbjcpuAcHuRyP1ApAjpPHkrQaO2nhT/AKK0Su3qRCoH65rkfAt+ln461m6eBXMCxxCQj5gvl5IzXQ+INTh1XxT4nsbe2S6F3mCGZyQY3jdPmXHBzhl57NXHRo1lrEsIOPt68MP+eqLtZfxA/Q0MuOiZqeI9Sm1zU8Rj95cvwvoO365P4V5r4p0e10640PxRNHJAt6paZVAIVQdiuFHX7vI75xXod5N/Zdu0ynZ5QbL91/dnJH51kWOjHXPhzZS3X71IXORn7sB2qOOwyy/rWclzFU5KOr2PKNSnt7G+LffgnxMohOdwJ+YA/UGu8+GfhyXxj46kttLjcx2tvLcqMfNhVLH8QmT+Brh9b8IXvhTUjp98rCKQ+bZXYOFb/Zz2J5GOxr339lCV/DGpQeLZ4WkgnuJISG/jgKtHIv1KvJ+dRBOUrHTUlGNPmKOraWYtQd4x+7kBKgn0wSM/Q/pW34X8QPp+oyR3shfTtQOJnY/ckPCy/ieG9xmtrxFoJtrfVLdRuudPlLDA5IUlX/NSfyrzq01+E3b2sqDyAQiTk5Usc5B9iQOfXFdjXK7nlpKcTrtWsZdMuZrR8kxsWiP64H8/xrSvzZeKdAS7iYpq8WEnjY/fbGNx9zjr61I6Lq2iwTsTJPZYR+csUHTPrjH5e9c5fqbec3tqdobloweDWi38jFrm+RzMxeG4LxSPZ3cJwGX+RrP1DULhp1uZ7ZZXP+sKn5ZB68dG9xW1rm67/wCJhbkyFhiWNuTxxmsy2uIpxtU4J52HvWTXY6Iy01Og8Ka81nEz2l1dNakcpG43wn0KnqPcflW+2kw6pHJeaZMHEnFxbxNtWQd+Ogb2IxmuKk0iWJBdafIVuF7R8bx347/Ssuy8Z3en3Dlol8zPLr8j/TI6j2IIp81l7wuS+sT0ibQ73RNON5AW1XQicNNGpD259HXqh+vFS6f4cvNdtWudLC6lGvDRRkCUf8APJ/Cl8IePvPBubaQLctGY7qNhlZF/uyp0Zf8AaHT2qVtMuLfUn1DQN2nXQ/eNab/lP+7/AJ/KnzLSxjZrRnO6jpdurmG9tvs0vQrKmxs/jWYfD7WuXsrpol67G5U16HrXxR/tfRrmx8QOICBiSO5tll/FSVJBryqeLS5JS+m61sUn/U3MZCfmBgVcuV7FR5rakuoavJqaRg3BE6DDLC+xyemR/e+h596oT6Zq9xBuVp7lByUOd4/A9fwzW/b6pYiILqfhazvY1GDdac5jY+/G5f0q3DrHhwD/AEa8vNNP/PG7hMij6MmT/wCO1nbzN1oec3KSodkwkDLwRJkEfnS217FAV3mXYOCI5CPxxXoEvi22y0dyIr+DoH2F+PoRuFYl3deHJpAAPID5/wCWR+X8CB/OpcV3LU+jQ230nTNTiXNwzA8gSNj9cU+TwVGpHlkOp5++cVzUkaaZeGeG6eWz3cgIen4V2vhPWNO1ESQfbjbxsPlEiE5Pqpxx9DQmtmTLmSujFfQLSCYJPDtbP8THB/HNaP8AYFs1uwit4RnkMBk/nW7PZw2gPnySXidjBABn82/pVCHUtLtXLLZTwyg8GWQlT/wFQP50ctyFO+xi2dsYZ1IBjzwEUZZvooqlr1kYpTLCipbhdxY9d2QOv49Kv3OvXEjyKksVtGxOfs6BWI9yOT+JrP1VlvdEaGIsqxsCM85PbNTLY0V7lK6nS7QOpw+Nr/jz/Q1nWEU0oSMgecG2qQ2M+9Ps2VxId3DqMLj3z/U1V82WK13oPnRtzAHkrnqKxOqxupKzYDu4Xvg5xTSBng5H0qvZ3CTx5Rtw6g+1T5qyLWBlGM9aiqXrUR60mMB1ozxQDg5oqQCiiigAziiiigApV70lKtAC0UZFGc0ANp0f3qbT4upoAlooooKCiiigCxSZwRS0U0DJxyKkjk8oc8+1RjoKWqMh7NuJIpvWkIxSr94VSM3uOUfpW9oDtb3kcqsUdd2x1OCrY4P5isMhQwwcg/pVr7U1rZTzLjdEpcZ9cUMQaNcXUU8F1bu26GQOzZ6kt3/EV0uo+GryfV2+wrDIZLlb2KzlJRo5P4tkgz8pOeCP4jzxWF4I8s2d2kzbtjJKx9VHP+P516Y92bP7K4VWcShUZhkgN6U7XQpPlaPFvEurXd74f1VWgEEiyAApLv4ZgMdBxg/pXZ/CNItbmbTJMKNS0eaOJMcblYHH6D8q43WtTB8QT22xPIu2ZGXHAZWJBrV8B30vh+50S/UYexnkhI9RncfzAx+NTHSRs/gsi18Q9Fj1rw9bw3m5ZIJDFI/QqwBw35/zNd78CYf7G0V/B+qz2zyMXltVibJxj3A7gmsf4rQTSandGGIx6ddmK4SZSDujYHcQB0wQ2frXn1h4m1LRPEFpqHmmWSwm2o2MZA4x9CP51vpGd2cjUp0+VbLU+gdfkji1W2u5cATp9mu1I/5aKu0k/wC8u1v+BGvHtYQmyh8y3WaI28dvGV4z85yc+vT8q9M8W69Z6xDBcW/FvqNkkwfH3HywB/8AQlP4elcEZI9d8JtbxFReWCbnRepAIDH8DhvxpyJptpXH+G9UmsljVbgNIq4Tfx5qeh/2hxweenrV29lhYvJb/JbyH95E3WB//iTXBPfS2t8kjuDHI2SW6K/TP0OcV1lvdrdwqzHBI2+Yeg/2W/ofT9EpdCnGzuipLIbXfgfITlgvVT6isHVbJWP2i3OVY5YL0B9q3dShlsJ4xIjIGGN3X6VRvbSRI2khG9W5eMd/cUnqVaxzNn4hutLv2XzW8okEKSSK6S60i38V2Ul1agR3iDJX1+v+Nc5rNnG8aTKeHzk4+6w7e1aXhq6k051vrNzPBFgTISN8YPXcO6/7Q/Q1mtXys1a0utzDguLnSroMryW88R4KnBBrv9H+KMiWohvbQTSr9yeJtjD3wP6Uzxl4dh1ay/tKywshGXC9D715ykstvLh8jBxnFRJcjGnGqr2PXb/xHb+JLEG8sQ6chbyAjK+xyMfUfoK5SbRbefcsQjdf72zafy7Vn6H4hn0csbeTYH6qw3I3sR3qe68UWsswl+zNYzHqI23Rn3HdfpzVJ9xcrWwlv4MluSxt9R+wSAZUsxwT6A9qhistftQQ1/DdJ3WZdx/MipBcSEmaC4LBuSF5H5Vu2t9anT1MVvc315jLxqVVR755J/KqTixe8cxd2kl396VYJBwREAVz+Iqi9ncWx+e8lkXuI4xn+da2o3i290Xa3kty3JjcfyzTGuobpAwDK3oVp2Q02U20+0gsPPQSSMw583qD9OlYskz20ocPlDwT0xXUwqsiup+ZCMFelYV/YmI4CllPfB4qJI0i+52vhrUprzTRbtMGbH7uYnJB9DSS3+2NhfovmKcEZ61x2mzT6VDuDY2H5vYdq3tT1aK++yzADfKnzgdCR3/GrT0MZRtLTYpzXNuZGZLcoM8ZPBqpHeG5SUkKrB9rKvH0q3NYySHzQAVAyFB5Fczqc5s9dlhjG1NqtjPBJzms3e1zaCvoTWQA1C5tv4wNyj0/yKnEfmxxhMBwDj3z1FZ+rTC21+3u4xhJo1J/L/A1eWTy/MUHLAl19cdayRtbS5Ss5fsszRnKqO3fFbEdyBgP36MOhrPvEW9jW5j4fqf8aS3Y4CNweq+h+lVcGbNRN941HbzZULnj+VSMMmncgMcZopA2Bg9KNwqQFooooAKKKCMHBoAKAcUUUAFFFFABT4upplTKNpIHtQA6iiigoKKKKALFFFFAMnHQU4daaD8o+lAOTVoxuOakooqiGOVsEVJcuDpt1k4Uoc/lUI5NNvSf7OuVAyWjYfoaGC3N/wABaVcatqU1vZxmWWW1TZGOrE7QAB3OSK7fWdYtm1W60a2Ym/sIklO4fKSMHaPfp+def+E9Zn8P3dhrEC8W62/zE8ZG1v8A2Wtv4kziw+Mcl/YkG1vUj2hehDIDj+n4VSaUSHrI4DxHGIdWku1AZIrhyoY/eXPP6EVpabMLZ76yVmklhu0uImb+OJxkH8OPyqH4gWwWWeWHHlecr/L/AHWGD/7L+VU/Ecdzp0OlahG4inNrH5m3kGInKN+G3msnvc6Uro9M0bUItWij0y6clRGyxFucKQflHtjafqD615yI44mu7OdiJGmCI3YPz1/LFaek6o0bWt+uQUlIZD/Bycp/UfX3qDx3YRR+ImkHFrclZxt9D1x+tW3zK5lBNSaZf8KazcRWlzpM27zFUy2qyHG1wNxX2Dfz+tNt9YS1vLXWrLaCOZIAPlmQj50HuATx14rKkDsqXyDzZ7ZtkjD/AJaJ2Y1WtxbQvJCci0uW3RAnARsklT6Hup74xTUm9BcmrZvazbRebvtEFxYXKiSEk4yh6qT/AHlPH4e9Z+lX0thO9qWPfYHHUDsR6j+tTaHfnSJHsrzNzplwcpIBkxv/AHgPX1HccjpWlrXhx7m1juLZ0aZRvR1bIkx05/kffBpNrcrk15TodNlt/EWmfYp3C3CLmJj1H+IFYaxTadO9tcDa0ZwR/I1lWc7vCs0RZHUnIHDRuOorpkf/AISTTFeV1S/iyFk6ce49D+lapmFmtzmta0jINzAA0Z/1q/1rnbG6l0bUFmh5aM8oekkZ6ofqK7O2vWtbkxTKUkB2sG6VB4i8KpdQNe6evzICzwDrjuV/wpNdSouz1IvDviSW1EUUmWtG6x4yVFReMPDYjb7XafNE43BRz9apaTJEwMchCykfL7//AF61dN8SI0FxYSBt0JBQkdP/AK3NGj3G007o5GyvI4QyTxFo+odcbl/Dv+FXnsTNAJYWSaIjIdT1/CrWt6KkVzHcINsbtuBUA7T6YrIvnPhi7inQFbaRtkqLyhz/ABD0+hrFnRvsPgt5FDPbMUkXny+zVctNSlV9ys1tcr6HbUcxEcqTQn924yrD+VTTad9s0xplb99Ed2e+O/8ASo6kuyLi6vNdEiaRpMjJV0D81C0FvJh2j8o/9M8r+hqto0cly8kfmiOdBlfU1WvTfWN5tunLxufQDiquXGKehsXNrD9l3iSUIByyjeB9ccj8ao2/7xgi3Uc6n+B2x+WasyXh0Rbe9BSe2f5WbbnB9D3H51Zd9E11t9ovkTkZaEYKt7juDRzEyhbcgvNPjfb5KMoxteJzyfoaxYpltLlIGHzQMeo5K1082hzNZM8E8d/BjmSPiSPHZ19R6/rXG63cMdQSVuX2gFh3xxT3Iirux0jSbJTtJKkfpXHeLF8rWreYHh1Kn/gJyP5100EomghkHQgCsLxdAZI0mH3opB+RwKcvhsVDRlPV7ZoraxLNv27efYnH9RTxcmO5tWcZ3AoxHqOtWdetzDpEYchmVduR+n6gVn30oiVJP9tJF/4EKztY3jqjR0eQRvLA44VjjPcU68V7WYRj/Vk7oyex7inXEIidZh0ADA+1W50W/tcA89V9jQSyGCdJ5Y3T5Vf7y+jDrVx1wayYABdoFGN3JA7MOtahOT7jqKCRCKbT6Z/FigBw6UtJ0paACgknqaKKADjHvRRRQAUUY4zRQAqruPoKlX5skdKhqaPhBQA6iiigoKKKKALAGaDxU3lqP/10yRPT8aCOZPQeBlRQoyxpF4UU6Pqa1Wxk9WKeKKGzu9qKZIU8jfFgetMqWI4U0gEiu1j0eC0CfdkJYn26D9a63xpENZs9E1aNdvnWCtx/DLA21x/3zhq4uUeWxB+65yPr6V2Og3a614N1aJIxHc6HdwXoiDFt9u6COYj8QCR2pxSasTN2tI5+/tftMGrRSr/ot1GTHIf4HKl1H0zkfhWXps8eqaD9juVb7RbqYJV7qucjHt3rqrWI+fLpkoEqOGhUH+Ij50P4gvXOXtmLjVF1SyVy8QMFxCAQ4A4V8D72BwR14BqJdzopNN6mX4YupIbuTT7kBlC7H4+8R90/l/Kun1DTpNS0VoiC1zYfPC3UyQnt9VPH5etcl4o024tXTUbYlZFUeYB3Xs3viun8O6jNJp7uZWmJTzEkTkkY+ZR+Azj2pKRU4dURaUi2zRMpBtrhcKc5wR1U+45/DHpVDUNHuLYzCOJZ7KTP8Wcd/r/+oVato1gFzH8slvIPNVUboPUe1Mk16RoVW3TgL8zSn/OaQrNlfTLvZN/Z92Nyy4MUuR8/sD0yPwP8q1oNSutCkRc+daOeAR8p+h/hP6GuRuY5dWOxUaQdST8qg+2K1bG9bTLUW946zRsAA6ZYcdmB/mKdxpNbF6a9ja/N1HshMmBKjZAb0JH6cVchEzyNc2OJGT78cbZKfVfQjv3+tZOwhtoYm2b5hhhkf41raRqFvp8sEkUi2txC2Y7osARznaccEE+vSkpWeoSg57Imn8rVLVZopM7cK25smL0DH+77np9OjLPXZNImMd1GxReC3da1tT0+38T3s2seH8walFGxvNIhHDf3pIh3Xgkp1HbI6Z2m6za3Ma+Yii5j4HmplWGPusPSt72Zz2urMoa3oTXRa+syrq4DfJwD9PQ1ys9xLBfC5IJfpJxg/iK7Wy1ZPDOqIkyk6RfMVRs5VH7xsezDqPUEdDVvxZ4IJjF9aDzIpBuBHcf1qGr6o0jK25Z0mxsvFWgKYn8u5VcHPQ1yOv6W4sprG7UiSP5dxH5H8qg0XVLjwjebncrau33iPuN6Gun8Syxa00d1AwYSQj7pyOpyKTs0Sk4vyPOdBuWhiEErEgP5bIf4WHAI9j/hXbaYqy2D4HQ7WAHUHj+deeTgx62yD7uTJ17hAf5gV6BpEhMOoSY4+Xj3zWUOx0VErXMBVltdRiuoVJ8lgXxzlc85H0rt76xg1qxKxKPM2mSIkcHuRXG6zcy2cV1AhIMz7TjrjrWv4Q1ZrrShhszWjYA9R1H6ZFUTJNJSRk2q3Dw3NvJiSCRfmi24Iweo9xzXOzW8lhesqEqFIKsD2Peu71GOOLU3uocCGdBKMHoeM/zrkL2PziZewZoz+fFQzfmckmT6V4tvdE1OB5VFwvXDkgsO4JHWt3xBpFl4pt31PQslVG64sX/11u/fjup65rml8q90943+SaLlWx19v5/lSaS81p/ptjcNa6hCDiQHhsfwsO4OKuLtuZOPVF3RS32Zo2PKN90in69EZtPuSBkqA35EGtNWtvEOnprtmn2eQtsu7ZeiSd/wPUVR1Rv9DugOS0Tfnirtcx6lDXV83S5V6kZx+AJrmdUUNbW7jgiNfwI4rq508/Tiw7ru/SuVkIawKkZKrt/p/Nazkb09DpLSVbqxtu5aMgD145FOg4iGfUDP9axbB5T4fDRn97by7h+B6fkTW/ZyRXFkZcZhnTP+43r/AEpJDa7FIxtFqahTwzdx6itCZGjHm4yOjY7iqls32q/jQYZYs4Ydz/8AWrWuWXCxj7o/U96oze9isCCAR0pajjOx2jPbkH2qSgAooopAFFO28HjnFNPWgAAzQDilT7wpD1oACc0UUoUkcCgBFGSBVimIm0Z70+gaQUUUUDCiiigDQpD0NLSHmg5xqjinp8p9aRRilrUBzvuGO1NoopiYVJCcbqjpyHB9qAQ6aFZ42RuAe46j3rT8FX50TXftEmJLdoWhukH/AC0hbhh+RNZ27mtbwvaream4YgDym3Bv4l+6347WJ/ChKzuKesTOu9Rn0vXLeeRzJFbTIrsO4BO1/oQWFX9afS9T8QXbaVfNFDbSiJpVA2yuysyle+OCDnpx603xBp22wsbpcfv7F9yHkMY5GVx/Jh9a85S9bT9VLrloZlXfG3cYI/PrSkxxXMro6DUPFt9veG8tYm2H72Mlh74H86t+F9YgZUgjBtkyWSMrjDex/wAa5u91lJLi4W2cSRB22kcgLk45NZ1tq8ZlzvO4MMnBGT9ayvqdsYnf6lYMszSwbYnXLocfJk/eGP7p447HmsS4EYBVozDKPvwnqp9R6iul0+4TU7JCXPmAZ3Drn1qPU1FxBDb3Vuk6Jwjn5XUegI6D25obKUNTCMaCMsJRFGBnJNcpqeoSxXDOAwgVtoOfmY+2OgrfuNLMs7o7yG3DZUADgf1qOewSS7iLwhI4/mAXp6c+tQpXHy8upR0maSd1WTzWI6eSPlH+8WOD+FWJ0LSSvuW88tcbjEqxj8Dya7HTdAsblUkLYhAGATgsfetCDSodJuGMMdhPDI/mZmUmRT7HkY/CtEk+pn7SSeiMLRZtTubW0+wn7JqMBDQXcC7CxH8PH8Xp+XpWz4psV8UaGPEWmgW19bsIdRs0JA3Y/wBYAP4WIJ9jkdMVX1LVQY5ozdKkIO4wQDgH/Gr+lxXOpWs95ZzoJHiIuEHHnAHJP/AlBz7g+taJ30IknfmM/wAMaIniHTrjT7lhJHdgBQ4IAlH3evc8jn1HpV7wjfar4ani0OaVdQ0uVm8pLgEPGf7u7+hq9oumGxvVtfN/dsoWNwOcn5kbPqOB/wACatbxDZ+ZeSSqh3hlmAx0JAbj8ai7TugSTbT6mJe6VpfiZ5oYnCXOSrWlwQrZ9AejfzrjNW8Pah4JfzInYWobmC4yNv0bpXSeI7CRL1rqBD5chVyqdUbHJH+FZcfjG5tori2kvBPCiktBOA3T2Iqm1LcXJKG2qOLEHnai80gMZlKoVI5VSwH543H8q9D0eNYtEvZSOWYYPqfT8zXLRyw6pcrIsDQjbuEcQUKW9cAfh+Nb8t2bHSUg8ucxsdytHGCc9fWs4rVhUd1ZmFrs+WlCqSS5VGXqSBj+dHhKdbPV4bdTva4Xa3P8Q5H9fzrM8Q3hjNssUVwvlk8yx7T/ADo8J2t1JqUd0AYiHBUnjjuTQaWtA6jUWNrcX0Bx5apvjz784rmLe4DwmHAIJPzerZP+FbXjsTvdwrb/AHmXBYd+Tj881zMExWeKN9oaMkEjvzmiwo/CWbK2ZxKDgq58skepBK/yNQaa2y4mifo6ZH1rTtwN7+WcgzoR7YDE/wAxWfNatDCtxkAuSo59Mf4/pQMuaFft4fvJZthexnUxXUf+znhx7qT+Wa0dRRTHJsYOpU7WHcY61j6RfC51CKPYDHKGRlPcEVfsImhhuLJzuaDPlk9WjPT8v6VSbaMZr3rjI2/4l657oQP++M1zsUQ+0XcDKSGj3qe3JH+BrpIk32FpjnKqDj3XH9awZxLbXUUvlMySQmNvzzSl0HB7iaA4IurM8OfnA9fX+VW9Bk3Xd1prytGrNuVQOuRzg1i3M7WWpR3ceeMN9QRW3dWovI/tlqds2FlicdjnBB+ualO5u1YtQEWc0tsQVQHII6irsJLOiH5j2Yd6rLdpqiRX0Y2Sj5Jo/wC62OR+dTwW8sgZo28qL0HU/SqRzsWfa9+SnKquCe1OPWl2xR/u4+ifez1zTT1psEFL/CaSnAcVIDcn1ooJ5pV6UACjBBowcnilpQcHmgVxqqWOMVMBtFL0ooLsFFFFAwooooAKKKKANCiiirSOcatOooqiWFFFFMAoziiigCRBlgKv6HqI0nWrS5ILRo/7xR/Eh4YfkTWeCVOR1pUIB5oDpY0Nau0utF+zHc9tb6hJHETw3lygFc+/y155fwyzwNdLGwUJuz/dwSf5oa9EtNLeZ7iO4dGtpUjmjQH5tylgGyOncYPqK522i3axq9g77ImmltxkZ2jLkH9TSmtmVD3UU10uwt7dQI3EDl1kki5bJPyk9egz271EPD1uqsLYHb2jcZ3Hvk8VPfWcwtNo3CPdu3joBnH+NMtLSdoEQyOjM4kGB+n0xisJtp2OylrG5reFLNop2hyfJRztzzgEdPzrpLu2IlUA7lB4JFUtLsvLmZgGVn+bjpW9b27yujbCRjkmpexunqZn9hMFL7ApPIyOBTv+EbVot7RguevpXVblAMbrgYyGI4pYYxPGSuP8ags8z1awu7QKkThNzgfKB8oHNLLatOsLF1VsgMVxu+td7e6BBcylmLKw5OKZDolvCOm4+pAouLl6HK2HheO5gdZlfO4hJOhI7Gul8N2NvpuqKsecB1Dxn7uD1x9auBI4mGRgD0qvYHbq9zKORHGrn8NxH9BWsNWRUS5bWJbsbWUqoUxhVP4D/wCtWx4ibOukKditDGSvuUB/rWTaQm7mAfJjzvc+3+TWl4mbfrtxIcHYFjwOxUAGtOmhm43kl5GHqQVFIGNqjnd6d68q1uITWMbToDNKiEZ6jd/9avQfEd8k8D2iv+8lIRynVF6sfrjOPqO1cBr0zajdLEuBIWDMF6IMdB/Ss9S32ZteA7UXc0m5f3JUojt2HTOfxP5Vc8Q6haNrCRBligi+WNT/ABYwP8KjvroaBpNvpUP7qYxgzuv8Gei/hXnum2DQXDahLcNdKkpDb/mDevWqb5VymKhzy52dpqIhmeMM3yhskhvz4qP+2o726h07To13EqHkHU89Sa57xNZfZ7SGewlK2VwQGj/uk8/h3rS8EaULJp79iVhUYBY8Z7mpRbXumh4x1AWl1HFGAzxqrMx9ua5SR1W4uLotuLsxUY6k9BVfVL6XVdTnlySXYnnoB2/SpLayWKNpjl2ztBPT8KfUcUlE0Imm8rEY+c8sfQd/6VFrd6iaSiRod0L7S5PXjn9avWNmTF+8XllLf4Vz2tSn+yivQmT8+tD2IWrLPhGQS6jaZ4/eAE/jXW6tbNazLcBSXiJVx/eQ9f8AGuF8NTG3uUfHAYD9a9Y1qBQd/YoH/Nc1dPVGFd2lochpN5H9p06IgeWVGSOxU0uqxqumwuORE7KT7VWS0NnqMIUfu1lcL+eR+n8qv6zCw067gP8AEhlT8+n6UPW5OzVjldQspJbGCZVyhLRA5/iHOP1qx4cnkRJLOVGViCVByO3T9BV7w7ANU0LULA/60fvoiezD/EVhw6re2MqESnaP4WGeQeRWdranVumjoktJILhbq2iTZMcT7yQF4yD/AErSW7SRVWEjy8feHeoraZNVsriKYjypY8dOn0/MVhaPd/Y5m06Vv3kbFVYcbh2rS9jC3Nv0N50Djpj0I6io23Rjn5h6jrTpA6NlDuUjcFPWo45xKShwG/nRuIcG3DIqRDkVAQUwR071NGcg1JI7FFFFABQaKDQBNRRRQahRRRQAUUUUAFFFFAGhRRRWiOdhRRRVEhRRRQAUo60lKvXrQAtKOfrSU5eD+FAHR+HtNkmt725VlESqqEEZOSGIwfoD+lcikCS+IJ337llnRiyH+JowT+ua9B8KSCPwtqsh52yxcf8AAZK848PW4UWOfvSzecfpgk/zFOWyCPU27m1RbMW+PkMbQOSf4skg/niqulWrTR2auSzhVOT7dRWtEguYNZhYYki8udD/ALJ4P6gfnVOym+z6jGpYFXHmr7Z+8Pzrmqb3Oug/ss6HSrYS6iy8YwQVPvmugt9InQbgoCKccntVv4f+Ff7Wmu7ycOsCDasgXhm6n+g/GuqvdMEUuxY2AXoVp+ZrfU5X7ONoXOAO1LJGI87QMdOlaTWmGZ9rKQM4aqTjls881lLRnTDuZ7EnJPeo2GKtmEAk9vSopLcGRW3HGOlSa3RRuVEcRYIWPZV6mqmno9pDN5+1Zbhgzgc7QOi/oK2Y7fd7CmT2sBbDMc+oNVqloYy1epJpkigtdPHm1tB5pRBzI/8ACvPUk/pmsySaK6d3kknRpc7g8RBJPXkE1fuWYwJEgxbIc4XqT6n1qjP8keYwMDr61fNayMndu5ynigw6buW3BZ5EAeZh0A/hUds45J5NYPhvS1e7a5m/1cX76Vj3PZf8+lbvihBLsUH5zgBR3JNV9TddB0NYFHzv87n1PYVe7uZtW91HGeJdUe5kup2JVznOT0rKs7jzNKgtVj2lpWcHPLADk0k7DVp2i35QN85/U1r2EAXWdNURgBZFQKPQkcVl1ZpsrEulxC+0q8snbO1RKnHQ/wD6x+tR2qNeItqJHSCNcuAcDH+Jq3oMbReIbqHBCeWw/ANioLiT7Jot06fLJcOUUjqASR/IGtEtDJ6ysY0sUU1yXt08uMHaiA9e2auRo17dxWw5jj+Xao4yetULSZY/M/2B8orsPA2iCa8geZSQ7gn+poiruxNSXKiXxRAmi6bbcL5kgcMffAxXnmsKTpkGc53Z/Ouv+Jmp/adaWzj/ANXbr83+8ef8K5HWJBLZRqhyuzIPrRJ6lUtYphoxGUHXBya9XST+0NKt5R02BTnnoK8d0oNFGG716t4NmFxoGCeVkx9OBWkOxjXV0YU7/wDEvsLg8srLu9yAVP61oagouLKGVRkK5hY+xAP9TWfdJiy1S3K82twxA9ifMH861UAbw7cMBny5UbI7jOM/kadtWiOiZx3h+4OmasrNwFfa4z/CeD/n3pniWwNvq99AFzhvOTHcHqB/ntVi4t8aqjcbbhMc9M//AK8Vb19GmbSdS5JZPIlz/eX/AOtWe6aOi+qfcqeGLwSWRVs5QlW+hHFUvE0BiuUuouGTGTTbOT+xtYkjJ/cTr1H6fka2NYtTParLGNzKoOD3HcUt0S1aRd0e9j1LTFl4DrwfbPX9R+tR3MWcOhww5rO8BXQsfEH2NuYLxSIy3Z+w/p+Ird1Syazu5VXgH5tpHUHmn0uZyVpNFZJBKgYDGeoqSPgkVUt32zMnrz+NWgcGgnYkoJxRUbjDfWgCQEHpQaipyv0BoAs0UUUGoUUUUAFFFFABRRRQBoUVGJMuB2NSVUdzCzQUUUVoQwooooAB1p2MU1etOoAKQcn6GlxmgDFCA6/RpTb+A/EUqjLbokUf7TB1X9WFcna2nka7PAowlofIUe/f9FFdRokH2zwdq0ag7xd2Z3AdvMzj8wK5zSbo3t1dXZUI1zcSTFR2ycD9BTdmkEeps6Np883iFjt/cXcMluD6kJu/Taaw92EhZsHy/lzjkc9f1x+Ndb4eu1g1qxZ87I5i3HvFIv8AMiuf1CzNtJcKfuiZ1HGOjFT/ACFRJXRdOTjLQ9T+GPxWsbDw5Nplzaok/mFgwbBbOPb2q/qvxL09X/1UiIp+baD/AIV4TJF9lPmqSFJ6/wB0+tWbS5m3DEzYB6Nz+tc8pM9GCW6PRP8AhY1rrFzNHDbXChON7xFQT9atadM90m9u/asPSLMXcceG3OcbsV3dpoLQW6BCuccg1mayujIdOoNRsmTxxitK40942YtkGqUkYXPrWisRcrSSFRtXj3qFvm4IyfWpJuDk1XZieRSYiJJDHNt5x3qM4WV8HC4Oc9Kc4Plbh0zjrVDUZWS0IUbt2S3PIFUkBh+Sl7eSXcrDyowAFPb1P5DFch491aIwWrRSmSedWYxj+DkhfxwP1rp4WW9jEKZEU9wsS56kcDP61xniTRxB4mvlAKeS/liNjnbjg896bvYwi7z1MXSbRobcgghjyxP8q3/DsL3ev2hAyqSBsn0Xkn8qqpEHZbdDlj94jtXbeFtJWxsb24X7qI4DP7jmiERznbQwrO5R9cvLkr5cUURAK9MZJ/pWNqStKtnaIPmSLznHuRx/I1Prd4LDT50QgSTKBx6dD+eTVG5vI31y4jZwrhVRDg4OFA7dO9O/QWzuQadY+ddBScKWGfz6V6loRi021kv5eI4kwnvx/n8zXFw6f5H2UiNlklPyKV+8W4DfQDJrd8XXPkWFlpUTYITfMc8kc/z61pDTU5qj9o0jzq8le4a4vp23S3Ds5J7DP+AqndBBbwJnAOev1rXaIQyRLKuU2gsD0INYFy6SSiNMlASVz+X+Fc73Z2Q2CBdhdfQ8V6D8P5t9rPBk/N8wP+fqK4G3G8EkdODXZeBnMNzER0JKt+PT9cVrDczrL3WWtQYQa7cIwHl3kcbY/wBrDL/MAfjV3wrH9s0q8snOT5ZTnuVOB/KqfjmApcO0fyyRjKH1H31/VGFWfBt0rapMqn5LmPzk/wCBDkfmP1rdfEc32DB1cNLawqBiaFQ6nvx1H6Vb01l1fS54gcsw85BjpIvUfjUHiktBcJOnCk7uO2f/ALLNZGkaqNK1ZSOInYNg9B6j+YrJ2UjaMeaFyLXrBk+zzjmNl3A+1X9I1AMggkbLrwpPcVr63ZBrW4hUbhGwniI7o3X8j/OufnsNkMNwmdhX5++1hwf6H8anlcWNNNakFzH9k1CCRMqqTqwweVOeR+Vd7qsw1bRbG/8A+W65gmPqQetcJPNIfMjkTzhMg2sOoI6Ef5710nhqd9Q0nWbBjh7eVZ4sj+9k4/z60Re6JqapMqTkrcRkD68VZByPaqiTC5lQgEEZBU9qsxggEY4FBLJUPaiTtTQdpB9Kc/K5oJGUUUUAWx93PqKKjik3LjPI4qSg0QUUUUDCiiigAooooAsA4OasZzVepYjlcHtVR3IkPooorQ5woooH3hQMVR39aXpRRQA3dkmjdxRSHoaAPQ/BVulx4O14QruvowkygclvLYuMfiAPxrz/AEXbAViB+6WjyfZjj9MH8a6/4XaoNL8RxRyn/R7hfLkz02sQM/niuf8AFun/APCMeMZbIKYwmEOTgZAARvoybPxzTdlFMiOkmma2mmQX0ARSxaaJSAOoMi5qbxnE+n6vHZOAGlM9y49Azjb+hrT8HIk00UuBuEoGe44qD4moJPGMJBOE09Mn3Ln/AApNaXKjL3rHGTsJQ8TDAIKnBrEuNb/siSKNtuRxvf8AiA6Gtm9KxTHLAAsBz6msLxBYC8t3ZhuzjK4rmmtNDtoT11NrT/i0NKkUQrEEA+YMMkn61qRftCFGIeIMvqGwRXk6aJCXBKtv9O1bdrpemrcEvCDFhRgDk+prnXMz3UouKPQZvj5ZzKWEUkh9MijR/iymr33lNaPb5GVLfMD+Qrj49DsmuB9njj254bbgmuz0yGKJFARTjgMAM1SbT1OepGKV0dTDqX2hQT1J7CrD4EI/2qzrUCNDK4yo4Ga1bQqI2u7jBQf6tK13OFrUimgMdgd/AJ6nua5TXdVFnHKJgIlzjeSACKn8WeNLeyYLI2+bH7u3Tqf8PrXnl/LNqs7XuosJxHykBbEaD3P9aq+hRt6ZPMdS0uSZfKs0u1k2jvhgM+9UPHspt/FWqxggSm4bn05/+vUtlftfaWgLAyRMd3y7dobkcemc/mK3vG+hrrUml6ta2uLi6tI3lVSSGbcVdvqHBB9AVq7NwZycyVS7OV0WyfzURYzLM5wq+9dx4kmTQfDLWmR50qEHH/jxqrDJp3w/0htR1KYPcPwiqcsx/uqP615jrvjuXW2u7l7lQGHyxgjKDso9qSkooNajukS+LriyXTLa4inzcSxqpt1524HUntVDwIlx4j154lDM74GevfBP5VzsBe8QxKC8jHAAHWvTfh7ap4VsX1BVDTTQMsZ6/PkAn2/+tURvJmk3yxa6naeJ7mx8Out9MQU0+2EMKH+N/wC7+OK81vL64vbiO4kk8251BlcsOwPIA9h0pvxG1OS6ubez84yLBGpkb+9Kw3HP4YFSmHPinRLaM8NEFUY7rnH8qtu70Mow5Yp9WHiZBHDb7SNxURsB2ZeP6Vx1q4Epjc42sVz6c13ni61WS4jZWADEEr9a4260qU310I8Ha27Gf1rN7nRTd4osmDy53A6EV0vg6Xy9RtoyfleTB/pXOLIWCMchgADmtTSZ/s03mgZKNvH4c1otCaiurHXfEUKts11D/wAsyYGB9sOv4bS4/Gud8KXf2S+sizYEE5gc/wCw43Kfz4rV8QX8uo2WpqAHJjS4CjuBwf0/lXJ2Nxm0gkHJlj8kn/ppGdyN+WPyrS93c5krKzOl8W2zCC8jVdzxSNgeoPzD+tcLOnn26Sryy16Xq7Lfy+cvS5hV8Y6NjP8AT9a4Ga2+y3UseMRn50Ht3FZz3uaUpWVjrPDd+NT0eF2+ea0zHIvdoiMH8uv4CiJBpupTwSKHTcHwejL0b8xiuX8O3U2n62io2I2JVwTgFfX8Ov4V2PiK1Jtba9iOGX90+O2On+H4CtE+ZESXLL1MvUtEjt3khiJ2gh4jnp3BFR2kslnDrVyjBZDHAOem7IrUgk/tLSVkAPnWx2OO+09D+GMVk61L9kspQI+LqVZPrsXH86T7ii7+6yVC2oM93Ai28wALxE/eOOeakgmWdNy/iPSpfC6Rak7WDuEknXdbSnu390n36fWs7UIJ9JuWby2UqSJIyMEfhUdC2r6GhSg5GKhtrlLqISJ07j0qWghqwdKKKBjnNAgHBq0KqmrK/dFBUX0HUUUUFhRRRQAUUUUAWKfEeSKZTo+GpomWzJqKSlrU5woHWigcUAOooBzRQA2hsBc0mMZpjnnFIaO5+G3hRvF0l9DC+y6hs3kgJ+6X3KAD7HJqvfQP8QjHcSRga1aIIZ4ieZgoKkEd/wCh+tXvg/q0ulate3ETAeVbtIyMcBlDLn8s5/CubvJpNJ8RtcwyshlbfuzjbL3Gfen9lJmerkzovAVu9rfeSzMVEq4Rxyvtmn+M1M3iicnkJZQLn1+eU/1rofDur6b4mvrd5JE0/WQR87DbHKfRh2NReKPB+tPrF1N9h8wNDEmYnDAY3c9c96pWtYzvaR5Vr/N1bYHV/wCQNVZQrAgckdRW54q0g6dJb/aJoxdFji3QhmQYPLEcD6VghhHPK2cYUHn8aytaR0rZHOapbmKcbUDAnpkjNaNno6zbQsYVj2BP9adfosk52nCsMj61a0LVFtJ/KucLL2Ynhh7VhJK53wqO1jd0rwoskEbOQvoqnOK6aHR1tVQIMjpj0qHTNRtjAVGR7LUur+NLHSrUtJJllHQDNTZGl7l7UCttbRQkjI5PPFcb4q8fLbRm1s3Esi8ZH3VP9fpXF+J/iXLqUxRWMcR4Cr99v8BWVa3sIdJ2GCM5I5/L3qrgW7O3meaS4vXLysd7bzz9Sf6U271pWGIzvQnAJHy59vWqWoaqLpvKEfbhGPyr7n1P1q7aS2GlQC5nvI5HIwG3A4HooFQgL2lC4W4VlIghfiQzdZBnkH0FexaBfRX/AIMvrbSBHqepaeWubdJjjzFOBJF68jB9yQa+cdb8ZG8/c2qskOeSR8zVb8A+MtU8I63HqVpgoOJYpAdsq9wf1rWFTldjlq0uZXW6KfjB9R1rX0upZ5bmC4BNuXGBGozmMjopU8EevPeuZubSSCfYyHJ6Aivfta8PnWba88S6ZF9t8M3+JrmGJQLiym4ySP7w7nowOfcczp3g4y3DSSzW0sMZDR3DNtjx1Dc4wfbqDUSh7xrGsuUpfDzwt5ZzdYTK+dOxPEMY65PYmtSDxDH4l1O5+yRpDawGTYqrj92ijDH3J9ao+JfEtjp9uNHsJPtkTvuvJV+Xzz2UHsg/X+dfwOmzT/EE0eAY7UIv1Yn/AAq72aSMmuZOcjFithqEizS5YySSFjnngcVNqepvDqWkTRnZLbqrK3X0I/UGjSSUtrd8fL5hH58VQ1oFLfTrhQcGPGfdWPH61Kdkbbysd74odL21hvo1AR13YHbmuL1C4kh1BZYyQJYwcH3/AP1V02gXaat4dltAdzwcfMf4SODXKasCLS0bo6Foj9QacrNXJg7e6WJJs7ckHI6irFlKDJtzyRisG3mLryfmFalk5Zgw6qcGlF6GrVzqfDVwf7esop8eXKpt+enOQM/iaxtQsP7Jm1Cywy/ZZt6evynP/oLH/vmpJ1e1uop17EOPY1vfEWFV1a01OFd0OoWwkA9WUEsPxRjWkNmcs1ZpGhYgfYICRkwt1Hdc5B/mK5nxLZCKaTbyYWyPdf8A9RrZ8JXYvNNtBn76m3Y/7Q+6f8+tGsQgTBnXckqeXz2YdP0/lWkleOhlB2lqcJcytCY54zgoQSfavQNCvE1zS5LXIBmTC5/hcCuAvGFpK8DLkdge61b8H6qbTUGgZiEkxtJ7MOhrKLUWdFSN4m/YXP8AZl8k0ikQyk210nTa2cc/ofzqXxHYGa6jiXiOJMIfUYzn8c1c1GCO6VrvACXQEcy/3ZQOD+I/WoopTdWPlscz2vyk9yvrWltbGF7Wkcvp8skDtbhtkqHfCfRh0H4131/Mvi3QrfXVUC6x5N6gHIccB8e/GfciuH1iyKzLKmBn+dbHw+15tP1ma0n/AHtveA/u24DHuv4j9QKhb2NZ6x5kUJIX0uczxLvhP+si9B6itVQssCTwt5kD9G9D6H3rT13SBpt15aktC43wvj7y/wCI6H6Vz1tO2i3shjXzLZh+/t/UeooIvzIuVNL5fkQ7PvgEOPfPB/L+VJdLHGYpYn32s/MUn/sp96ipkBViM5QVX6VPCcpSKjuSUUUUFhRRRQAUUUUAWKVPvUlOjHJNUlcUtmSA0oYEU2itDmHZBpaYOtP60AAPNOptKGoAQ9aQqD3pxpKljRb0e6ks7l9jFBIhRiO6nqKtaxAly7Tf6xDhZhn8nHoPX0Iz3rLRtjZAzViylyQrsSc+tTcZ0Xw7glbxrpFpKouA84UZHXsMiuw+LtqmneIoyR+8mhNsT23RuWH4lXP5Vk+CdCudH1Dw34jifzbWPUI7aRCPmT5gP5En8K639pzS/wCzfFEwU8xypIp7coM/nzW0VZXZzO0ppHiWtA/aYWHQ/wBQaz0hNxqGw42hMkevWr+tyCe3jnj643fkQT/WoNOIN7IwOQYdwJ/H/GoludC2My5Ux4burYq7a6XFq1o0ZwLjbujB6MR1GKqXrbWlB+ta+hRHYdp3GLbID3waztc2T0OTuJJbBHVbiSML/wAs95/TNcxfTXWpOYzK6oDnJOTXYeMNOU6/dY4U4mX8QCRXMSoYrkMOmO1ZSR1KWlzm7mF9OlQ5+cjkt35qeCS5uWBV/Jj/AN7rW3LBa6hDieNgccSJwwrMt9LW8kVba5WTaSfLfKvx2qLD5rrQcbXZCEkYyYOevf61TuMKQ8UaqAOp5NdCbO4lU2/2cRRYyVU9SOap3eizNK0dvGZCq5YryD/jVS12HFrqzDtLeW8ucqufU9hWxaRwQvi4R2CnALfdz9K1dN0S58iL9xs4G4uQADWh5unaShNxKkkqjJx0qVG71E5pbamv4a8VX/gqK6uorprW2uY/Llh7Sjtx688Y55NXnu/D/iKS3Ph/xKmn3E0O250vXICLeVh2DAEA+nOeOCOlcB4m1nT7oDa0lxOOQUOEX2rlWdiSc1op8uhCpKXvvc77xBYaNpeoeTqFldaZdAbiLCdZo/qFf5h+LVe8PXej2Ph7Wri3vbySMyQLJ5tqqkZJwAA5zn17V5t5xMYyefrW74flz4X1+Ectut5cD0D4J/UUuZX0G4aWZpaYy3NnPaqSJeXT8OlRyodQ8PXCbcS2shkAPoc5/r+VUtKmMV5E38Wdorp4bdYL53AHlXAwy+/Qj+X60kroJ+6zG8E3rW2qwE8xSqbeQeh6qf5irXiDTpEiugBkJNv+n+QazNPhOk+IZbJwoBYbM+ucqfy4/GutvMXRZdvzNGQT7dKEtCmtUzz3zDbPkqdp4Ydx71qaZdxrOq71Ib+dQOqkmKYbXQ7Tn1qlNCEYqPXg0loWdtqURk0+GZf4CCfda09QvX1j4fLtBN3pM6spUZ+Tpz+Df+O1z/hzUGuYGtLhtwIIBP8AKug8B2vn6heWEzKY7uFoSMdSAcH8iauD94xqd+xl+BJy73VjuK7gtxCT2xXaazbfaoSduxpAJMf3WHX9cj8a4Dw7K2j6nC8p2yWVwYZ1I/5Zudpz9G/mK9c1q1VtKs7xBjBMMvs47/jgGumCumjhqO00zyLxLYFoBcKPmjJVq5uKUxyq6HDKQQRXousWw3So3CSgj8exrzy+tWsrh42+VgeRXLNWeh3wldHomhX6X9r5TviG6XaT/dfsfzqotx/Z2rQvMNqn9zN9OmfwNc94ZvNkrWzkhX+Zf6j8q6XVwNRtFuCfmYeTPjs4HB/EAH861i7xMZRtLXqS6vpwR3gPAPKGubnibyPPjzHd2rBiB1xnr+FdPpt4uraMsTMovrU7Qp/jAHA/KsvUYGtbrz9hKMuJVPUjpUtX1CD6M9D06aHxT4Yt5ZWWNnUvGc8I4OGX6ZP6iuJ1rS5Ul3JmO4j4Un9VNa3w1u0e21HSJDkRt56ehU/Kf5j86u6wv2qSVXbM8LeTLkchgOG/EYNayV4qSME3GbRx+j6gpM0E0LSWkpxcQDrE/wDeX0NW2WSyuhazOJgy74J16Sp6/UdxVTVLOWCb7ZbKRcRcPH/fXuPrU/hOSLxBK+l3UpTefPtJl4KsOo9uMgis12NmrrmRZqeD7p+tVwTuZSCGRijKeoIJBH5ip4DwaZESWiiikaBRRRQAUUUUAWWGKcq4FLwfrS1olYwlJtBRRRVEBRu2n2oppOaBokByM0tMRsDFPpXGwooooEmFPi4cMGG70PQCmHtR0qCj3f4PvBe6VJpMzLi5K3cJ64mQ5OPqox+Fa37UIS/SyvwRvltYpXC+nzL/AOhBh+FeUfDm9lTV9IRJCpjvUZeenIyP1P517B8eIrJvAGnalCzSst3Np0xGCsav+8APoQ6t+Z9q6ovmhY4WuWovM+aN2U2Hlc5zVWyBh1BYz93YyqfUYJH8qsuNjEHqDg0TwFfs045DMwz6cf8A165ztv0MnUMl2z1yB+tbPhhH3xIxyTA4J9gQR/OsrUBknjPet3wowkvWKghBBgE/UZqDS/umR4riMviCSJT8zQDP5VxdzGcH1XgkV3+sAx+MhkcPb7Rn3UiuP1KHLuyoTlj93/CpavobxeyM3P4VS0/SQsi3ctzDAjsSilxuIyal1C4S1t5GLDcVO0CsCGzKok0pxExwWAyV96zdjWKujoTrMOn39u6g3axuGdScKQOxNUbrWbtGRbaZwz5xsOQPpUeq2FrHHAltO15cy4CqvAAp97pMtjHEiTJymWGOQe9LUa5dyOHVpTHKbi5kllGcKzZFZMtzLcMTIxOTnHarEVvGFkeYk7DgAd6ikQzKpAVccYAqNS7JdCOON3PyjIHU1IYghwxBx6VLFAVQkc0CykYZJVcngk4zSC5QmlwSoHGas6bqUtiJwg4mjMbZ9Ov8wKbqWmzafKqyrguAwOcgimBlTHc+1K49zQ02d5bjDtjOAMcc13MFx5lkkjjOR0HYivPLRnaYbASc9hXY6JO/2WeGTdkL5qq3dc4YitYPWxlUinEZ4qtvNt7bU4wRJHhHI/Q/0/Gt+0nW6tbO7ThZPkcehNV7K0julubWZgI5U24Pc9iP8+lQ+F4vKS90mVv3i/PH7MP85rS1mZJ2jbqVdd05BqAdhgSLkgDuKwr2DyGGMkHpntXaa5DFPa2U5cR9m9q5vWIbcqnlXKSHOCqjJH5UpItO7uU9NnMU8bDqpBrtvDFzFZa7FMSRgho2J7H/AOsf0rgYhtkByT2OBXW6Qn2uIAOY5Y/usO6kZ/nmoV07lyV1qW/H+kPofir7TMf9G1FCZAOSM4DH8Dg/hXY+A9UfxDo1zpNw4a4lXygx7TR9PzA/lWd48/4nvhLTb9R5klm3lyn6gZH54/76rlvBGpTWGuXNor4kdRJCx4y6fMD+IFdUHZnBOPNHXdHVarZma0k3LiaI/Mv8/wAq878ToGkSQfextPuOx/Q17J4iaOeW31O3UCHUIhMV9H/jX8815D4ksmt72UAlod3yk9gelKrHS5pQlfcyLeQxPG6cOhyPeuujvVCrKf8Aj3ukCv8A7Lfwt+ByPxrjWJEeMcqcVuaPKLq0ltmYdCyVhF2Z1TjdE8rvZ3S3KHAbhjW4Lv8AtCDMmCSACT3HSsqKPz7NlkU57H0IpbR2jglReqLuGe3NXYxsi94Rf7H4ntWbJRma1lHqGBx/Kun19xBrNldtzDfwm3nPbzEP3vr0rnNDKHXrg5GcowHvuWt2/P2vwyjtgvFe71H+znYf5ito6xaMZr3rlOVSs7K3LrwT6+9ctqdtLoOoRX1r8sYlDjH8Den0OK6tv3ojk6sPkc/yqvdwR3NvLDLgI64J9Pes2hp2L2vQxySw6jAP3GoRrOP97GG/l+tUIOSataI5v/AJRjmXTbtkPsjdP1qpASGIAzkdqp9yI3TZPRRRUGwUUUUAFFFFAFvpS7ueabRWpy2H5FFMopgOJxTaKKBoKkQ5GO9R0VAyaio1bGc9KkouA7omffFNoB/KjqeKdroDX8Lak+na5YOD8v2iNjnt8wr124tb3XNS8c+HJJUbTZZY7zymPzxzbBtdfb1+g9a8MG5SCuQw5GK9MbX7jwZ450jUr2c3cV9p8DXT4/1iOCD9SMD8quDsYVE7qx59eaXPbSzW8ybZ4H2MPWpdJVL14rCUlElkADjsT/kV3/j3Qc+ILq3XHnSRrcWdyhws0fv2zg9e9cDfrHcIXhBiuY22PDzkn+8Py6UNWZcZcyMXWtPk06+uLaZcSR5yR0PuK6PwrpUk1vDKoCrFZh3J7lnAH8qpwRnxTcvDM/8ApzRlEkbocKeD79K9B0vR/sekSpt2yRrbWx46gEMf/QqUYXdwnOyseS+Ib9v+E3hiCn92Ahz6Yz/WqVt5aXltK8TzRK5d0Qcso6gV0mvWMSa9r96FX9zOsC8cjKdKj0prfw/pxnlQS3lwpS3hbnap4Ln+lRbU3ctEeOeJdZXWtZluVhWCE4SKIADag4Gff196d5NxDbRAwlo5gGXB4IPvTtY0WHT76TMrPb7uFQZYD0/+vXRaT47sdO0trRtGN45+WMFwoQeg4JJPeuZa7nY20lyo5IRXVpcAwwvG54DL8361qaV4ZlmcXV5Oyk8hRyT9TSNqF7Pcbl09IYnI2qCQF+pNW5rDXGTy2s/Mi7taTqcfXk0rpFtNkUtjYSWt3JFNsaE8qwyHHtWOksEbki2DdgpY4+ppr2KSytCLySGYceTMMc+mRVK6ivrIkOrbR/EBkUnIagy3LclmUEKnPCIuBU0rLJbllIDdCvpWPBqLo24wxSMe7gn+tSx37zSliqR8Ywi4FRcrlYtwkku3cd20YA9Kv+HPD66vNIZ32RR4yi/eb/61QCXIwQKieTyclZChIxuU4poGmdLdaXqMTNFptqlnAON+8b29yahttG1OzuY2UKZsFvvjDeornIdWuIWP+lTqPaQ1N/wkN1kH7bOce/NUpImzZ2MdzHcRA4KSRsAUzyPT8qk1mJ7K6ttbtQccK+O59/w4rk7DXHa43szuW+8W6kV1+nahtjeMODDOuMNyoPY1adjGUOV3HXNzHf2E6Ha2cTqOvy9/yPNZh1q0EX2ZbXaxwCQABnPP9apWmpGz1cGSFYwrlZEUnbtPBGKf4i0hrO6MkXKj5gfVapSugUbFUkxyOoXp6VveHbkvPEobBwQM/wCfp+VYjvvhhnXnjaw7UQ3DW0qvGSMHcDUPc0eq0PTPDIa+m1rR5F/c3UKzofRsbT+oU/hXB3HnaZNb3kfy3FnMI3X0wcrn8mH4Cu88KXiNqltcKcrKhCt6dyP0rN8f6E2n+IJ0YbINTi81D/tE8f8Ajy/rXQvgTOVt87TNzRrxNSs7q2jPyjF3bDvtbll/XNc/4mswxWQL8rfK39KpeCdWaxaDeD5lq3K/3ozkEfhyPyrrNe09Wa4gHKt88ZHcHkVp8cTJe5I8xubEJMOv3fmHo3T+WD+NQWUxtLgYOADxXQXtoTbtLjDLw49x0/T+QrnpYirFwMgEZPtXK1Zncmmjo7W5VzIw+7jfirEUStcPIp/dyQnmsfS5jEzsQCFGSD0q4l19qj/ckASHG0fw+uKtO6MZaMsaJG0d7b3DfdDM7H1VRk10FhvbQ4kk+80e4gn/AGgxqoLXy9LESLulmcQIo6t3b+g/Grl8gOpSQxtuS3hAJHfJx/Q/nWiRlJ3Y2Hl5Vz1+b8qbKglDIeQeDUcLFJh+RqYnDN9aCQ8Agyt4ks2BxJGrf8CBI/rVVGePOCVJGDj9a2/ABQXGrggZZdwPcjnisi7XZdzL6O386HshN3kxI5MHnpQ8u7p0qOioKuy0p3AEUtVo2IcAdD1qzQWgooooGWqKKKs5woooqhWYUUUUMaCiiipAKlBzUVSJ92gB2ODSqcHrikBxRTuGvUmheV5dsWPMIwDxmuo8Th9R8E+G7/OXthLpspPUFW3pn/gL/pXH7vwrotG1+2bw1qmhXPmSSzutxaiNS7CUDGMf7QBFEepMu56Jo8sPjHwFo8Mm1NWshJaw5+9MijO367TwP9hq8q1a7ea5KMPJvYnKtNnBbH97396m0LVprVmhaaS3EgHluSVMMqksje2CSD7Ma6fxE2k+I4LW61A/2PqU8W77WqboJmX5XDqOUII7ZHIq73Rnbkd+jOb8PxfabyWWddkq4G9VBBJIHT9c1v6R4ok1HUbuHDCCF5H3eYSPlOOR0HQVzFnLLpd41r9ot5kklV/Nt5RIpRMngjpk464NRaVO1n4Nvr+P5rzUZnt7Zc8sXbaAPyNLZmvLda9Sr4fl1Dxjd3dtaQGS4nme9eXaXWMZwA3B5x0Br1fSvgFZ6xYSTJrJvtTbGZFkCCN8d0wTx715LqPxJtPAmgHw54YaOa/dtl3qKniSXHzYI/hBO1fz+uBo3j2+sLuG6vNl3cRnIZ3YOv8AusOn5VnGSe52SpyWx6/H+zcYNWWzuBIfM3EXM8qJCcc8yHAB68EjNcvqXwVi03VbqyuktlMBDJLYypJGwIyCGBOeMd/yrQm/aQ1ieC3t4xdwJGpVnSWNi4OPvb0OcY4+tGj/ABN0jW7uG3aWS2vJDsBnUIGb6jjP5UnGLZN5w6XKMfg4wQbCTLIP+e/zZH19Kq3Hw/t72HEF0dOvOQSf9U3pyMFT+delDTSAwJCsRja2ChPY+34VzGqaodNuFtokkmuSA7xw2xmKLzjJHHJHcjpUcqNVJ3PONX8Op4bsok8RW8t5EW+S/dfOVfT94O1czrOgCK2W5gk+2WZ5W4Q5ZPrjqPf869g0jxBJ9oFpq1mYopjtjkuY1VJfVHUEgHvz19Mjmh4x8G6Dbxf2j4fmGj3sZG6OHLWkvOCpUcD8Klx0NYzPBJbIW7Zb55CjgMFA52nB4rIiJRkbGQe3evT7nRbe/SRo0FpeJy9uCCh90Pof84NcBfWTaVqakoUiLhh6jnkVg4tG6dyJAd+wkZPQk4GKS5t5baQpKCDjIHqOxq1qEGJJSBtw5IPpzxVZrl7iNInIKrwpP8HqPpTRL0KQQFwD0Jq39jT1bFVwhLEnoKvqwKj6VNgbsJHBGnQEEehre0S43w+SeWT7tYJz2q5YXPlXKN2J2mrRjJX3NHX7Ygx3i/xYSTjoR0NdBpLDWdHERAa4gXKg87l7imwW8N7DHDKRtuEKEnoGB4P8vzrO0z7T4d1MQyqVdDlCejr/AFrRaO5indWGy6aLSJcD/R5ySp9GHUe1ZLAxvsPJr0yXw/Brem3E1q5UuwlRQe+OQR61wOp2rR5ZlKuvDCrktLhCV2bXhTUzAyw5+ZTvj+o6iu48c3EniDw/ZM6g3Fmn7twMEpwcfzryWxuTFIrKSGQ5FezXapPo+j30XMNzaqeP7wG1h+a1dNuzRFZJNSPM4Ljybr7UgznMjL6q3Dj8Dhq7eyvW1DT4SxDNAPLyB1Xqv+FcZcwrba3LbA4wxMYIwDkdPxHH4VteGpWs7lrZyfKkGxd38PdQfpTi7aET11FmQW2qFZF3QykHHqD1H9K5m8097TVbmxIL+WTtIH3kIyD+XNdfrMYngDDiWM5x3x3rE1O62T6XqQyNy/ZpvYjpn9PypTWg4SuY1khYSxgEkqVGBWl4eso7TSJrpmLMrBFz6nv/ADqOKy8u6EcDF7hyeM8IPUn860LsRQW9vbRXEccEbbi5PLt3OKhGrNrTJyZFlmwJoYyUj/55g9z7k/pSaRzq6KzhTMSzFuhGMBfyqpNAFtFhhJw58yZx1f2ouZ91nBcx4DxYRiO2On8q2vZHPa+qNHULIWd9sU7k6qfaql3P5FvJKRgjgD1NTR3f9oSoynrhfxPWqV2kt3qsduEBELcqO7//AFqlsEujNfwirQ6hcHpHHanzD/tYz/U1myuZZZHxjcxb860jKul2cttGcyzL87d+1ZtNv3UiEtbjKKfIQQD0PSmVBQ+H/WCrFQQAl6noNFsFFFFAy1RRRVnOKSCoGOc9aSiigAooooAVlK4z3GaSnZLYzyAMClCj0oAEUdafSAYpalgFIxwCaRjgVbtNMmvYXnJWC2T78spwo/xJ9BVJAUKv+GZoYdfEUrLC8se63uDw0cqHcMH0PI/GqUibG4JKE/KxGMiqmoRs9vvj4kiO9T/SjYZ3XjnQZYdRW/hjJhvsuQBwkmPmX+o9jXOrJ9tt7ixeUtLGrSW8eeGcEbl/EA/lXWW3iWO98K6bdXO57OcNbXO3lkdeVkHuP1BIrz680m7lvz9mfzY0l2i4iPy9vmz+NNkwv1ItHtppmlMfyv5DMSexc4B+g4P4VmfETUHt7bSNFsXaOG0XLFTglmGBn3xkn/erU17xNH4Ntbc+QJbm9fzGiLf8skyEz6bj1HoDXB20c2t3U99qV2EOTMzvnuew7k9hWMnb3ep2Uld8z2Fg8NTXTp9nBZcHLtwAanhs5LdzHLMg2nDKWya3rDUJdVh+z2yizXG0SMQWK/7I9ffpVO405G3JBAWFvkyu3zM7E9zQoX1NnUe0kQRRNcN5ceJHHRU5NX7zw2zWgIIEyjJIr6I+BX7NcPjnw7qF5r+qW3hUWcIkhlSEy3E5bsBuAIGQD3rC8f8A7P3i3w07C2tW1yDaGEixEMVIznA9q0cboj2iTseQaJ8Q9V065EQ1JrsxcSW80m8e45zj8K9D0bxFZ67JNdWt+1jcSRjzbaTljtzyvr949K8P8T+HbjStUNwIWsrlWy0bAgg/Q1LYX5v1R1kNpfRHcrI3IPqPUe1ZXa0Lkr6o9vv4ob22eCVftEb8Ev19c/WseC4htfO024bFzOn7ic8edjpu/wBodD9QayvCvihdRH2a7Cw34HIH3ZR/eX+o7VN4jSO8h8uSPDqC0UqHDKw6EGtYq5yyUYr3mV76wjvolz/otzEcecgwwx6jocHg+1c14l0e3uBJBdbUuIwHUk4Eg9VP58dsd66LTr5tTt5GkIF9CMTgDhx0EoHp2NUdYsDq+nSR7Qbm3yyZ/UfQiicLI1p1G9HucHqduCinaD5qlCB03Dkf5965+W2YI7MdnUY9SO1dO6G6sjj74OQfcVQKRTSSLKdscyE9PuuAc/qK5LWOy5hRRs9q7KeUbkVNBKGi3Z5B6UltL9nuGUgEHsfUVI0aCUlF2q3OM9DUIljo5FLgtyueR604/uZDg7lB4PtTdoWiNSzlW4x096tCOpjRtR0GcqBlAGznoDwf1ArM0/xXePbi1uljujH90zpuYfQ9a0/CjGTT9TgI+7FkD8c1yt2rW9wsyj5kODx71bvujNJNtHrvgzVo5YQsZ2BucZ6HuKg8X6Ok0jyQr/rFLDHc9x/WuTsLt9Ikh1K1Be0lwzp6e1egtcRaxpS3UGZE6hwPun0NbU3zKzOWS5JXPJGVoJTnqDz7V6p4C1D+0vCF/pzHdJYSC6h9fLbAcfQHB/OuC8T2Pk3fmqMLIOnvWr8MNYTS/FVok5xb3BNvLnpskG0/kSD+FKD5Z6mlVc9M1vE2jLfwpcR5SeI8svUr/wDWrnLdb3CSR3WTxw3avTpNP+x393aXAAaJjEc/XFeeX1s+lancW7DCq5Kn1FU1Yypy5lYvSafrd7CWe5hYNhs4wec89PY1j3WmagEktZJFdf8AWbQepFdbot2NkecEA7D9G6fr/wChVHrlmVQSqTuQ9f8AZNU46BGVnY5PTBMbYmJQodtjSMe/TGe1aFjp5vbhpZ8OsR2IidOKv6ZBbw6XdwsuGlcyKD2OMcflTvDcclxDcpFJtuVQvCD0ZgRx9OMfjWaRte5LIXS4VFOASCO3FMs445Z5UbmK4BBDfwt/+uuh0O3t9XjlvQmYZLN2wR9xxj/69Y1pYyz3x8ptsTYdj6f/AK6pamLY+1mFjAViiDzAcELkK3r7mr2nWf2WKdipku1G6Q44jB7E+tPvLmLREKRhTOfmGB0qa+uwlihsZCsJJEijqSfWqIMWVmMjbjls8mm1JPyVb+9UdS9wEYZFS28YcEnntUdTWp+Vh70ALtVWO0YpaeyZ5HWm7CDQWmJRTtvtRSKLFFFFWc4UUUUAFFFFADge1PqKnBvegCSimGTgcZ96QyE9qVgJ7a3+1XSx9B1Y+ijk1r3F5BeNHAONMs1DFRx5r/5wB7CsvT5Nn2s5+YwNj8xn9Kh8/NosY4+csSO/AA/rV6ASXuoTX75kICj7qL91R6CoMAcdaRFJOcU496lgaWnxeV4Fvov4I9RV19gUFXvDcMmleG768uz5Nu3mSqz91Cj5sfgf0qpaOr+E9QiRgX+1R5x26Vbu7OGy8Lvak+ZHcYj56MGPJ/IGqtclb2PHJ3l8Ya3d6nLlbVCdmRwqL0H5fmTWjo/h6bW/3zpsiAxGOgOOpP8Anr9KfaXlteyXNhbxCGMzt5oUYAjXHA+pOK73TlS200EKvloTkD+EccVlTpqT1O2VTlVjNs9HjtGUKM7QMEdTXfeCvCWnXkV0b2wE1tv8yWVcjYBgljjrnBX/AIEa40N9p1JQrbYk7AfePr+Fer/DTUXkvbjS8Dybg7Wc/wAIbgHHoDg/hXZBKzuctSTuj6R8H61Ya/4IfQ7Kwlsb7SpDKFkIDXThA0igAnOAQVPQgcda5DxP49iskKSzEzIvEKt91ew68Viatrf/AAjaQWdgTa6hZ7Va7iPzHbgKCfVQAAfQAdhXC3/ib7bqi3k3lyNu3STeSqhjjGcAAH/61aJWVjkcufc6TWLHwn8S9HX+29KQszECUKRL6bg4OfzP4V8ZeOfCbeD/ABFdWKTM6QyMI5cEMV7H8QQa+m7zxhG5ZLIhio+83GfYCvNfizZf2iNE15LcXUnnCC4i2Z34ORke+MVz1YX1R2UKrjLlZ49Y6yssiQXTeTOpDRzKdvPYg9jXo2m6iuv2DQTkR30Y6jgP/tD+o7fQ1w/j/wAJx6Lq1yLZS2mmYrEQSfLOAdmT3GaztC1yW0nSCZzlT+6mPr6GuSMnF2Z3OKnG6OteSTT9Vt5SSkgZo2P1BGD7Gr0V1Pb3SGAoZZBsVZOV/H2HX8Kahj8RWyzxYE64Eie471YjsY0hMss/lE8Lnk44ziuhyMVG1jjNot764gLK+JGw6dDz2rD1ZlhuGCH5d2SB2PcVr6zqkUV4/wBlh8vBIIPJP1rn73Fxel0Y7JcEjHT1ribOxbIzruQfapCB/FwTVu1mWRRwPcelVtXt/IueuQRnNMsH2yY9RUdRvY1J4lWNXXseajQneHq0qebEQP4hiqocKD7DpWisZnU+ETti1WQfcFvj8Sa57UYQLmVPU102jR/2f4dnDfLNcyKCvcAc4/rWDqq4us+o602RHdlvwVfh45rGUB8EsqHofUVo6NrLaNezIqvFbyN80Ibleev8q4+0max1MSIcMPmFdDeX8F2YblABI/EkPuKcW0Ocbo6jXtOS7015rY742/eLjsR1x7HriuLDPDJG6nDL0NdX4f1a3tWuLCSQmCT54mYcD6/pVXXNCSNXlhBHPIzwPpVyu9URFWXKz1LWL0avo+j+IYvnW8gVbkDtKmA/8s1xOv2JupjKCxKHr7VpfCXUxqOi6t4ZnbLODd2YJ/jUfOo+q8/hVi8twIIyeCP3bZ/SuiTU1zI4Yp05uJgaSq7vJLYWQFAT2PY/nit+Ii8snWX5XUENu/I1z0sZtLnb07qfStsNvnSUNhJgGb696lbGs9zPuFNtPbyMnnRptUqpxuX0yPXnmq2owf8ACN+IJUtnEsMTh42HdGAIH5HBq34ksGjliuIxmMnY2O3cGqukWNx4mv44ASGQbZJG/hQfxE/kPwFZvRlxlpc7TTBDpnhbUblbN4kuiRFE5wWB5Y+wyTXLwak8VjMsKiOQt8zY6DsBW7rWox6hZGKyY/Z7WJoogO+AOfxrlLK5R3WX/lnKMMPT1qkRFX1ZBfXrybDJlmP3ZD3HcGt3TnE9ldIeSYxIv1Uj+maxWijn8yzl+V85X+hFWfDt2YrpbSc7ZQrJk/xKQRmlfUbRaAJjYehyKi61KjFXB/A1H0pEBUlrwzCowMnFOMUisCAaaAt0ULkqCRg0VQBRRRQBLRRRQQFFFFABRRRQAUuKBTutADKKUikoAltpBFMrNnZ91seh4NVbaKSCMxuQ+1iA6nIYdj+tS1RnimtLlp7dRKH+/H/UUDNAMR7UxxLLhIUMsrZwq/z9hVBry8l4jtPLP96ToKkVri0hczzvKTyY1OFpDsbmjRtHa/2fH++d5DPcOvQsBwo9h61H4x1ExuIIyfLtUYEjpvOF/TJ/KtDRz/YOiS6hcJtuJhiOM9fas/W5DY+Gpbc4eSe1NxI/cuzLt/n+la2srMlL3jh/DNmI2kmbAa4laQ/7oJ2/mcn/AIDXTXeofYNNOFy0kgGM9axrKzS5uLWePmGKMt+Q2oP1J/Gp7yNrjUGBOIoYg231Ykj+QNTF2hodElzSL2h3gOsMC2xWAIzXqPgq9e0uLieBWFw6CKFweUc8ZH+B9favK9FbyNZSXYrho9vzttIORyB34GPxrtLK8mjhUQv5UgfIKHBNb037tjGrHU7/AF24ZYlsi5uJmX55BmsDXNT+02iW6zQxtGAuxOM+v41Y07SbdbISz3RlmdfmTa5APoWGazL3U9Ltm8oWoEoGMDnB960uc6gLew2p02FYQUu153DjOPWq2pj7foVqPOa0lEoZmAz8y5w2Pxph1JJAFWJAV7gEE1Wv5y1nJ1YAdPSh2tqP3lozB17R7Y6aunBzMZJM8/eeQnhvYjr9Aa5mf4bkWk4uSjPuAV1449a6TT7hr7U2u3H+jwLsiY/xP3P4DI/GtO41SOKA+aAwPQjqRWMoxk7s3jKUFZM8hS8ufBmtiKWQ7TgpNjhl7H+hrtob+K/snlMQO85wp4DcZI9Aao+LrFPE1q6GII68xOeoP+Brl/COrvp1zJp16GSWMlQrdvY/SuSS5W0dsZc65upuXVgJGbKfU+tY1zpaG4RzHtGxlAHfp/8AXrqriZZlGD1OTWbdMGIxyuG5/CsnEafU4DXIiAqkZZDjI7j/ACKgtdPlaza6jG5ImxIO656H6Vc1i4NxvbjrxgVDZ30mlyJNEVO9NrxMMhh3BHpUW1sbrYu225GwVOGGRUUIkjuQkCB5WYBAwzyfStWK/wBNu4UZZWtHA5iZS6j6Ec0w6tY2W77KshuHBU3BGMA9dozx9auyMW+xZlu9oMQfelum0uT99zyx/P8AlWddyebaQP35BzUMtwhi2RrhDyc9ahMpMYTsDmmUkVbj5bmE+tWgSDkfpVC8c+bGT2q1GcuAScE9am+rGzXhkCXELdmAH51rf2pctgSSb1U7dpHBrFjXcAvUqpx+Yq/nzHyOMrkii7RLVy5Z3MugazZarZMVCyCRCOzDqp/z0Neo6+sVyou7ZcW93GtzGuPu5Gcfgcj8K8v0uRZZGtJQGjm4APZuxH8q9R0m1N54Q8lHDSWTfKO/lk/4/wA66abbTRxV7JpnM6jbi5sjKv8ArYeT6lf/AK39aNLm8+zdB9+M7gKlgmMU5SQeqsD3Heqlkw0rWpIyqvGWwN3Qjt/Sq2Fumjp7PT313TJokx8oBZm4CjPUn8f0rGv7y30m3bS9LkDmbIubzvIf7o9q2bPVZZpXsp2CWsitDsQbVG4YB/MiuMhjMd7GrY3Ryg7T6g9KckKHU6O2tDYvDE4xHPEFPs4HT+dcnHbmwv5bMnIbmP6+n5V6d4xtBcRm6gXYsqi5QDs38Q/PNcHr0BuYkusYZvnVl4zg81mXFlV41kkXzB1GD6g1FcI+9VZts6Nuhm7H2PvVm7UNGkyfckG8VIES7gwwyCMEUigsrr7XFuxtdfldf7pqdjk1hPK+l6gGkPyP8rNj7w7H61uUESVtUPh/1q1ZzjnvVWIgSAmrZFUiR69OmaaRinKcCkPSmA3NFNPWigCeiiiggKKKKACiiigApwNNqubiSRzHAAT3c9BQBaY4FNBz05qt5Pmnbkyn+Jz0H0FTJCIeFPynrnrQA+iiigAxzW/4T0L+1bx53UNBbDewPRj0A/OsFULsFUEsTgAd69LvbRfCXhW208NjUrz97JjrGhHBP68fSrjG7uRN20Rxvi+4W/MMCAEibZHjvx8xHt2rG8dyxwX1raod7y+XCUz/AAqTtH4lifwq5ZTxPfz6ncELZWQ8uLPc9B+JOT+Irj9Rvnu/EFpeynG/fcBfYHaPyG7FKbsbwhr6F0XcGmL9ijBf96ibvxyfzOaq6lI0GrxDOFli2/iCcVSucCCJwcOZMhf7vuferWrn7XYRXan54SDx9R/n8aiLumjoS5ZLzLehXy3F55AOyYNtUE/eNdlDO9sYXZMowYruGAcYyM/iPzryuaZrbVkmiPHDAjpmuwj1i4lhjnjlJChmQEZxuxu4/AflW1Kas0zKrDW6PTDqktxo8kkblSCfkXgKPSuDto3lmc5JGTuq9ofiYxQqsis8JGGwOOtar2VpeBmtplQnnBP9K1euxgny7mShmtiGjkkYegPNWpLtrqF0miGGGCfun9KS7tJ7UYBjkOOvSqyXUQz5u6LHXvS23D4noRX199g08WoeRIQNoQO238ulZMrIMMz7j271o3WoQtGyjMgI4OKw5dSOMxwlyP7xCgVEn2NLK2pZuWSONWQncDklxxn0ArBl0631XUjNcRk3JG3zOn0P4VJJeXUr8m2QD+8zN/LFQX0t35DFJmZsdLeIJ/48TWE9UXTumYutaneaVb+QjBdjFTIBkmqEOq313b72IwePlXk1PLE720xuCZWc5wxyQfrVdnazRI87CoGNvXNcrdjrSsjOvpBFbndyW4XFUdodcjiretp5cMTEY3E4GaoRSYTmpZrFaFi2cRhlJxmpCSWJNV4sONx6Cpm6GgT3GmVlzg4FSxyEnk5FVnOB9amjPA+lNOwiC85ZOactwQhGeR0NNu12yqM9s1CxORjvScijd065MsyA/StWO4+zS274DAIAynuMc1haapjvYwOdvXP+fet20spb60k8tdzQxCU844q1qZtWLU0ZtrmN0OVyGVh3HUGvQ/Cmum2vVZxmOQlZF6ZyOR+IJH41wGhLDqLJbXEjRqDlWHp3H9a6dYfsCPCoIlQ4JPqO4ropvl1OaqubRm54psFsb8MvzIeQ395TyrfiD+YrnJh57Kc/OBgH27Cus+0f8JJ4ZYYH2q0G7Hdk7/kQfwNc5aWnmHc5wO2KuoryuupywbS1L1tN9ohjf+LGD9RWZq8Zj1BpBxv+fj17/rWhbQiG5lRSQDhgDTNahLQhweUNNlR3O2s511PQIz1KDzR9Dw4/PB/OuRIV42s2Xc8bOwHqOMj+Zq/4G1EPazQZ3+US4X1UjDD+f51U1JRYeJrWXOUaTBPqCpFTpuON02jH0+ASxX1gBmW2bzI/dTz/ACOfwqG1bY7R9M9K2rm0TR/FWnXMmUtbjNrI3oDnB/IkfhWZqlk+m6jNGw5ikKHHsaTRV7uwl5pi6ppt0B/x8xJ5sY9QPvD8v5VS0O5NzZBScvH8n+FbGl3Sw3cMx5Xdhh7Hgj8qwordtH8SXlkRhN7Kp9ccj9KXS4J7xZuJBuVWB57irG3mmw/6tfpUlNEjQcE0p6Uh606mBEetFKUOaKAJqKKKCAooooAKDwpPoKKCu4EUAQ3LFbZypwcVXgBmAjT5Yl+8w6tU95lLRvcY5p+l2sktnIyDeIj84Xqo9fp70ASRgIoUDAHQCnkU2lzQA2ilrq/Dfg5ZvLvNW3Q2p/1VsDia4PYKOw96pK5MpKKJfBejxWMba/qUW61hYi2hb/l4lH/so6k+tUvEOq3WoTNIzGS+u3wB9euPQYrZ8RamJpNzbIraBdiJH9xAP4VHoP161y9xdC2iedlH2ucbUU8+VH/ia0bsuVEw953ZzHiK+iaX+zoXzaaerSSsv/LWY8AD8cD8/SsjU4j/AG5p1sGJZLQq2OeBj/A10MlrE6bfLUAsGOB6HP8ASuZnmz4wmdyQIUEYGOQNuf61zS1O6DV9CvdXZNqibCNsjDOOtWoJ5IrREIDxzDB/PkVSecbJPMO5S+UBHQ561pWUsb2c8bH5SAy+xyf8aXU3aMe7h+zS+Vk7QdyH2rpfCLh4mRhjB+Q+vXcP5VgX0pmwrLhkOC1SaXqZsGxuAQfNyQMfnRBpSuyJrmVjrUIsrh4pDiNvmRh2PpTRexq3EhDe2f0rCu9dEsoK38S/KCctgD2xVuyvHkUGLWbRmPVHAAP44rb2qMfZto2Y79pflMpkU+5p0iMf48nsT1qBbgrKovbURKefPjwyH8RV2U2y2xkgYOexDblP41rzpkOOpV+zSMG2DafeshbaQu26faVPIwKuXGsXsecxqi9B8uaxJLyV5Ms4Ge9ZykVGLZpLGYfma4Tb7gCi5MUluyPIGyOoqoiB1/e3SheuBiq+pPbeQVjLyt2PYVDkrGijqZ11rMFpBsgtljuFUp5g6H/aA9ayIIWmlMsmR6A1KbMNJvclsdM8CmXF8sMiRjDSOQAOlczOhEGuwo9g7sPnTG0jtXMlcAV0HiG42wJF3Y5P0FYzHcu3HQVMrXNY7DoHCDHBqV34JzVPG2niTI5qRNX1HnmpEYjB7VEORUg+6DQQSFFup2JcIeozUNrGHuY2fIQON30zzTo1MkiqByTjJqe4XyGCgfKOhpWLTNiS2aya6kxiNpP3fPO3PB/lVrR9QOnavCM/IUEUg7FTT1X7bp1qez4GD6VmXUJN+5Q55bp6CtUrGb10ZqXEbaXq7BThFfcvuOtd7eAXNlZ3ynKuvlSH/aUcH8R/KuD1KZbqztpjy/l7G+oOK6zwjdtfaa1i7DbMu1Sf4JVPyn8eBW0GrtHPNaJl3Q9WOi6lvByAwYqehU8MDWjqdkthfgwj/RZ/3kI9ieR9QciudvkKqrEYccGup0ctrGieSPnltz5kR77gOV/4EB+YHrWy1Vjmkre8V4oVNxGxznlT9MVn+JQYUjOSVIP51qXzrbu8ij5SA4/nWX4ok8zTyw6RSKx+hGKmQoO7MrwFqZtPEMUbHCzZTHuf/rgV1vi+Da9tIBysmPw6j+teb2c5sdVjmHHlShv1r1LxGyXuhLdRcrhXB9ianob1FaaZH4gtv7R8OO6jdKiLNHgc7l5/x/Oq/iiFZ103U0/1eoWiTH/fA2v+oz+NXrCTzdFhJ6eVj+dNli+1fDu1xydPvJIQT2RsMP8A0ID8K0S3RyXaOQT/AEeXb/AeQfSm+KB5erWN8P8AlssZJ9TjB/kKnkQSrg8e/pUWvHf4e0R25bznX6gNxWW6aOhbo1IP9WtSU3aYlIPUUkTFlyaolj6KKKACiiigB1FFFBAUUUUAFFFFAFx9OTUNKKIQJRnBJ75rKtbq70e/82MvBMuQf8Pf+RrQs7x7R8gZU9RWmRaainOCffhhVWutBN2IE1XSNS5vLZrOY9ZbQgKfqjcfkRU8dloGdx1a6ZfRbMZ+md9QNoMDdJHUehwauado0TzJb28PnSnkKOfxp69iG0upNaX1lZyAaRpj3FweFub/AA+PogG3P1zW84msEb7TM9xqkw/eyu2TEp6qD/eI/IcVNFaweHrYymeP7Tj/AF2QUi9k/vN79u3rXIavrv2ljHbFxH1MjcM3+FWny7maXM9BNUuleYK7BoYzlY1PLN6msaaZriVnc5YmnnB6jP1qOTEasxOAOST2rJu50xViC6u4rK3eaX7qDO0Hlj6D3PSuA+03Mut30ly264kf94QMANjlR9OlXvEfiWOd4JbORXMEoZMjIyOjEd89vofaktrGS4s7KbYWuJ2eaQ4/vHPX6AVi3d6HZCPIrsSWCO6tS4Yh1I4HetaxsxLbBDtjijTczyNgD/8AXU1hpq28cSZDXU2diBd2Bnrjv7D+gr07wT8P9LsJ7G/8XalbaHpkjgJLfMOM8GQJ1kIPoCOO+M1oo21ZEpO9kcd4a8AS6wwuriI2+m4yZpVIeT/cXrj3NddpvwP07XZGe10e/kjxjzn2opH/AAKu10Dxj4Bl8TXOk3vilNOezLK13fQMsE7KSMRsofPTqQARjGc10ulftF/DS01Kaym1m8lhiyBdrE6xSY/u7Ys/TKituemlY55Qqt3ODn+AWkaLA8x8IfbQi53PdB8nudiiufvvgrZ65E4h8LpZB+Q9uDEy/Qk4/SvoNv2hPhDBpdtdHV7yR7gqpiid55Idyk5dFjU8YwcE4NZPhr4/+BPGGurpEcl1pEkrFYry/j8u3c9sksdmffArJxg9UXerFanzVJ+zT4ls7gNZzNNBkZimn8vC555UnP6Vv3vwePhfT/PeOSAseTbzSSFfcsQAB9a+lLryLrVtQslMTR2+zZdWV0j79y5OVHK46c9etchqi31rNdebPf2VrHJtW5kWOVGj253/ACjKjPGD9fo/ZpaoXt5N2PnW40e9VTJbXEdzEeBvTB/76HBrlpba8WYiezY+pVhXvtxFFcTySLLpmqxZ+/G0e5h6naQ2frXN6roGm3X7xI5rRhywR/MUe+OD+ppNeZrGfkeSwxySSYFsyp3yw4/WpJbebY2y2UL6+bz+WK9Mj8G6bqDho7+SYjAYw22F/EgVZuvh7ZW22N2l3ddytww/Gp5WyvaxPDNZtLqBfMZDGh6lTkVhShHdZCcuhypFfRM9hoPhu3DXnlIWzh7kgk+uB/gK8w8SW/hzWtTkazeK3Q9FhcLk9zjoKicGtTSE76JHnF7I89xvkbdxx7VW347V0fiTSLLTUi+zzFpWOGQsGOPX2rn3TP1rna1Oi4xxkA008CnlTjHWmlSBQUmSJwtSf8s6hU4FTtyn5UrmbFtyEkVj0Bqa6lEjqEO7ntVZQcEd60/DFiL3WYFYZjjPmP8AQc1S3Fex1EFoLdbS3JAFvGS/1I/+sayrOJrjW44yBiRZE49Spx/Sty4X90ZMYac5B/2c8foKzdJtJZNQspo0LASM7ADouSM/QYrZohbNjodMk82/tADI0CNKMegGaveF7gxZ2nkEEY7Ef5FdL4e0SObXftVu5ZWia3u4XGSCVGMY7EZP4GuT0f8A0C9uogcGFw2RzjBwfyz+lO1mZNp3R2GtKlwftCYKTIJCB2b+IVN4L1FtOvl+bA3gZ9OeD+dWNYtI2tba9jwI7xWZlAwFkz835ncfpisCxJSc/kfrW+0jm+KNjt/GumrYOrxDNvKAycdAecfgcj8K5C8BuLNoyT++gMeM/wAS5I/lXosBHiXwcryYM9oSrepXP9Ov41w+p2UtlZwuRxHKHDdm5NVUWzRlTfR7nn4m80gn7wwD+FepabJ9q8CRqTyqbR9d3FeQ6u/9ma9NGMmIMVI9txxXqXhiQ3ehWdonJkkOSPQZJrFNO6O2psjW0UiXRoRjgKV/U1f0QfaPA2vIwB8udD+YU/0qjoSgWjx/3ZWX6DitHQW8jwj4tGPurA+P+BEH+VdMDzp9ThZCFRj2AzTtQs2utB8L2h/1krtLn0UtnP5VDqDFbSXHU/KPqeK1vEJFjq9lbKAWgtREg/ugDk/j0rCOzZ07NFaW+3XMyv8AKCx2t2I7VLD931+lRxwpLEVddwz3qubZoXO2VlWh6u4F4MGZgO1OqOCMRp3JPJJqUqxwQM0CEop2w+hooC4UUUUEhRRRQAUUUUAKBnOOaFRywKgk+woBwe/4U8XEi/ddwO3NNAaNlZQjD3Lzso6oMJ+GTn+VWpvExtI/I0+GO2hP3to5b6k8t+NYLOzn5mJ+ppKfNbYVkya6vJ75908rSn3PH5VCTgUU0hiy84Ucnjk1I1oPUsWIPGKrapH59m8RIWNxiRz2Tv8A4fjVjpWD4u1G3FibJrkwyy43KoyfL7n27fWhlxTbVjgNVvk1HUJ7iONYoM7Y0UYwo6fpXoHg+z8rTrSKWeKGSdgqvcNtRCf7zdlHc9hmuO1OGLfBCY40ljUs068CZMZBI6ZwD+eO1burRTr4d02+YRrDePKqbZVLAJjI2g5UfNwSOcH0rCGjbO6WtkdNq2uL4PthFDHDD4ohlMdy/mQ3ttJARmPy2QlVI5DDnOQcjla5zxP471LxfY2dvfiJhaFjFKU/ffNywZ85IyAQOi/wgZOebPykBelOGWxgHngVLbbGopDCoLElsH6VLCLZCN4klPpwBW3oHhs3r+bdKVgX/lnnBf6+grsbXwto15C73UToygRpFAQgPufpW1OlKZjOtGG5xFvcxLtUKIh2+ZePrzmpZr2GCQYkEmOcoMiuxtfhfazXcsTGeNI/7rggn64r1DwN8IfD9zNaxGxhmEsixO9yC7AE8n2rZUm97Gcq6Wquzw7TPGuqaZIX003IdRwYiRtHtjpVC+8W6pqk0lxe6pdyTSHLNJM2Dn8a+tvF3wpTwuktzo7GDTdyqsDks6jbgknuM9uwPevKvFHw/wBN1AyzfZGhnIy8sH3W+o/wxQ6OmkrmUayT96J4tFdPM+XuSCO5y38s102m67a2EaMt/NHMByyFgM/TFY58JWKX9zE4by4l3BjkEj86gj8L6bPeJEgmCsuQQ7c1jyTR1c8GdXcfEZ4oBFFqd3tUHaqcAfoKyr34mX0NgJI9VdWWQ7YnkDHA5zjnqT+lZ1z4FEyslrcyxEHB8xiR+VZ0nw4IEbfas5JB+XIHNNqpYSnTuc54l8T3/inUGutQnad+ig8Ko9gOBVCO1Ei5Py+mBW5qnhRtNZQrifJOQBgj86z5YjBwRj8a5mn1OpSutCl5RVjzn3pjZBIqyRx9agcZbpUkjKawzxUoX8KRxyKA2I1QnirRi2xZJzUS/eFWphiEikMro+x811vhOzMOlT3BGJLkiJT3C55P+fSuWs7WS+vIoIgS8jBQBXpK2SWsMCKdsVuvp6Dr+prSC1uZS7EOpnFrMVIARNqgercZ/Wjw7utb9CuQcFf+AlW/xNZFjcvqeoMpOYnJlYeiqeP5VuWcyjWo0QDZtxgdsBq33E9NDY8KX39m+LnKA4lj5XPUpg4/LNZfiXT49J8Xa5BgbZ4JJom9Qw3cfr+VWbdRbeKNOb/ntK3Pb7hB/pVfxXI17oeh6rnMirLZSnvgZ25/AmnLRGNtTo/Dxk17wam3n7M/msfQMhX+Y/M1k2Vg93cXAiIMqp5oTuwHXHvWh8Gpw0ep6fLgo1sWAPoCrVUuYpdD1tiGw8LD5h37/wAq03ipGK0lKJ0/w21PydeuNPkOYbqMrz64/wAP5VL4o082+j38J58ptw+mcj9DWW8bWPi5Lq1GI3jW5XHYd/1rsfFkaXXh6e8QfLJFhv6fyNbR1g12OaelRPufOHiOCW61WVo0LHAyRXsnw40h7fwmmoTghnDLGp7YGCf1xXBrZxXlwFHJ/wBn7x9q9Zh1G0sDD4fjHlG0t0WX+7lgWJB9d2a56cFqzqrTatFGXpC/PdennMcVa0x/I8NeMged1xDFj2JDf+zGjSrVlTawIkkctj6mrF/Alh4X1aUnDahfxqMnGdiZ/kK1TtKxlbmjf0OHFskzWjSkCCJw0pPfaeFHuTVRbuXWNavr2Q7iW8tcenoKdqMk8hiCphVO2BQPvMcksal0u1FmYYjgEOC5Pc5Gaw6G0o2epciiaIFWGGz0PanlQ3XmnSNvkduu4k0lNEiBdoxU0R+XmoqkhOQaYmPzRS4HpRQKxDRRTgm76UCGKSRuPAPSlpz+nQelNoAKKKKACiiigAzziijHOaKACgkAEkgAdSaK5rxlrIt7b7FHzJMPn9l/+vRexUY8zsautaxBo1i1xKQeyKOrt2Fec3t8up3wkZXSdsCUSnPOBnHAwM547ZxzULXkmoNb7mIt7Ufu1PO49Sf1qHVLm4vr2a9uJXmuJ5DJJM5yzMeSSe5JrncrnfTgoLzJbuZpZyTzgED6ZP8AjTtOYuwh8syt0TnH5n2qvA4nkjRgVOdpwM881YgeGWS5gAGWUqnrkYJz+VEntY1OrsfDSXLrGZoCcAs6yZVc/qTXUReBZYIVWB4rmMtuHltjn6HkV5GIjgtn5h7d66Oy1G9tIo2gu54iVHCyH+VOM7dDKUW+p6RJotzp6gyWzoPXbkfpUtqonkCsxAzjCjJ/KuKg+IWv2mB9vMoH8MyKePritzQ/jRNZSmS70WG5cfdaOUx/+ymto10jkdBtnoukaXcSNFFGlymep8sgE59TXvHhTwjrdibC6tdNcmRhv80qUyTjP+yPevk2f4/6yZN1ha2unHOfmX7QT/32MD8BW3YftUfEaxjVbfxIsCjoq6dbcf8AkOj2yH7KVrM+mfFmk6taeJZNXg0sajagbdjZkQMOCQO3TtxXkPjLUH1VpLtf9F81iTFB8qDj/P5159r/AO1F8TNegSG68UtJF/ditIIz9DtQcVwWp/EHxDdvmW9V26828f8ARapV0lsS8PJ6m/qlrPFrc3kAvmIEHlicf/qrFlfUIr1JjC+cY5AGetYr+LdYllEpuiHAwCsajj8qik1rVLkAteSsffAx+lZOpc6FTtodML3UGYZtCQewJzTrLxAYBJHcQBVB3KCSD/KuWeW8n+/dS4H+2adBJPaXKT+Y0gUfcc5DAjBB9iKXtGNUk3sV/EmvYvHMRAz0XOcd6wprp7hV3YPfOKfq1iYpGlRcr1I64qEqdqkjBx0rJu+pulbRCZyMY5qE9alzioC+TUDFzhhQ/UfSkHJp8uGYY9BQSxqKSw+tWJ2wpXqTUMY+ZR2zXS+EfBV14nullkUxWanLSHjd7Cmk27ITkoq7LvgbRvKV9RnTBIKxA/qf6Vb8Xan9jtxbxtiacZOOoT1/E/yrr/FC2HhvToDgRrGD8o6sMDAxXj95qEmqahLcSn5m6Dso7AVvJci5TGHvvmOh8KxAW11IeGJEQPt3/nV7QZ/N1ZJD0eVgP++TVLR28nSFk/h2yyH69B/OrmiJ5AtJCOfPB/DGKcXexb6nYBUaTTpCBuhuWcfQxtn9VFQa9pyx+Brkxj5BLBcj2LoA365pZFMcckzDHlROQT6lSo/nW3e2Ru/BLQggebb2yqfU5xWrV0zkvaSOf+GaiLW7iWRiqNpzIAO7MhUD/wAdz+FT+KZGbVXk65wMd+lT/DeKOOexuJgCgV3csOAI1Zf/AEKZfyrC1u7a41OUE4APAH5U9qepLV6smjsEuBFP4auiMoYnjYHuASMfkTXYXkJbwvrWnAbjEPk75HVf6157LO0Nn4fh6kI7kexY16VYE3j/ACcm5sgwz/eXB/lW9LU5q2jTZ4R4ckaLULm9OSLNQ6qP4pTwi/mS2PRTXQ6c9zN4z1W3mH7yO2Rge52KAR+eazbl00DxuNIQYAlae447sPkX/gKH83NbMMv2Xxpe3GQTLBdqp91kWuVNrQ7XZ39D0GyCTmO4DAfL19/Wsf4magmk2fhS0LD95cPcyIT2OFGfwY1seE7NtQsLCNfl3qAzf3R0zXAfG24S98ZYi5htR9lX/tmBu/Ilh/wGtJPRz76EU/ijDtqX5YN3iBWx8sSk9OhOR/IfrT77TIkU3LOQxPCgcE0ugs2p2MN8x+aVFDZHcDB/WpNZlQokYcM6sdwH8PFCS5RTfvGZRRRUAFPiPOKZTovvigCailAyKKAIKUEjNJRQQFFFFABRRRQAUUUUAFFGaKAAnAJ7AZrzbU4X1u/u3hP7pQS8pPYdWP8Ah9K6TxlqphSHT4pArz8u3+z6f59K5S5lJEemwjYh/eTN3b0H0rOZ10oNalaGILG0ojxEnyqv+NQu6FSvWtO5VY7VlU9Bn1rI2bZM92OAvt61mdTIgG8wBCFcnC89Bg8/rVyCz8pI1iXJY5Ldz9aZ5Cxsp3AseuOoFaNsolbdNL9ltUGS56t7ClZMWyKqw5bZ6tlvYelXJZXaP9yAE6b27Uxr+1txmBTcsSQOyD8e9U59TuJeWlCr1CooAX6UOwastS+btAijZwepAzTY0kJ2lCrVz0+ozvIQZWYA8ZNSrehEUszlh6GldD5WdZBo09yMopP0qxJoN5GMFBx1OR0rkD4gmG3EjgjphjVoeK70cLcSY9zmi6FaR1X9jqkYLyAv3AyaRLNYdxGTxjmuZTxXdAEmQnPWpk8aSxnJt43/AN8daakkHLI3Fs2dgAvXpmrUOhSyAEkLzjgdK5G48ZXTvuijjhOc5UVP/wAJ/qLYLbQfboarngO0jrB4embIMiKB9c1najZPp4Z5GBRVyzdh9TWMPFLakhjnmkhkPR1YgGqGqT38KlJpGltnx8yk7T6VLlHoNJ9TT03V7Vr0RyjfHL8khA6A9/wq3rfhq7tAWWITQ9fNi549xXLaY+536EgcHHvXbaB4uexVILvMkC8K4+8n+Ioi1YJXj8JyUkYjRiRjHaqLDBr12S20vXIfM8uC5B7jr+nNQJ4T0hHDfYoyRzhiSPyJp8vY51UR5ekLyOqopdm6KoyTXS6T8ONc1UBxbC2iP8dwdv6da9EtNlkP3EUNuB/zzjVf6U241+RFOLtm7fI3SqUI9SHUk3aKKGi/CWzsHE2pXH2phz5ajan49z+ldPea9p2g2REZTaq4CR4x+JrznX/GvlMYoHMsh6sTu2//AF65a+1eS/k2kkRDoGOSfc+9Wpxj8KEqTm/eZb8W+I7nxJftLIcQJwidgPWsW1HzvnpipWI9eaZaIXcr3PH61g3dnUlbRHTIfK0lIhwzoqgfVs/yxWvAFSSCH/nmVJ+vJrNEIl1aOEfciGTj24rVt1zf3T9RGhbHqcH/AOv+VbQMpHTaihOiTbBl5XjiQeuTk/yFaPimZtO8AafGxKTOYo/Q/Kf/ALGqDc2/hyEtgTzrKx9sqP8AGrHxFK3PiTRtEjO5YpcuPd5Mn9P51s9nbqcb1kvLUrwXa6D4W0uzYbLu7uHuJP7wgD5Rf+BEA/QVzN1G9zq0cajLSYUY7k1d8U3Ud54vTy3aVYjIGdu5B24HoBjA9hVvSYFiuZ9UkHyWafIP70h4Uf1qJO5cFb3nux2rXKDxDHAjAx2yLCMew5/WvTNDvRZNpUznCKij88A14vaymXUJJGJJAyT75r03W5DZ+GbOQHDLbl/yA/rW9F8t2YYiKdkcp8VdPWy+LInAwt3ZeaTjuMoT+S1iaXqsepahYqk6O4iu97FgAC7nr+WfxrqP2h2NtqOk3UfMstpNAmBySWX+hNea+BdDun1DewCqhbIJ6EjqfbAJ/CsaiaqOx000pUVJ9rH014CjhtNKS5zm2tIPMeQjG8jPAB7d/wAq8T8WW0962lSNnzrxZJ5CfVyHY/qa7/xjrx0H4Z6LpdiW+1azIIxjqI+nP1OKoeK7NY4bEqoBVSi+wreqk0oo46TcW5PqS+H5IrHww0u0AxMyJn8MVhMxdixOSTkn1qWO7P8AZcduOB5jSHn2AH9ahrN7GqCiiioKCnRffFNpY/8AWCgTLI6CikBGBRQKxBQPX1opm8klTwR0oEPooooAKKKKACnKmRnOBTacDyPyoAdsX0rL8Q6ymh2Xm7Q8jHaiHv6/hWtxnnpXB+PWeSe2YglVBYKO4zj+lTLY1px5pWNPQdMHirVxc3KCOMDfKR/Co4C5rkdVljj8QaokWW3St5Zx0XPH4Yr13wfaW1x4NDRKDJcxM8mDnJ5AGfbj9a8l15Vg1aTY2WCiKYAfdPb+lTNWirnTTlzTa7Fdoi8RdmDEdQD0qn5m24Z2HCjirLyo9owX/WqOe1Z8sjGMZ6DkmsdTY0rKKMQPeXOfLHRf7xrJu7mTULkyS52j7qDoo9MVPAXngzJnGcopPAFONq5YKAHBbbkHjNIewz7O3lICfl2lwFPSq00fHJIH1rSkje0uPJOd/wB1h25rOum+fFTYVysYAOR0oaIgEkZp+TxQ7HNJlqRCYgP4aBAfvAfLTic0okIXAqSrjXj6YOKaUzwTk+tOzmigBnlknAo8tv8AJp4bacg06N8ZXIoGiuRUhupWgERkYxg5C54pmOtMIxQM09LUKjueATjNW5XKqGU8VlW0rhDGOVNaMaLPE+TkIvAq0QyKWdpJ02uyBR1Dd6m/tfUY/lW9n2/9dDVMcjPepLdTK4B4HrTuyLEp1G6lOZriV+f4nJqOa6kmcjzGwBjAJxSyx+U+OCKgjkUs5Kk59+lGoCUuTSMcngVNHb7sFjgelKwhY1O0ufTirmiRBryIt0Dbj9AMmqszqF2KR9KvaUjLZXM+DniJPq3/ANbNVHcDotFUyLLctw00mxT7DBb+lbGkIJdVfjKgPnPf5GxVLT4vscCZ58iPgf7R/wA/oK2NBtxDFBK7fvbiYKF/2Txn+f510xRzM6jQdLOo+LtJsyM2+m2yGU9eQP6k1m3MiXnjnV9RLZaFz5a/7RJUH8AD+OK6nT3HhrRNS1ORv9NvpSYgOoQElR+X8xXBaYT9rv5mbJbAJ9Tkg/rWlrJM5otuTaMexje7124SMFn85kUDqSWP+Ird8WTLpNrbaQjAmP8AeTMO8hA/lUnhWKLQ9N1DX7gBmaV0tVP8TZI3fhXJX17JqFw00rEsxJP51lsrHSveZo+HLR7+7EajcXdV/wAa9F8WyCfTZ4IzkRQGEfUA5/WsLwJp50yyuNRmXmMEKD/e7CtewiN60EDfMZpgp/E//XrpirR9TkqSUp+hZ+MmnLqF94Y3AMsfmux9ANma5LwpaC207zSPnvGZz7JnH6/yHvXVfGfVV07WbGE/djsLiRgD6uijH4givOPFPiV9GtfssLCJ3iDZXqB0AHoMAUqrSm32HSUpU1FdTpYb6PxR440uzjl3w6Lblm9N+RkD6ZFdf4xAZbIj7pLf+g15r8EbGU3N5dkhhL8jM3XGc5H1Nen+MlFt4fecnm3GQ3pkFf5sKULuLk+pNZKM4wXQ4TS5vtFqZOzO236ZwP5Vcqpo6hNMtQB0iUn6kVcyDWRqxKKUnNJTEFCcSA0UqcMKBMnopQcCigVyCkK/MDS0pBAzQISiiigAoJxRTSc0AOHNAPzD0pUG7A79KDgE+lAEOoXa20XPGQTn2rk/GUwutMsLiM/NhoyMe/PP5fnWv4juFjtogx4JIx9KzLdYdR0RrQ58wyHHHQYHP51DtsdVOLspIZ4O8R3OgzRabLKIreb5o5COBuA4+mQP1qn8QNClsL9tRhUm3nGJdnOxgf5dKp6np1xZlLO5dMLzHPzx/s1sh5RAsSXBdWK7wx3Kwxg8VN7rlNeW0uZHBFiTk9aMCQhWYojEBiB0FbXiHQP7Mcz2+XtGPb+A/wCFYyYBBPI/Ks3daM2LtzCbORV3rLEcBHU5DDtUbSNFwOhINRyKEDGNjJATwT1B9xTFLPgEEkdKkLFme4+13SyHO5jg1U1FFS4O3ockfTJrQtrSTafMjwioxBPrWXdOXkXIxtXH65/rRYkhqNshqnkiaIgNjkBhg9iKhk6ioZURtJuApaZ61JpYdnNOwAm7PfGKjBxTyQY/xoBERPJpO+aBRQUScFiB0pDHuDHONozimg4NSDJPXFAFq0HkOjgDI5we9TXEys7+Wvlow+7nNOjIZSrjBH8Q6GmvGUB5BHTNUY31IUUhDnnFW7Zxt29O9VlBUkflSRttbOMHNMZYnKy/KGAYccmqlvErBy7Yx6VY+yI6fLnzD+ppbW2tpB9+WOQdRtyP0FO4IWC3RvmLgDsM0rYBIBB+hqRbS1MpVWmkOP4V6/nVmHRGlXPKDOADz+ZqtxMzfsfzbi2AfWup0CEX1lbwKu2OF2kcnufX8qi0/QVS5eM2xuZVxgOfl55Ga6WDSmsv9bLl3OWjjG1QPQVcYvczlJJWEu4PJiiRjlpjvIre8JabJqmtwvMfKs7VfOkduiqOg/SsaKJ7u5eYRtIinYg7sewFdTqNydB06HSo9p1K6xJPtPEY7ZP5n2xnvW8V1ZyVHZWRJ4g1VbnTdQv5B+6ikEMEQ6LwWOfyUfj7VwkF1JBZiXPytHzg4yc5yfzJq94w1hI9B0+wgJ2uzytx94A4Vj7k7z+IrHhlLQRxug2sNvPfGKJO+w6Ufduamua22qWNtEkItraKMRxQg9B3J96q6XYHekrKGkdtsKHnJ/vH2FOWJJiZpci1i446ufQVoxXB0+yfU5lAmkHl20WOFHbipSuxydlodTcyR21va6ZE2VhXc5/vOeT/ADrY8FWpvNesF6hZDKfoorkLFWkjSRiS4JBJ716d8OrYWs91euAscUWzceMZOSfyArrp+9Ndjz6t4xa6nm/xS1G3k+I2pXl8BNp2lWscJiJ4mlLCRYvxzz7A14/4q1Q6rPb3LspmlhDSKn3VO5uPyxV3x14qfxPr15OpK2zzySqvqWP3j74wPoBXMH5sivNqz5pO2x7VCnyRSZ6t8DtaU301lIcN5eUP4/8A169i1u3i1PT5LKdcpOhVgD7ZH9D+FfN3wzuzZeK7YZ2iQNH+Y4/UCvoW4nKpZTZPLjP4jFddCT5LHDiYWqXOMSIQIIlGAg2gemKdVnU4vJ1G4XsHJ/CoEGTU2syVqNAzS7TUnHpRQMiIIpVOGFOk6CmCgRPn2NFFFAWIulPfpTKcxzxQSNooooAKQjANLRQAiNg8daU9D70ijBNDMFBJ4A70AzmPGocJasoJRS2SOg6dazLPUF0+FJCF85uAp6D3re8XTvbabuCh45D5bg9s8g/pXAvceY7E5yRnr09qwno7npUVzQN27v1uAyzEybuCG7e9VbO2nRmWOfgfdY9x71NpNm8g/fxoYmXIaQZ/DPathNPhWPmApjurc/8A16cb9SZTjF2M8Xk8SmO4i3I3BKjKn6isS90OMsZbOVAveGRsflmurjhhIzFcDI6g9asGNmxueFvdsc1UlzEe1R57P5YZW2SWYIwVkBZT7gjqKjguohKA7gqOMqf8a9CuLYXS7Hki2gYCg8Vi32gWESqyBN+RjCnB9qz5GWqsWYUty6xsiSkxM2B9KyphmRjWxeooMyqqgKQRjtxWXJCzFiOcms2WQjknPpUcgPBqw0JjYAkc8HHarc1rDKsaoGUquCSc5PrUlrQyqRVJarUlg6Nwdw9aiaBlbBAx60rFpkcgxTCOKe7GMFcBs9zTBvIx2pFDBSqpc4AqZLSRiMJn8a09MsX87GzazccnimlfQTdjMis5JZAo4Pf2HrUjQeRK8cjDgdfevU/CPgCxv9Ws5L658tLpvJAGOSwK8fn+lcZ43tBpXiW80tLcRm1doMepHBb9K0dNxVzNTTfL1MaKRkUFk3x47dRU8gEiZRg6jk47UllMTHImc8c1dGlRXEKbCYZ9u4MvRh9KlK4aGaG/H2oKc7l5Hp6Us9tcWjN5ke9R1ZOlMSRZOM4osBLGSqtkEYPWp4rhra4SdGK8fOF/nTDesbP7NIm5c/K2OR61QkY+vI+WgDr7UxyC0lZQVbKnP866iazjjs5CgGDggY6VyWlqz6Oi7OVfcMeneurtbkXOmyEfwrtNdVPTVnPUdh2m/JqEjZxlEYD8/wDCrV9H5TtMJFcYwoI6VVtYzBItwTwYwuCPQ5re0mzT5b29KhAN8Ub9Av8Az0b29B3OK2SvoYTl1YukWkXhfTf7W1D5p/8Al3tzxhiOp9/5Vz0ks13cTSXEh+03P72eQ/8ALOM84+pGB9MDvU+v6o+rah9qkybSH5beF/4j6n+Z/AVk3lw8YWAk+dMwedieck8L+HX6n2qZPogjFvVlDWbk3+qKCNiIoCr/AHVAyB+HA/CrF0ixpEztsiUckdfoKqgxvfXUsx/d7toA6nJwAKu39jNqWqpbx88A4A4X3rJaHQrF2wQ6vIJJAIbG3XcQegH9ao32ptretwIgxbxnCJ6KO/44qXXNRit4F0yxJ8iP/WuP42//AF0vgjTPtmpyzMpKRgAY7k/5/WqXvaIi+jkzs9LsTIsMePTP9a6z4jasvgj4Y3QDbLy8XyFAODufr+S/ypfDOl/aNSiXb8ijfIR0wO39K8j+PXjVfEXif+zreTfZ6dmP5T8rSH7x/Dp+FdMpeypt9WcEIutVSWyPMSNx/rU4szNMyqdqqu5j6CoY1MjKqjPParkkqosgRwQRtZh39h7V5G57d7akOkXZ0/U7a4zjypFbPpyK+kbq6jn0VZY3DBQrow9OMV8zDnA6V7x4Dv01Twvbo7A/ugjDPQjj/Cuug9HE4sSrpSNDXvm1DzB0kRWrPQ4YVb1KTzEsz1/cAfkSKpg4rV7nLHaxLRQOlFBQyTqKaKc/3qYaAJyOeoophBJ6UUAIOaKB0ooICiiigAooooAMc5pJE3oV9RilpR1oApanp41HTZLYthyMq3ow6GvLZ7dobiWKRSrxNtYV68RwOOD0rz/xwDa69G4QEXEQ+Y/3hkf4VnNdTtw0mnylLR2UTETSOgA4Knit61wZQI77Cn+EgE//AF65bTNQaOINwC5wwI44q3JrUMDgyxxnrjaOahM1qwb2OsMFvMx8zy2lHG4fKwpk+mxzRbGR2A53ByT+YrnU8V2kw8uUyRE9JAoO3/GrMGuW2crdFwP4h/hmtLxOT2ckX/Jl09JD5bToDlSWLNj+tRMr3iSZjaNVGf3bbjnt8uM1oQ3xJGZA6ldw9x9aS+mil0u4m37CqkGQHJU5oJ1T2OW1HSp7SKa5JLxtx867WB9CDWDLcCNMfxGp7uaSeQvJMXyO5rMlYk881yyZ6EY3WpZkdDB8pHX8aWO6+QcZxVNMbgDXRaZ4Ye8iV5JfKB5I25IpxTlsE2oGO94wfpkemelPS6STqCp/OuusPBtpLKEKvMc9Sf8ACtyy8A2U0wWZLazjx80tw21V/wATV+zkRzxsebgROcAhj7DFbun+HDcpu5+UbnHlnj2zjrXb3PhHQdMkX7LPb6hcgZAjGET/AGmJ7fTrUM09tpNoMSBo1ycAjdK56nFUqSe7Jc29EcuNHijORbXZXsMYz+la2my2ulo4OgvJIT/rZ5c4+g2/0rNnvLrVJzLJO6RqMhUJCr7e9W4tUurKOPrc7juww+7/AIVUYxQNPqWU1G41C5LxwyQbHD7348sA5CrwMDPU9a6D4p6CPGOg2vjTS4VNxHGYtQhjGcEcbx9M/kR6VzX9sS6qQsqGODOMRjcGP+0euPauu8D+J5PDWoOksZubC4+We3znI9QPX+dbJKS5XszGacWqkd0eK2D+U54LMeAAK6ux0+a8t1UoInUbkbdyPUn0Fera/wDCnSYkbW9BWO4045keKFTJLEe4C5/Q8ivKNX1hLu+aG3RorcNggn5m9cms3SdLcuFZVvh0K0bFJm81Qhzgj+E/T1qnd6JDcsXgxHJ3UdDXQ3VgEsg45KYYH1FVpIA0KXCc9mA7VDibbHLyWd1CAjBiB04yKSDTHMq+Z8zOcbVHArqTGXGVB57EVGJGyVMYz646VKj3Gmamn2Iht1iBGwjr/Or9jbOkVxboMuSQqjnNQaDYXOsSIkAwqnDSMOAK7PzLDwpEUgK3up4wzt91D/ntXRGP3HJOetjNi0k2iobzA2KP3bchf97HXPYdT9Kg1i/N/J9mXKRId88p5LEcYOOMDgADjP4Uajqr7RJKzG5k+ZQw5XjG8+hI4A7CsyCIzrtZ1t4c5Z27/h1NU2lojJa6seXD/v2UBI8JFGe56ge/qfX8ahsrJNQvlSTJzly3cnrTpcTzRpFnylyEDcE+59zya1vD+mMzLKAWdwcKBwBng/pWa1Zo3ZXOevtIY6ykUEe7Eikqo98mrGs366PE9vbtuvJTmaUH7vsK6SVxp00lpZL9q1K5Y+ZIP4B6CvO9Tdl1OaJvviQq2TnkcUS90qDb0exEo4ye/WvTvAumCx0eOV/9bPl8AdATxXnljZm8uordeDIwTPXGTjNe9+G9IisrUXt2RHZ2yZUvwDgdf896ujDmlcyxNS0UkZvjDxLH8OPB0s5YDVb3KQp3Bx1+i/zr5e2y3tweC8jnJJ6n3rsvid4wk8Z6rLfNuFt5hitEPRY16n6knNc5aqtvZqVbbLJzuxyBWFep7SVlsjpw9L2cbvd7jLS0M8/2SEjzCCWcnGcc4qs1vLuwqE89B0q6sAhkMiZU/WgMQRg4xXPY6rGdtIbGOfQ11fgzXbvRJPKjKNHKeUlbCqcfez2rDnvFY/MxkI/z1qa3hmZBJHESO/yngfXpVxvcmUbqzPW4bozW1vucOFTAYdx6/rUtcv4Vm+16YgU5Csy5PNdLbx7Exkk5rqTujzpR5XYnQ5WnU1F2g06mSRt94000tFAE46Ciow4wOaKAEHSigdKKCAooooAKKKKAEJxiloooAdjcjL+XsfWuS8faTJfaWl1FkzWpJIHde5H0xXWA4ppjDKVI3K3BB6YqWrmsJ8mp5NbxrJbROhwGUlweMEZzVGwliD/MBvJ4at/UtOTTL6e0jYFFOF9QGGcH6Zrloos3Jj+6ckD61zPQ9K/Mrm7DFEh+ZcgDFSRWtg5ZpoRtI6gkHNV7djLCufv9D9as/ZmZQSPloRLIEQxyAh5/JH8KykYHtVlre2a3mCahehm+bymXILeh5xVowqyKAOMYFV3IZvKhXzX/ANnoPxrRJsz07nOTs+4h+GBxjHSq7Ru8wVFLMeAAK3tRsrjKRsi7pOhGOPqas2tstgnmOytJ2OOAfapUNTRSVtCpoXh6SS633KbQmCF9/eu1gWNFwz+Wnc1zyaoLS3LsQWbnjqaRNQklIedGw4+WAdSPU+3t3raLjGNluYSUqktdjo38QLH+4soHxJ8pmBwT9DVd9Ia4Y+ZLIcnoWyf1punRxwf6TeSxxvjCbjgKPTFTXfiSxgRtjmaToMA8n6mmmo6sLPoii1xBYxTpGHlkRtpdjnJ9PYZP41lrLJczsWbLY3Mx6AetQ3Ops1oIUhkZ9xdyR1Jqo91L5So0DwxkgsxHU+9ZcyubXNiGb7WdkYKW8f8AERyT7juT6VpyszRkYG5uAAOlYQu0VEFvOsUYzyynOfX6n9KcdVkRcGSGRRgfKSD06c5rW6Jab2LcigARQ5DZ5YfxH/Cql5iKY+W/zYAbaOKkfUoI4GKyATMOcnlfpWY9ykSlnYN6bec1nKSKUbG/4a8aan4NujcWFwyBiN8J5ST2K/1616Fb6x4Q8b/6Xrekto+rEYNxacgn1K9/x5964HRdAcqlzc7S7DKLnhAfX3q3fG10hkWS6hG88Avz+NXGo4qzOapGMndb+R09/wCFrKVdmlapDdxsMBZfkbB/MViad4T1WwvEs7q2HlXDBFYsCG9MEdDVaHTftkby2zebJGN5EbZO3149Ko3NzclEliupcocgBzg024rWwoqWykenaT8GNWuI2jKRom75GlIGQfSodW+HNp4dmZL+8Esq8+TAuSfx6CuI07xVcW6pKtzIGTnBYnbXcaR8X2ubdbbVIo9QjAwPtCgn/vrrWsZUmrWsc0414u/Q4/VPFMmnX4tIYhY6eRwI/vMPUt1/DiorK4Zp8rH5hPK55H1NdxqeleD/ABdBtBuNNn6hoyJFB/Hmuei8IWeiBjB4lt5YugjkgOf58VLi+5oqkLWejM90luJnDkPIeS5ohs1D5Y5Oe/NXZJdKgiK/2tAzHr5YJJpYdQ021CSRn7ZIfurnv9KlpjbvsizoHhWXXLtyG8uBD8znpXS6vdWGmWf2fTcNK+VMoPQAY4rP07UXgsjDv2BBsAAwGdvvH3wP51z1lqQ1Cefp+7lKDHYA8VV4xWhlaUpXeyNbwXo8p1Se8m+WK3hdy3Uk/wD6s1xelxfbbW9uDZwTlnZxNLuLL9ADjr613U3iaDStA1G1t4ZL3Vr6JobeG3G4/MCpJx06/pXU+A/BsPh3wjA/iKCG3ZvnkhVss+SSqt6n2HrSjD2jsi5VfZx5upyvw3+H0l266vfjyLGI7lLDHmY/p71N8ZPGLQ+HJLWzJjglYQIBwXyOT9Mfzq74g+JsGs6u2k2jC2sbZN0nHyqo7E9OPTt0rxnx14kPiXWIILQM0EPEef4ie9VUnGEeSJFKlKrUU5mJqlu819DYQDeLdBH7burH/von8qk1K1jWKK0hAMkf+slPX6VM8g0iJoYj5l6wLSSf3apWDFotzEsSxyT3ritZWPVV3r0JXPkwZ69qfZaZLfhpZSYrZRktjr9KXaJGHyhtpzzWrcNdXVh5ap/rGC4AwFFCjdlN2RHomlxyg3LoCmcRqR+tWdRim1CdbK2JLbcugIAIqSa9j0u1SLq20BFxyfeqvhi6km8S2yggtIzBs9xtJP8AKtHZaEXdjrfDmiy6PYpHKAHc7iF5A9q3oxs4qSYAqrL0BwKYnJOa1irHnt3Y6kPSlpG+6aokjNIeaWigAooooAcCKKbTh0oJCiiigQUUUZzQAUm6lptAx1HTrSBsdelIeTQFjh/GFsbbXVlA+S4jBB/2l4P6Yri7uPyrrd33cmvTfHFmZ9G+0IuZLVhJ/wAB6MP5flXnd/Es+yZCMSDkH6VhM9KlLmiWLFwJsMeCOla9tcCQeTt3v/CiDJP/ANb3rmIpnlUAYTb1Oea3tEmEbEo3lAqWZurHHpn+dZoc1pc14rNniT7Qef8Anin9TUpRUO1VAxwABiuUvtdkkmPkM0eeBg9B7n1rPWeWKYTCVt27ack81pzpbGXs3LW5va5KZ5E8tsLH3zjmstbzaSZZmlk6fKM4qpcu5nYMxP41bsUPAVQMHPPSs3Js2iuVWLCzMvzPbuWwGRWAx9TSRPPPO7uuCer5wR+VW7S1kvmKrkhuWY9W/wABW1Fp9vp8StIyyP1A6r/9emkTKSWxTsNHM5Xduk/3mIFb8ek6fpyh5QPOx97JIX2Ga57UNfMLbIjlvQHFYF/rFxM+2Q5Qg8LWnNGPTUUYylrex02peLLWylIgQSuOMjgfnWBN4ruJJNzCBt3YgnFZDO3lyZU5ycEdqa75lBweg6isnJs3sb8HibcAJYyqf3ozkflWrDJFdwqREkkbDgsnWuPjkCmVQcA8jNaGmambJlRyTBLyVHO0+tOMrbiaZs6hYQSQiRIUC5wwUdKzIZra0meS4jXzYXDRqo+/9TW6pF1bSNEdy4zkc9OaxvEFsYJTO8LRMTnaR/AckU5JLVGa10ZR1HWrrUJ97ytnsOgHsBWewLEMxyWz1p8qFX5GAeR9KaCWEYxxg1nuWrI0/DmtXPhzVLe/tj+8hIZo2+6655U+xHFet6r4Y0jxjpkXiLwy6ebIGN1ozMQ6uoy5TGewJx3/ABxXikWdr5/iGP8AP5V0PgDxG3hXxdp2opMYoopCH4yCD1BHp/jWtOST5ZbMyqxduaG6/Es31qsDxtA5ZXO0xyDDo3cMKiW4RJQjDypFPRvWuu8ZS6X4m1ya+tJlt72STf5I6Pz1/TqOax5fD90UZ7m3JXsSuc55qnHWyM4zvH3iOOR2IZc8dSKtCSd8FgxqHTfD7mUhHliQctgZA/OrTrcxv5NpHLcMv/LTyuv/ANahX2Jc1eyIL1dkG9oA7fw7hTdG8PyapvldWtweF2nJJ9q0v7L1LU7m2iuYhAuQoQ8E+9duthY+GLAXVxcKVh+UKo6t249ea0jC+5EptKxwGpeHbiC6a1srp7iWFcyAkjk9hitvwj4Lv4XEt9stonA3bn+b+WB+NTzeK4ba1ujptoIySP3so+8x6n/9ZqxoxvdVuI3mmMuF6MMKD3PFUuS9jKU5uNj0LTT4f0WCWeytfKlQbru7lGA47EMeuTx2HX0rgPiV4k1iK2imt2F1HdKzJLC24xqDggL2+tU/iBqovdSs9Ehvf9FhAMyKow8v+164A6H1rLk0WO00+YRSTINpI2twvfgA4FVOd/djsZ0qST55Mwfs81vo7Q28bTSTjzbqZBu2r1Ckjp6muTi86LffqSqhtiOe5x0/L+lEclwjy+VK0YkUq5DY3D0PqKmvr9tQgtLVIkihtkKqqsfmYnJbJ7k/yrkbPUWhBaSIS8kjhnY9zViMRhFCMAv1qhBA0crCRSOMCpXVV4A4FZrzKNq2e2gMZfkIgwq85PvWlb6pI0ivFZ+bGDk+Z90/5+tc5ZXMcSMsicnkNSHVZ4xtViq5zsFaKVhWuX7ySee6MtyMjOflHQeg9KPs/mzxNajLf3l7fj2qKHVFndUZWUsMc9KLlHtf38BK45IU8fWhhY6Xw/qF5aamtvM7FJAQVZi3QZBFdwmCoI6YzXnOlT3MV7YTy7mjkIZRIOoPHFehwzK6BhwMYI9K2i7o46qSehJTGYEYpGJP0pKsxClUZOKTGacowwoAd5dFPHSigCCiiigBd1GeaKKCQJzSZxRRQOwZooooAKD2oooGEkazRNG67kYFSD3B61wOueFTYWhtIImmLzebDOewwco35Z96KKiaVjSi2pWORbCkS46HDpjpWoVW30iWZDgsTGx65zRRXMjvnrYxQhEaux5kbp7CnId6oD/G+cUUVKLHx/6TfBccM1a9hpxmmKoMqzDj+VFFNbmc3aJshlizHGR5Mf8ArH7OfQe386xtT1sTz+WhPXGaKKuei0IhFNmLPcNJHu4XaenemTM77WyvIPaiioOhKwmXaKXoRk5/KkkDeYCcAjAoooGSAyGd8EZIFNRW/c5buRj8KKKAOo8J6rFBqKxz8RMQjZ4DD0PofT9a7DxNoJ1PQpYwubrThmNhx5kPt7gUUV0U4pxaZzVNNTy8fvW2yZJjwBn0qFSoQ8cg/wBaKK5zTqSxD7qgAlumO1FtCGuGHZQaKKCkSxynz2+YmRBtQfWusl8eXuh2sNpbXBldAAWkO5Rx70UVSbWpjKKk9TS0v4x6rbbIp1s2gkYb5I4zuH61st4wuNUcyxyR4PAKL09uaKK2VSVtzKdKEXdILVp7+8jDuXlfj6D0pPF10ri3sI8GMSAE/wB48Fj/ACH4UUVpfQxslNFW6tzdNDbxKAN2TgYAHTmtTVb8adp62tqdm7GXHVj/AIUUVPQcldo5e009bm/QgEHduLZrqzb5UqeVPBFFFTHYUndo8huYTbXM0RGPLcrz7GqiISzhQTg9qKK53udq1RMAsKEn8TVcyM7fd49aKKCibaFUYyT354pJZlZMBAtFFAEKuFYEgke1X7kx21m6RufnAIQtzjOaKKpC6nYaTeT6npsUtwGkUN+73AcAY/kRXWQx+UvHOaKK2gclXclIxSUUVqYEidDUkUJmlAzg4oooAm+wyeq/nRRRQB//2Q==', 'Diganti Merk Panasonic');
INSERT INTO `aset` (`kode_barang`, `kode_barang2`, `id_detail_pengadaan`, `id_master_barang`, `id_jurusan`, `id_ruang`, `id_lemari`, `nomor_rak`, `id_lokasi`, `no_seri`, `harga_satuan`, `nilai_residu`, `umur_ekonomi`, `kode_inventaris`, `status`, `id_kondisi`, `tanggal_registrasi`, `gambar`, `keterangan`) VALUES
(46, '301a8397-566e-11f1-881f-0242ac130004', NULL, 30, 6, 4, NULL, NULL, NULL, NULL, 0.00, 0.00, NULL, 'INV-2022-30-026-002', 'Di Gudang', 2, '2022-01-01', NULL, 'Diganti Merk Panasonic'),
(47, '301a8a7e-566e-11f1-881f-0242ac130004', NULL, 33, NULL, 12, NULL, NULL, NULL, NULL, 0.00, 0.00, NULL, 'INV-2022-33-029-001', 'Di Gudang', 2, '2022-01-01', NULL, ''),
(48, '301a9025-566e-11f1-881f-0242ac130004', NULL, 43, NULL, 8, NULL, NULL, NULL, NULL, 0.00, 0.00, NULL, 'INV-2022-43-041-001', 'Di Gudang', 2, '2022-01-01', NULL, 'Salah Spek, TE-600'),
(49, '301a9541-566e-11f1-881f-0242ac130004', NULL, 53, NULL, NULL, NULL, NULL, NULL, NULL, 0.00, 0.00, NULL, 'INV-2022-53-051-001', 'Di Gudang', 2, '2022-01-01', NULL, 'Dipinjam Pak Wildam'),
(50, '301a9a2d-566e-11f1-881f-0242ac130004', NULL, 54, NULL, 5, NULL, NULL, NULL, NULL, 0.00, 0.00, NULL, 'INV-2022-54-052-001', 'Di Gudang', 2, '2022-01-01', NULL, ''),
(51, '301a9f0b-566e-11f1-881f-0242ac130004', NULL, 55, NULL, 5, NULL, NULL, NULL, NULL, 0.00, 0.00, NULL, 'INV-2022-55-053-001', 'Di Gudang', 2, '2022-01-01', NULL, ''),
(52, '301aa43c-566e-11f1-881f-0242ac130004', NULL, 57, NULL, 10, NULL, NULL, NULL, NULL, 0.00, 0.00, NULL, 'INV-2022-57-055-001', 'Di Gudang', 2, '2022-01-01', NULL, 'Turun 1'),
(53, '301aa9b2-566e-11f1-881f-0242ac130004', NULL, 58, NULL, 6, NULL, NULL, NULL, NULL, 0.00, 0.00, NULL, 'INV-2022-58-056-001', 'Di Gudang', 2, '2022-01-01', NULL, 'Adaptor 1pcs'),
(54, '301aa8ee-566e-11f1-881f-0242ac130004', NULL, 58, NULL, 6, NULL, NULL, NULL, NULL, 0.00, 0.00, NULL, 'INV-2022-58-056-002', 'Di Gudang', 2, '2022-01-01', NULL, 'Adaptor 1pcs'),
(55, '301ab17f-566e-11f1-881f-0242ac130004', NULL, 59, NULL, 11, NULL, NULL, NULL, NULL, 0.00, 0.00, NULL, 'INV-2022-59-057-001', 'Di Gudang', 2, '2022-01-01', NULL, 'Untuk IOT Lab'),
(56, '301ab042-566e-11f1-881f-0242ac130004', NULL, 59, NULL, 11, NULL, NULL, NULL, NULL, 0.00, 0.00, NULL, 'INV-2022-59-057-002', 'Di Gudang', 2, '2022-01-01', NULL, 'Untuk IOT Lab'),
(57, '301aaf92-566e-11f1-881f-0242ac130004', NULL, 59, NULL, 11, NULL, NULL, NULL, NULL, 0.00, 0.00, NULL, 'INV-2022-59-057-003', 'Di Gudang', 2, '2022-01-01', NULL, 'Untuk IOT Lab'),
(58, '301aaeda-566e-11f1-881f-0242ac130004', NULL, 59, NULL, 11, NULL, NULL, NULL, NULL, 0.00, 0.00, NULL, 'INV-2022-59-057-004', 'Di Gudang', 2, '2022-01-01', NULL, 'Untuk IOT Lab'),
(59, '301aae21-566e-11f1-881f-0242ac130004', NULL, 59, NULL, 11, NULL, NULL, NULL, NULL, 0.00, 0.00, NULL, 'INV-2022-59-057-005', 'Di Gudang', 2, '2022-01-01', NULL, 'Untuk IOT Lab'),
(60, '301ac355-566e-11f1-881f-0242ac130004', NULL, 64, 6, 10, NULL, NULL, NULL, NULL, 0.00, 0.00, NULL, 'INV-2022-64-062-001', 'Di Gudang', 2, '2022-01-01', NULL, ''),
(61, '301ac29f-566e-11f1-881f-0242ac130004', NULL, 64, 6, 10, NULL, NULL, NULL, NULL, 0.00, 0.00, NULL, 'INV-2022-64-062-002', 'Di Gudang', 2, '2022-01-01', NULL, ''),
(62, '301ac1c1-566e-11f1-881f-0242ac130004', NULL, 64, 6, 10, NULL, NULL, NULL, NULL, 0.00, 0.00, NULL, 'INV-2022-64-062-003', 'Di Gudang', 2, '2022-01-01', NULL, ''),
(63, '301ac065-566e-11f1-881f-0242ac130004', NULL, 64, 6, 10, NULL, NULL, NULL, NULL, 0.00, 0.00, NULL, 'INV-2022-64-062-004', 'Di Gudang', 2, '2022-01-01', NULL, ''),
(64, '301abf09-566e-11f1-881f-0242ac130004', NULL, 64, 6, 10, NULL, NULL, NULL, NULL, 0.00, 0.00, NULL, 'INV-2022-64-062-005', 'Di Gudang', 2, '2022-01-01', NULL, ''),
(65, '301abe37-566e-11f1-881f-0242ac130004', NULL, 64, 6, 10, NULL, NULL, NULL, NULL, 0.00, 0.00, NULL, 'INV-2022-64-062-006', 'Di Gudang', 2, '2022-01-01', NULL, ''),
(66, '301abcf7-566e-11f1-881f-0242ac130004', NULL, 64, 6, 10, NULL, NULL, NULL, NULL, 0.00, 0.00, NULL, 'INV-2022-64-062-007', 'Di Gudang', 2, '2022-01-01', NULL, ''),
(67, '301abc3c-566e-11f1-881f-0242ac130004', NULL, 64, 6, 10, NULL, NULL, NULL, NULL, 0.00, 0.00, NULL, 'INV-2022-64-062-008', 'Di Gudang', 2, '2022-01-01', NULL, ''),
(68, '301abb7c-566e-11f1-881f-0242ac130004', NULL, 64, 6, 10, NULL, NULL, NULL, NULL, 0.00, 0.00, NULL, 'INV-2022-64-062-009', 'Di Gudang', 2, '2022-01-01', NULL, ''),
(69, '301abab5-566e-11f1-881f-0242ac130004', NULL, 64, 6, 10, NULL, NULL, NULL, NULL, 0.00, 0.00, NULL, 'INV-2022-64-062-010', 'Di Gudang', 2, '2022-01-01', NULL, ''),
(70, '301ab9bf-566e-11f1-881f-0242ac130004', NULL, 64, 6, 10, NULL, NULL, NULL, NULL, 0.00, 0.00, NULL, 'INV-2022-64-062-011', 'Di Gudang', 2, '2022-01-01', NULL, ''),
(71, '301ab817-566e-11f1-881f-0242ac130004', NULL, 64, 6, 10, NULL, NULL, NULL, NULL, 0.00, 0.00, NULL, 'INV-2022-64-062-012', 'Di Gudang', 2, '2022-01-01', NULL, ''),
(72, '301ad22f-566e-11f1-881f-0242ac130004', NULL, 65, 6, 10, NULL, NULL, NULL, NULL, 0.00, 0.00, NULL, 'INV-2022-65-063-001', 'Di Gudang', 2, '2022-01-01', NULL, ''),
(73, '301ad17a-566e-11f1-881f-0242ac130004', NULL, 65, 6, 10, NULL, NULL, NULL, NULL, 0.00, 0.00, NULL, 'INV-2022-65-063-002', 'Di Gudang', 2, '2022-01-01', NULL, ''),
(74, '301ad09b-566e-11f1-881f-0242ac130004', NULL, 65, 6, 10, NULL, NULL, NULL, NULL, 0.00, 0.00, NULL, 'INV-2022-65-063-003', 'Di Gudang', 2, '2022-01-01', NULL, ''),
(75, '301acf30-566e-11f1-881f-0242ac130004', NULL, 65, 6, 10, NULL, NULL, NULL, NULL, 0.00, 0.00, NULL, 'INV-2022-65-063-004', 'Di Gudang', 2, '2022-01-01', NULL, ''),
(76, '301ace01-566e-11f1-881f-0242ac130004', NULL, 65, 6, 10, NULL, NULL, NULL, NULL, 0.00, 0.00, NULL, 'INV-2022-65-063-005', 'Di Gudang', 2, '2022-01-01', NULL, ''),
(77, '301acd4f-566e-11f1-881f-0242ac130004', NULL, 65, 6, 10, NULL, NULL, NULL, NULL, 0.00, 0.00, NULL, 'INV-2022-65-063-006', 'Di Gudang', 2, '2022-01-01', NULL, ''),
(78, '301acca2-566e-11f1-881f-0242ac130004', NULL, 65, 6, 10, NULL, NULL, NULL, NULL, 0.00, 0.00, NULL, 'INV-2022-65-063-007', 'Di Gudang', 2, '2022-01-01', NULL, ''),
(79, '301acbf1-566e-11f1-881f-0242ac130004', NULL, 65, 6, 10, NULL, NULL, NULL, NULL, 0.00, 0.00, NULL, 'INV-2022-65-063-008', 'Di Gudang', 2, '2022-01-01', NULL, ''),
(80, '301acb3c-566e-11f1-881f-0242ac130004', NULL, 65, 6, 10, NULL, NULL, NULL, NULL, 0.00, 0.00, NULL, 'INV-2022-65-063-009', 'Di Gudang', 2, '2022-01-01', NULL, ''),
(81, '301aca76-566e-11f1-881f-0242ac130004', NULL, 65, 6, 10, NULL, NULL, NULL, NULL, 0.00, 0.00, NULL, 'INV-2022-65-063-010', 'Di Gudang', 2, '2022-01-01', NULL, ''),
(82, '301ac98e-566e-11f1-881f-0242ac130004', NULL, 65, 6, 10, NULL, NULL, NULL, NULL, 0.00, 0.00, NULL, 'INV-2022-65-063-011', 'Di Gudang', 2, '2022-01-01', NULL, ''),
(83, '301ac7fe-566e-11f1-881f-0242ac130004', NULL, 65, 6, 10, NULL, NULL, NULL, NULL, 0.00, 0.00, NULL, 'INV-2022-65-063-012', 'Di Gudang', 2, '2022-01-01', NULL, ''),
(84, '301cc88d-566e-11f1-881f-0242ac130004', NULL, 177, NULL, 8, NULL, NULL, NULL, NULL, 0.00, 0.00, NULL, 'INV-2023-177-215-001', 'Di Gudang', 2, '2023-01-01', NULL, ''),
(85, '3020894b-566e-11f1-881f-0242ac130004', NULL, 184, 7, 8, NULL, NULL, NULL, NULL, 0.00, 0.00, NULL, 'INV-2023-184-238-001', 'Di Gudang', 2, '2023-01-01', NULL, ''),
(86, '30208895-566e-11f1-881f-0242ac130004', NULL, 184, 7, 8, NULL, NULL, NULL, NULL, 0.00, 0.00, NULL, 'INV-2023-184-238-002', 'Di Gudang', 2, '2023-01-01', NULL, ''),
(87, '302087d4-566e-11f1-881f-0242ac130004', NULL, 184, 7, 8, NULL, NULL, NULL, NULL, 0.00, 0.00, NULL, 'INV-2023-184-238-003', 'Di Gudang', 2, '2023-01-01', NULL, ''),
(88, '3020870b-566e-11f1-881f-0242ac130004', NULL, 184, 7, 8, NULL, NULL, NULL, NULL, 0.00, 0.00, NULL, 'INV-2023-184-238-004', 'Di Gudang', 2, '2023-01-01', NULL, ''),
(89, '3020852f-566e-11f1-881f-0242ac130004', NULL, 184, 7, 8, NULL, NULL, NULL, NULL, 0.00, 0.00, NULL, 'INV-2023-184-238-005', 'Di Gudang', 2, '2023-01-01', NULL, ''),
(90, '301b2e55-566e-11f1-881f-0242ac130004', NULL, 25, 7, 10, NULL, NULL, NULL, NULL, 0.00, 0.00, NULL, 'INV-2023-25-096-001', 'Di Gudang', 2, '2023-01-01', NULL, ''),
(91, '301b3404-566e-11f1-881f-0242ac130004', NULL, 25, 7, 8, NULL, NULL, NULL, NULL, 0.00, 0.00, NULL, 'INV-2023-25-097-001', 'Di Gudang', 2, '2023-01-01', NULL, ''),
(92, '301b29b1-566e-11f1-881f-0242ac130004', NULL, 30, 7, 10, NULL, NULL, NULL, NULL, 0.00, 0.00, NULL, 'INV-2023-30-095-001', 'Di Gudang', 2, '2023-01-01', NULL, ''),
(93, '301b28e3-566e-11f1-881f-0242ac130004', NULL, 30, 7, 10, NULL, NULL, NULL, NULL, 0.00, 0.00, NULL, 'INV-2023-30-095-002', 'Di Gudang', 2, '2023-01-01', NULL, ''),
(94, '301ad6a8-566e-11f1-881f-0242ac130004', NULL, 66, 7, 4, NULL, NULL, NULL, NULL, 0.00, 0.00, NULL, 'INV-2023-66-064-001', 'Di Gudang', 2, '2023-01-01', NULL, ''),
(95, '301adb1a-566e-11f1-881f-0242ac130004', NULL, 68, NULL, 5, NULL, NULL, NULL, NULL, 0.00, 0.00, NULL, 'INV-2023-68-066-001', 'Di Gudang', 2, '2023-01-01', NULL, ''),
(96, '301ae0ce-566e-11f1-881f-0242ac130004', NULL, 69, NULL, 12, NULL, NULL, NULL, NULL, 0.00, 0.00, NULL, 'INV-2023-69-067-001', 'Di Gudang', 2, '2023-01-01', NULL, 'Salah Spek, EBE500'),
(97, '301adf90-566e-11f1-881f-0242ac130004', NULL, 69, NULL, 12, NULL, NULL, NULL, NULL, 0.00, 0.00, NULL, 'INV-2023-69-067-002', 'Di Gudang', 2, '2023-01-01', NULL, 'Salah Spek, EBE500'),
(98, '301ae6a9-566e-11f1-881f-0242ac130004', NULL, 70, NULL, 4, NULL, NULL, NULL, NULL, 0.00, 0.00, NULL, 'INV-2023-70-068-001', 'Di Gudang', 2, '2023-01-01', NULL, ''),
(99, '301aebed-566e-11f1-881f-0242ac130004', NULL, 70, NULL, 9, NULL, NULL, NULL, NULL, 0.00, 0.00, NULL, 'INV-2023-70-069-001', 'Di Gudang', 2, '2023-01-01', NULL, ''),
(100, '301af095-566e-11f1-881f-0242ac130004', NULL, 71, NULL, 9, NULL, NULL, NULL, NULL, 0.00, 0.00, NULL, 'INV-2023-71-070-001', 'Di Gudang', 2, '2023-01-01', NULL, 'Turun 2'),
(101, '301af53b-566e-11f1-881f-0242ac130004', NULL, 71, NULL, 10, NULL, NULL, NULL, NULL, 0.00, 0.00, NULL, 'INV-2023-71-071-001', 'Di Gudang', 2, '2023-01-01', NULL, 'Turun 2'),
(102, '301af9ba-566e-11f1-881f-0242ac130004', NULL, 73, NULL, 5, NULL, NULL, NULL, NULL, 0.00, 0.00, NULL, 'INV-2023-73-073-001', 'Di Gudang', 2, '2023-01-01', NULL, 'Salah Spek'),
(103, '301afe61-566e-11f1-881f-0242ac130004', NULL, 76, 6, 5, NULL, NULL, NULL, NULL, 0.00, 0.00, NULL, 'INV-2023-76-079-001', 'Di Gudang', 2, '2023-01-01', NULL, ''),
(104, '301b02fd-566e-11f1-881f-0242ac130004', NULL, 81, NULL, 10, NULL, NULL, NULL, NULL, 0.00, 0.00, NULL, 'INV-2023-81-084-001', 'Di Gudang', 2, '2023-01-01', NULL, ''),
(105, '301b0956-566e-11f1-881f-0242ac130004', NULL, 84, NULL, NULL, NULL, NULL, NULL, NULL, 0.00, 0.00, NULL, 'INV-2023-84-087-001', 'Di Gudang', 2, '2023-01-01', NULL, ''),
(106, '301b111a-566e-11f1-881f-0242ac130004', NULL, 85, NULL, 10, NULL, NULL, NULL, NULL, 0.00, 0.00, NULL, 'INV-2023-85-088-001', 'Di Gudang', 2, '2023-01-01', NULL, 'Samsung'),
(107, '301b1054-566e-11f1-881f-0242ac130004', NULL, 85, NULL, 10, NULL, NULL, NULL, NULL, 0.00, 0.00, NULL, 'INV-2023-85-088-002', 'Di Gudang', 2, '2023-01-01', NULL, 'Samsung'),
(108, '301b0f43-566e-11f1-881f-0242ac130004', NULL, 85, NULL, 10, NULL, NULL, NULL, NULL, 0.00, 0.00, NULL, 'INV-2023-85-088-003', 'Di Gudang', 2, '2023-01-01', NULL, 'Samsung'),
(109, '301b15bd-566e-11f1-881f-0242ac130004', NULL, 85, NULL, 8, NULL, NULL, NULL, NULL, 0.00, 0.00, NULL, 'INV-2023-85-089-001', 'Di Gudang', 2, '2023-01-01', NULL, 'Samsung'),
(110, '301b1a24-566e-11f1-881f-0242ac130004', NULL, 87, NULL, 10, NULL, NULL, NULL, NULL, 0.00, 0.00, NULL, 'INV-2023-87-092-001', 'Di Gudang', 2, '2023-01-01', NULL, 'Rusak 10'),
(111, '301b1ea1-566e-11f1-881f-0242ac130004', NULL, 88, 8, 5, NULL, NULL, NULL, NULL, 0.00, 0.00, NULL, 'INV-2023-88-093-001', 'Di Gudang', 2, '2023-01-01', NULL, ''),
(112, '301b242e-566e-11f1-881f-0242ac130004', NULL, 89, 7, 5, NULL, NULL, NULL, NULL, 0.00, 0.00, NULL, 'INV-2023-89-094-001', 'Di Gudang', 2, '2023-01-01', NULL, ''),
(113, '301b3a1f-566e-11f1-881f-0242ac130004', NULL, 90, 7, 6, NULL, NULL, NULL, NULL, 0.00, 0.00, NULL, 'INV-2023-90-098-001', 'Di Gudang', 2, '2023-01-01', NULL, ''),
(114, '301b825c-566e-11f1-881f-0242ac130004', NULL, 103, NULL, 9, NULL, NULL, NULL, NULL, 0.00, 0.00, NULL, 'INV-2024-103-120-001', 'Di Gudang', 2, '2024-01-01', NULL, ''),
(115, '301b80aa-566e-11f1-881f-0242ac130004', NULL, 103, NULL, 9, NULL, NULL, NULL, NULL, 0.00, 0.00, NULL, 'INV-2024-103-120-002', 'Di Gudang', 2, '2024-01-01', NULL, ''),
(116, '301b7fd4-566e-11f1-881f-0242ac130004', NULL, 103, NULL, 9, NULL, NULL, NULL, NULL, 0.00, 0.00, NULL, 'INV-2024-103-120-003', 'Di Gudang', 2, '2024-01-01', NULL, ''),
(117, '301b7dbb-566e-11f1-881f-0242ac130004', NULL, 103, NULL, 9, NULL, NULL, NULL, NULL, 0.00, 0.00, NULL, 'INV-2024-103-120-004', 'Di Gudang', 2, '2024-01-01', NULL, ''),
(118, '301b87e6-566e-11f1-881f-0242ac130004', NULL, 104, NULL, 11, NULL, NULL, NULL, NULL, 0.00, 0.00, NULL, 'INV-2024-104-121-001', 'Di Gudang', 2, '2024-01-01', NULL, 'Terpasang di Laptop'),
(119, '301b8d92-566e-11f1-881f-0242ac130004', NULL, 105, NULL, NULL, NULL, NULL, NULL, NULL, 0.00, 0.00, NULL, 'INV-2024-105-122-001', 'Di Gudang', 2, '2024-01-01', NULL, 'Dipakai P Wildam'),
(120, '301b935d-566e-11f1-881f-0242ac130004', NULL, 106, 6, 5, NULL, NULL, NULL, NULL, 0.00, 0.00, NULL, 'INV-2024-106-123-001', 'Di Gudang', 2, '2024-01-01', NULL, ''),
(121, '301b9847-566e-11f1-881f-0242ac130004', NULL, 107, NULL, 7, NULL, NULL, NULL, NULL, 0.00, 0.00, NULL, 'INV-2024-107-124-001', 'Di Gudang', 2, '2024-01-01', NULL, ''),
(122, '301ba273-566e-11f1-881f-0242ac130004', NULL, 108, 6, 5, NULL, NULL, NULL, NULL, 0.00, 0.00, NULL, 'INV-2024-108-125-001', 'Di Gudang', 2, '2024-01-01', NULL, ''),
(123, '301bb26f-566e-11f1-881f-0242ac130004', NULL, 111, NULL, 10, NULL, NULL, NULL, NULL, 0.00, 0.00, NULL, 'INV-2024-111-128-001', 'Di Gudang', 2, '2024-01-01', NULL, 'Dipasang di Lab'),
(124, '301bbd99-566e-11f1-881f-0242ac130004', NULL, 112, NULL, 6, NULL, NULL, NULL, NULL, 0.00, 0.00, NULL, 'INV-2024-112-129-001', 'Di Gudang', 2, '2024-01-01', NULL, ''),
(125, '301bbbe2-566e-11f1-881f-0242ac130004', NULL, 112, NULL, 6, NULL, NULL, NULL, NULL, 0.00, 0.00, NULL, 'INV-2024-112-129-002', 'Di Gudang', 2, '2024-01-01', NULL, ''),
(126, '301bc305-566e-11f1-881f-0242ac130004', NULL, 113, NULL, 10, NULL, NULL, NULL, NULL, 0.00, 0.00, NULL, 'INV-2024-113-130-001', 'Di Gudang', 2, '2024-01-01', NULL, 'Dipasang di Lab'),
(127, '301bc966-566e-11f1-881f-0242ac130004', NULL, 113, NULL, 5, NULL, NULL, NULL, NULL, 0.00, 0.00, NULL, 'INV-2024-113-131-001', 'Di Gudang', 2, '2024-01-01', NULL, 'Dipasang di Kantor'),
(128, '301bcf8c-566e-11f1-881f-0242ac130004', NULL, 114, 6, 5, NULL, NULL, NULL, NULL, 0.00, 0.00, NULL, 'INV-2024-114-132-001', 'Di Gudang', 2, '2024-01-01', NULL, ''),
(129, '301bd816-566e-11f1-881f-0242ac130004', NULL, 115, NULL, 5, NULL, NULL, NULL, NULL, 0.00, 0.00, NULL, 'INV-2024-115-133-001', 'Di Gudang', 2, '2024-01-01', NULL, 'Dipakai P Wildam'),
(130, '301bdf5d-566e-11f1-881f-0242ac130004', NULL, 116, 7, 4, NULL, NULL, NULL, NULL, 0.00, 0.00, NULL, 'INV-2024-116-134-001', 'Di Gudang', 2, '2024-01-01', NULL, ''),
(131, '301be605-566e-11f1-881f-0242ac130004', NULL, 116, 7, 9, NULL, NULL, NULL, NULL, 0.00, 0.00, NULL, 'INV-2024-116-135-001', 'Di Gudang', 2, '2024-01-01', NULL, ''),
(132, '301bec53-566e-11f1-881f-0242ac130004', NULL, 116, 7, 10, NULL, NULL, NULL, NULL, 0.00, 0.00, NULL, 'INV-2024-116-136-001', 'Di Gudang', 2, '2024-01-01', NULL, ''),
(133, '301b6aff-566e-11f1-881f-0242ac130004', NULL, 25, 6, 8, NULL, NULL, NULL, NULL, 0.00, 0.00, NULL, 'INV-2024-25-115-001', 'Di Gudang', 2, '2024-01-01', NULL, ''),
(134, '301b695b-566e-11f1-881f-0242ac130004', NULL, 25, 6, 8, NULL, NULL, NULL, NULL, 0.00, 0.00, NULL, 'INV-2024-25-115-002', 'Di Gudang', 2, '2024-01-01', NULL, ''),
(135, '301b7484-566e-11f1-881f-0242ac130004', NULL, 25, 6, 10, NULL, NULL, NULL, NULL, 0.00, 0.00, NULL, 'INV-2024-25-116-001', 'Di Gudang', 2, '2024-01-01', NULL, ''),
(136, '301bf1cc-566e-11f1-881f-0242ac130004', NULL, 66, 7, 9, NULL, NULL, NULL, NULL, 0.00, 0.00, NULL, 'INV-2024-66-137-001', 'Di Gudang', 2, '2024-01-01', NULL, ''),
(137, '301bf841-566e-11f1-881f-0242ac130004', NULL, 66, 7, 10, NULL, NULL, NULL, NULL, 0.00, 0.00, NULL, 'INV-2024-66-138-001', 'Di Gudang', 2, '2024-01-01', NULL, ''),
(138, '301bfeec-566e-11f1-881f-0242ac130004', NULL, 66, 7, 8, NULL, NULL, NULL, NULL, 0.00, 0.00, NULL, 'INV-2024-66-139-001', 'Di Gudang', 2, '2024-01-01', NULL, ''),
(139, '301bfdf4-566e-11f1-881f-0242ac130004', NULL, 66, 7, 8, NULL, NULL, NULL, NULL, 0.00, 0.00, NULL, 'INV-2024-66-139-002', 'Di Gudang', 2, '2024-01-01', NULL, ''),
(140, '301c0f32-566e-11f1-881f-0242ac130004', NULL, 87, 7, 10, NULL, NULL, NULL, NULL, 0.00, 0.00, NULL, 'INV-2024-87-140-001', 'Di Gudang', 2, '2024-01-01', NULL, ''),
(141, '301c0e78-566e-11f1-881f-0242ac130004', NULL, 87, 7, 10, NULL, NULL, NULL, NULL, 0.00, 0.00, NULL, 'INV-2024-87-140-002', 'Di Gudang', 2, '2024-01-01', NULL, ''),
(142, '301c0dbd-566e-11f1-881f-0242ac130004', NULL, 87, 7, 10, NULL, NULL, NULL, NULL, 0.00, 0.00, NULL, 'INV-2024-87-140-003', 'Di Gudang', 2, '2024-01-01', NULL, ''),
(143, '301c0cd6-566e-11f1-881f-0242ac130004', NULL, 87, 7, 10, NULL, NULL, NULL, NULL, 0.00, 0.00, NULL, 'INV-2024-87-140-004', 'Di Gudang', 2, '2024-01-01', NULL, ''),
(144, '301c0af4-566e-11f1-881f-0242ac130004', NULL, 87, 7, 10, NULL, NULL, NULL, NULL, 0.00, 0.00, NULL, 'INV-2024-87-140-005', 'Di Gudang', 2, '2024-01-01', NULL, ''),
(145, '301c1446-566e-11f1-881f-0242ac130004', NULL, 87, 7, 7, NULL, NULL, NULL, NULL, 0.00, 0.00, NULL, 'INV-2024-87-141-001', 'Di Gudang', 2, '2024-01-01', NULL, ''),
(146, '301c1be2-566e-11f1-881f-0242ac130004', NULL, 87, 7, 8, NULL, NULL, NULL, NULL, 0.00, 0.00, NULL, 'INV-2024-87-142-001', 'Di Gudang', 2, '2024-01-01', NULL, ''),
(147, '301c1aef-566e-11f1-881f-0242ac130004', NULL, 87, 7, 8, NULL, NULL, NULL, NULL, 0.00, 0.00, NULL, 'INV-2024-87-142-002', 'Di Gudang', 2, '2024-01-01', NULL, ''),
(148, '301c19ac-566e-11f1-881f-0242ac130004', NULL, 87, 7, 8, NULL, NULL, NULL, NULL, 0.00, 0.00, NULL, 'INV-2024-87-142-003', 'Di Gudang', 2, '2024-01-01', NULL, ''),
(149, '301c18ef-566e-11f1-881f-0242ac130004', NULL, 87, 7, 8, NULL, NULL, NULL, NULL, 0.00, 0.00, NULL, 'INV-2024-87-142-004', 'Di Gudang', 2, '2024-01-01', NULL, ''),
(150, '301b3f63-566e-11f1-881f-0242ac130004', NULL, 94, 6, 5, NULL, NULL, NULL, NULL, 0.00, 0.00, NULL, 'INV-2024-94-104-001', 'Di Gudang', 2, '2024-01-01', NULL, ''),
(151, '301b4485-566e-11f1-881f-0242ac130004', NULL, 94, 6, 7, NULL, NULL, NULL, NULL, 0.00, 0.00, NULL, 'INV-2024-94-105-001', 'Di Gudang', 2, '2024-01-01', NULL, ''),
(152, '301b496f-566e-11f1-881f-0242ac130004', NULL, 98, 6, 4, NULL, NULL, NULL, NULL, 0.00, 0.00, NULL, 'INV-2024-98-110-001', 'Di Gudang', 2, '2024-01-01', NULL, ''),
(153, '301b4ed9-566e-11f1-881f-0242ac130004', NULL, 98, 6, 9, NULL, NULL, NULL, NULL, 0.00, 0.00, NULL, 'INV-2024-98-111-001', 'Di Gudang', 2, '2024-01-01', NULL, ''),
(154, '301b4e0f-566e-11f1-881f-0242ac130004', NULL, 98, 6, 9, NULL, NULL, NULL, NULL, 0.00, 0.00, NULL, 'INV-2024-98-111-002', 'Di Gudang', 2, '2024-01-01', NULL, ''),
(155, '301b541f-566e-11f1-881f-0242ac130004', NULL, 98, 6, 7, NULL, NULL, NULL, NULL, 0.00, 0.00, NULL, 'INV-2024-98-112-001', 'Di Gudang', 2, '2024-01-01', NULL, ''),
(156, '301b5acd-566e-11f1-881f-0242ac130004', NULL, 99, 6, 10, NULL, NULL, NULL, NULL, 0.00, 0.00, NULL, 'INV-2024-99-113-001', 'Di Gudang', 2, '2024-01-01', NULL, ''),
(157, '301b59ab-566e-11f1-881f-0242ac130004', NULL, 99, 6, 10, NULL, NULL, NULL, NULL, 0.00, 0.00, NULL, 'INV-2024-99-113-002', 'Di Gudang', 2, '2024-01-01', NULL, ''),
(158, '301b605e-566e-11f1-881f-0242ac130004', NULL, 99, 6, 4, NULL, NULL, NULL, NULL, 0.00, 0.00, NULL, 'INV-2024-99-114-001', 'Di Gudang', 2, '2024-01-01', NULL, ''),
(159, '301c20f2-566e-11f1-881f-0242ac130004', NULL, 117, NULL, 6, NULL, NULL, NULL, NULL, 0.00, 0.00, NULL, 'INV-2025-117-143-001', 'Di Gudang', 2, '2025-01-01', NULL, ''),
(160, '301c2ce5-566e-11f1-881f-0242ac130004', NULL, 118, 6, 5, NULL, NULL, NULL, NULL, 0.00, 0.00, NULL, 'INV-2025-118-144-001', 'Di Gudang', 2, '2025-01-01', NULL, ''),
(161, '301c2c22-566e-11f1-881f-0242ac130004', NULL, 118, 6, 5, NULL, NULL, NULL, NULL, 0.00, 0.00, NULL, 'INV-2025-118-144-002', 'Di Gudang', 2, '2025-01-01', NULL, ''),
(162, '301c2b0b-566e-11f1-881f-0242ac130004', NULL, 118, 6, 5, NULL, NULL, NULL, NULL, 0.00, 0.00, NULL, 'INV-2025-118-144-003', 'Di Gudang', 2, '2025-01-01', NULL, ''),
(163, '301c27f1-566e-11f1-881f-0242ac130004', NULL, 118, 6, 5, NULL, NULL, NULL, NULL, 0.00, 0.00, NULL, 'INV-2025-118-144-004', 'Di Gudang', 2, '2025-01-01', NULL, ''),
(164, '301c3174-566e-11f1-881f-0242ac130004', NULL, 119, 6, 7, NULL, NULL, NULL, NULL, 0.00, 0.00, NULL, 'INV-2025-119-145-001', 'Di Gudang', 2, '2025-01-01', NULL, ''),
(165, '301c36b0-566e-11f1-881f-0242ac130004', NULL, 120, NULL, 12, NULL, NULL, NULL, NULL, 0.00, 0.00, NULL, 'INV-2025-120-146-001', 'Di Gudang', 2, '2025-01-01', NULL, ''),
(166, '301c3dc5-566e-11f1-881f-0242ac130004', NULL, 121, 6, 5, NULL, NULL, NULL, NULL, 0.00, 0.00, NULL, 'INV-2025-121-147-001', 'Di Gudang', 2, '2025-01-01', NULL, ''),
(167, '301c490c-566e-11f1-881f-0242ac130004', NULL, 122, NULL, 11, NULL, NULL, NULL, NULL, 0.00, 0.00, NULL, 'INV-2025-122-148-001', 'Di Gudang', 2, '2025-01-01', NULL, ''),
(168, '301c464c-566e-11f1-881f-0242ac130004', NULL, 122, NULL, 11, NULL, NULL, NULL, NULL, 0.00, 0.00, NULL, 'INV-2025-122-148-002', 'Di Gudang', 2, '2025-01-01', NULL, ''),
(170, '301c42db-566e-11f1-881f-0242ac130004', NULL, 122, NULL, 11, NULL, NULL, NULL, NULL, 0.00, 0.00, NULL, 'INV-2025-122-148-003', 'Di Gudang', 2, '2025-01-01', NULL, ''),
(171, '301c4dff-566e-11f1-881f-0242ac130004', NULL, 123, 6, 5, NULL, NULL, NULL, NULL, 0.00, 0.00, NULL, 'INV-2025-123-149-001', 'Di Gudang', 2, '2025-01-01', NULL, ''),
(172, '301c5367-566e-11f1-881f-0242ac130004', NULL, 123, 6, 10, NULL, NULL, NULL, NULL, 0.00, 0.00, NULL, 'INV-2025-123-150-001', 'Di Gudang', 2, '2025-01-01', NULL, ''),
(173, '301c59a3-566e-11f1-881f-0242ac130004', NULL, 124, 6, 5, NULL, NULL, NULL, NULL, 0.00, 0.00, NULL, 'INV-2025-124-151-001', 'Di Gudang', 2, '2025-01-01', NULL, ''),
(174, '301c5f08-566e-11f1-881f-0242ac130004', NULL, 125, NULL, 6, NULL, NULL, NULL, NULL, 0.00, 0.00, NULL, 'INV-2025-125-152-001', 'Di Gudang', 2, '2025-01-01', NULL, ''),
(175, '301c6405-566e-11f1-881f-0242ac130004', NULL, 126, NULL, 9, NULL, NULL, NULL, NULL, 0.00, 0.00, NULL, 'INV-2025-126-153-001', 'Di Gudang', 2, '2025-01-01', NULL, ''),
(176, '301c692d-566e-11f1-881f-0242ac130004', NULL, 127, NULL, 6, NULL, NULL, NULL, NULL, 0.00, 0.00, NULL, 'INV-2025-127-154-001', 'Di Gudang', 2, '2025-01-01', NULL, ''),
(177, '301c6f3b-566e-11f1-881f-0242ac130004', NULL, 128, NULL, 6, NULL, NULL, NULL, NULL, 0.00, 0.00, NULL, 'INV-2025-128-155-001', 'Di Gudang', 2, '2025-01-01', NULL, ''),
(178, '301c7680-566e-11f1-881f-0242ac130004', NULL, 129, NULL, 5, NULL, NULL, NULL, NULL, 0.00, 0.00, NULL, 'INV-2025-129-156-001', 'Di Gudang', 2, '2025-01-01', NULL, ''),
(179, '301c755f-566e-11f1-881f-0242ac130004', NULL, 129, NULL, 5, NULL, NULL, NULL, NULL, 0.00, 0.00, NULL, 'INV-2025-129-156-002', 'Di Gudang', 2, '2025-01-01', NULL, ''),
(180, '301c7af8-566e-11f1-881f-0242ac130004', NULL, 130, NULL, 6, NULL, NULL, NULL, NULL, 0.00, 0.00, NULL, 'INV-2025-130-157-001', 'Di Gudang', 2, '2025-01-01', NULL, ''),
(181, '301c8024-566e-11f1-881f-0242ac130004', NULL, 131, NULL, 5, NULL, NULL, NULL, NULL, 0.00, 0.00, NULL, 'INV-2025-131-158-001', 'Di Gudang', 2, '2025-01-01', NULL, ''),
(182, '301c8915-566e-11f1-881f-0242ac130004', NULL, 158, 6, 5, NULL, NULL, NULL, NULL, 0.00, 0.00, NULL, 'INV-2025-158-191-001', 'Di Gudang', 2, '2025-01-01', NULL, ''),
(183, '301c8ede-566e-11f1-881f-0242ac130004', NULL, 159, 7, 5, NULL, NULL, NULL, NULL, 0.00, 0.00, NULL, 'INV-2025-159-192-001', 'Di Gudang', 2, '2025-01-01', NULL, ''),
(184, '53e44fc8c20f4c8aaea2', 12, 53, 4, NULL, NULL, NULL, NULL, NULL, 10000000.00, 0.00, NULL, 'INV-2026-008-001', 'Di Gudang', NULL, '2026-06-24', NULL, 'Dari pengadaan #8'),
(185, '9eea3b131bc340fb9d1a', 12, 53, 4, NULL, NULL, NULL, NULL, NULL, 10000000.00, 0.00, NULL, 'INV-2026-008-002', 'Di Gudang', NULL, '2026-06-24', NULL, 'Dari pengadaan #8'),
(186, 'df1f8ee4006c4ca8adb0', 12, 53, 4, NULL, NULL, NULL, NULL, NULL, 10000000.00, 0.00, NULL, 'INV-2026-008-003', 'Di Gudang', NULL, '2026-06-24', NULL, 'Dari pengadaan #8'),
(187, '0ad4eb5be747488dbcf5', 12, 53, 4, NULL, NULL, NULL, NULL, NULL, 10000000.00, 0.00, NULL, 'INV-2026-008-004', 'Di Gudang', NULL, '2026-06-24', NULL, 'Dari pengadaan #8'),
(188, '49c90a2dbc3a45079bf1', 12, 53, 4, NULL, NULL, NULL, NULL, NULL, 10000000.00, 0.00, NULL, 'INV-2026-008-005', 'Di Gudang', NULL, '2026-06-24', NULL, 'Dari pengadaan #8'),
(189, '1b467ed265304d018200', 12, 53, 4, NULL, NULL, NULL, NULL, NULL, 10000000.00, 0.00, NULL, 'INV-2026-008-006', 'Di Gudang', NULL, '2026-06-24', NULL, 'Dari pengadaan #8'),
(190, '5a5a22ffd7b14d3c943b', 12, 53, 4, NULL, NULL, NULL, NULL, NULL, 10000000.00, 0.00, NULL, 'INV-2026-008-007', 'Di Gudang', NULL, '2026-06-24', NULL, 'Dari pengadaan #8'),
(191, 'ba3555d16b9743a3a05d', 12, 53, 4, NULL, NULL, NULL, NULL, NULL, 10000000.00, 0.00, NULL, 'INV-2026-008-008', 'Di Gudang', NULL, '2026-06-24', NULL, 'Dari pengadaan #8'),
(192, 'e25ba48db0874a7ba81b', 12, 53, 4, NULL, NULL, NULL, NULL, NULL, 10000000.00, 0.00, NULL, 'INV-2026-008-009', 'Di Gudang', NULL, '2026-06-24', NULL, 'Dari pengadaan #8'),
(193, '6f20c783b38b46238b3b', 12, 53, 4, NULL, NULL, NULL, NULL, NULL, 10000000.00, 0.00, NULL, 'INV-2026-008-010', 'Di Gudang', NULL, '2026-06-24', NULL, 'Dari pengadaan #8'),
(194, '7de48e8a520e479088eb', 13, 2, 4, NULL, NULL, NULL, NULL, NULL, 5000000.00, 0.00, NULL, 'INV-2026-008-011', 'Di Gudang', NULL, '2026-06-24', NULL, 'Dari pengadaan #8'),
(195, 'a40a690327534fa3ad23', 13, 2, 4, NULL, NULL, NULL, NULL, NULL, 5000000.00, 0.00, NULL, 'INV-2026-008-012', 'Di Gudang', NULL, '2026-06-24', NULL, 'Dari pengadaan #8'),
(196, '70e9e0dbaf024509b616', 13, 2, 4, NULL, NULL, NULL, NULL, NULL, 5000000.00, 0.00, NULL, 'INV-2026-008-013', 'Di Gudang', NULL, '2026-06-24', NULL, 'Dari pengadaan #8'),
(197, '26dbf540078447999be7', 13, 2, 4, NULL, NULL, NULL, NULL, NULL, 5000000.00, 0.00, NULL, 'INV-2026-008-014', 'Di Gudang', NULL, '2026-06-24', NULL, 'Dari pengadaan #8'),
(198, '64280c53ccd2466d9a8b', 13, 2, 4, NULL, NULL, NULL, NULL, NULL, 5000000.00, 0.00, NULL, 'INV-2026-008-015', 'Di Gudang', NULL, '2026-06-24', NULL, 'Dari pengadaan #8'),
(199, 'bbef8ac141eb4fcaa47d', 13, 2, 4, NULL, NULL, NULL, NULL, NULL, 5000000.00, 0.00, NULL, 'INV-2026-008-016', 'Di Gudang', NULL, '2026-06-24', NULL, 'Dari pengadaan #8'),
(200, '0b46b1c0fb3c40798cfc', 13, 2, 4, NULL, NULL, NULL, NULL, NULL, 5000000.00, 0.00, NULL, 'INV-2026-008-017', 'Di Gudang', NULL, '2026-06-24', NULL, 'Dari pengadaan #8'),
(201, '4097121c18aa420e8eb6', 13, 2, 4, NULL, NULL, NULL, NULL, NULL, 5000000.00, 0.00, NULL, 'INV-2026-008-018', 'Di Gudang', NULL, '2026-06-24', NULL, 'Dari pengadaan #8'),
(202, '4b0032d2794d4e53837e', 13, 2, 4, NULL, NULL, NULL, NULL, NULL, 5000000.00, 0.00, NULL, 'INV-2026-008-019', 'Di Gudang', NULL, '2026-06-24', NULL, 'Dari pengadaan #8'),
(203, '6ed44cb90c2c4fc3bdf9', 13, 2, 4, NULL, NULL, NULL, NULL, NULL, 5000000.00, 0.00, NULL, 'INV-2026-008-020', 'Di Gudang', NULL, '2026-06-24', NULL, 'Dari pengadaan #8'),
(204, '301d7275-566e-11f1-881f-0242ac130004', NULL, 10, NULL, 9, NULL, NULL, NULL, NULL, 0.00, 0.00, NULL, 'INV-2026-10-221-001', 'Di Gudang', 2, '2026-05-23', NULL, ''),
(205, '301d71cb-566e-11f1-881f-0242ac130004', NULL, 10, NULL, 9, NULL, NULL, NULL, NULL, 0.00, 0.00, NULL, 'INV-2026-10-221-002', 'Di Gudang', 2, '2026-05-23', NULL, ''),
(206, '301d7124-566e-11f1-881f-0242ac130004', NULL, 10, NULL, 9, NULL, NULL, NULL, NULL, 0.00, 0.00, NULL, 'INV-2026-10-221-003', 'Di Gudang', 2, '2026-05-23', NULL, ''),
(207, '301d7079-566e-11f1-881f-0242ac130004', NULL, 10, NULL, 9, NULL, NULL, NULL, NULL, 0.00, 0.00, NULL, 'INV-2026-10-221-004', 'Di Gudang', 2, '2026-05-23', NULL, ''),
(208, '301d6fcf-566e-11f1-881f-0242ac130004', NULL, 10, NULL, 9, NULL, NULL, NULL, NULL, 0.00, 0.00, NULL, 'INV-2026-10-221-005', 'Di Gudang', 2, '2026-05-23', NULL, ''),
(209, '301d6f1f-566e-11f1-881f-0242ac130004', NULL, 10, NULL, 9, NULL, NULL, NULL, NULL, 0.00, 0.00, NULL, 'INV-2026-10-221-006', 'Di Gudang', 2, '2026-05-23', NULL, ''),
(210, '301d6e33-566e-11f1-881f-0242ac130004', NULL, 10, NULL, 9, NULL, NULL, NULL, NULL, 0.00, 0.00, NULL, 'INV-2026-10-221-007', 'Di Gudang', 2, '2026-05-23', NULL, ''),
(211, '301d6ce0-566e-11f1-881f-0242ac130004', NULL, 10, NULL, 9, NULL, NULL, NULL, NULL, 0.00, 0.00, NULL, 'INV-2026-10-221-008', 'Di Gudang', 2, '2026-05-23', NULL, ''),
(212, '301d6b5e-566e-11f1-881f-0242ac130004', NULL, 10, NULL, 9, NULL, NULL, NULL, NULL, 0.00, 0.00, NULL, 'INV-2026-10-221-009', 'Di Gudang', 2, '2026-05-23', NULL, ''),
(213, '301d6aa3-566e-11f1-881f-0242ac130004', NULL, 10, NULL, 9, NULL, NULL, NULL, NULL, 0.00, 0.00, NULL, 'INV-2026-10-221-010', 'Di Gudang', 2, '2026-05-23', NULL, ''),
(214, '301d69bf-566e-11f1-881f-0242ac130004', NULL, 10, NULL, 9, NULL, NULL, NULL, NULL, 0.00, 0.00, NULL, 'INV-2026-10-221-011', 'Di Gudang', 2, '2026-05-23', NULL, ''),
(215, '301d6826-566e-11f1-881f-0242ac130004', NULL, 10, NULL, 9, NULL, NULL, NULL, NULL, 0.00, 0.00, NULL, 'INV-2026-10-221-012', 'Di Gudang', 2, '2026-05-23', NULL, ''),
(216, '301d676e-566e-11f1-881f-0242ac130004', NULL, 10, NULL, 9, NULL, NULL, NULL, NULL, 0.00, 0.00, NULL, 'INV-2026-10-221-013', 'Di Gudang', 2, '2026-05-23', NULL, ''),
(217, '301d667c-566e-11f1-881f-0242ac130004', NULL, 10, NULL, 9, NULL, NULL, NULL, NULL, 0.00, 0.00, NULL, 'INV-2026-10-221-014', 'Di Gudang', 2, '2026-05-23', NULL, ''),
(218, '301d6532-566e-11f1-881f-0242ac130004', NULL, 10, NULL, 9, NULL, NULL, NULL, NULL, 0.00, 0.00, NULL, 'INV-2026-10-221-015', 'Di Gudang', 2, '2026-05-23', NULL, ''),
(219, '301d6482-566e-11f1-881f-0242ac130004', NULL, 10, NULL, 9, NULL, NULL, NULL, NULL, 0.00, 0.00, NULL, 'INV-2026-10-221-016', 'Di Gudang', 2, '2026-05-23', NULL, ''),
(220, '301d63be-566e-11f1-881f-0242ac130004', NULL, 10, NULL, 9, NULL, NULL, NULL, NULL, 0.00, 0.00, NULL, 'INV-2026-10-221-017', 'Di Gudang', 2, '2026-05-23', NULL, ''),
(221, '301d6291-566e-11f1-881f-0242ac130004', NULL, 10, NULL, 9, NULL, NULL, NULL, NULL, 0.00, 0.00, NULL, 'INV-2026-10-221-018', 'Di Gudang', 2, '2026-05-23', NULL, ''),
(222, '301e3545-566e-11f1-881f-0242ac130004', NULL, 10, NULL, 10, NULL, NULL, NULL, NULL, 0.00, 0.00, NULL, 'INV-2026-10-232-001', 'Di Gudang', 2, '2026-05-23', NULL, ''),
(223, '301e3471-566e-11f1-881f-0242ac130004', NULL, 10, NULL, 10, NULL, NULL, NULL, NULL, 0.00, 0.00, NULL, 'INV-2026-10-232-002', 'Di Gudang', 2, '2026-05-23', NULL, ''),
(224, '301e32e6-566e-11f1-881f-0242ac130004', NULL, 10, NULL, 10, NULL, NULL, NULL, NULL, 0.00, 0.00, NULL, 'INV-2026-10-232-003', 'Di Gudang', 2, '2026-05-23', NULL, ''),
(225, '301e3225-566e-11f1-881f-0242ac130004', NULL, 10, NULL, 10, NULL, NULL, NULL, NULL, 0.00, 0.00, NULL, 'INV-2026-10-232-004', 'Di Gudang', 2, '2026-05-23', NULL, ''),
(226, '301e317f-566e-11f1-881f-0242ac130004', NULL, 10, NULL, 10, NULL, NULL, NULL, NULL, 0.00, 0.00, NULL, 'INV-2026-10-232-005', 'Di Gudang', 2, '2026-05-23', NULL, ''),
(227, '301e30d3-566e-11f1-881f-0242ac130004', NULL, 10, NULL, 10, NULL, NULL, NULL, NULL, 0.00, 0.00, NULL, 'INV-2026-10-232-006', 'Di Gudang', 2, '2026-05-23', NULL, ''),
(228, '301e3023-566e-11f1-881f-0242ac130004', NULL, 10, NULL, 10, NULL, NULL, NULL, NULL, 0.00, 0.00, NULL, 'INV-2026-10-232-007', 'Di Gudang', 2, '2026-05-23', NULL, ''),
(229, '301e2f73-566e-11f1-881f-0242ac130004', NULL, 10, NULL, 10, NULL, NULL, NULL, NULL, 0.00, 0.00, NULL, 'INV-2026-10-232-008', 'Di Gudang', 2, '2026-05-23', NULL, ''),
(230, '301e2ebd-566e-11f1-881f-0242ac130004', NULL, 10, NULL, 10, NULL, NULL, NULL, NULL, 0.00, 0.00, NULL, 'INV-2026-10-232-009', 'Di Gudang', 2, '2026-05-23', NULL, ''),
(231, '301e2dd6-566e-11f1-881f-0242ac130004', NULL, 10, NULL, 10, NULL, NULL, NULL, NULL, 0.00, 0.00, NULL, 'INV-2026-10-232-010', 'Di Gudang', 2, '2026-05-23', NULL, ''),
(232, '301e2c4b-566e-11f1-881f-0242ac130004', NULL, 10, NULL, 10, NULL, NULL, NULL, NULL, 0.00, 0.00, NULL, 'INV-2026-10-232-011', 'Di Gudang', 2, '2026-05-23', NULL, ''),
(233, '301e2b8e-566e-11f1-881f-0242ac130004', NULL, 10, NULL, 10, NULL, NULL, NULL, NULL, 0.00, 0.00, NULL, 'INV-2026-10-232-012', 'Di Gudang', 2, '2026-05-23', NULL, ''),
(234, '301d5c49-566e-11f1-881f-0242ac130004', NULL, 162, NULL, 9, NULL, NULL, NULL, NULL, 0.00, 0.00, NULL, 'INV-2026-162-220-001', 'Di Gudang', 2, '2026-05-23', NULL, ''),
(235, '301e2715-566e-11f1-881f-0242ac130004', NULL, 162, NULL, 10, NULL, NULL, NULL, NULL, 0.00, 0.00, NULL, 'INV-2026-162-231-001', 'Di Gudang', 2, '2026-05-23', NULL, ''),
(236, '301ca609-566e-11f1-881f-0242ac130004', NULL, 164, NULL, 8, NULL, NULL, NULL, NULL, 0.00, 0.00, NULL, 'INV-2026-164-197-001', 'Di Gudang', 2, '2026-05-23', NULL, 'Dipakai Nesabastore 1'),
(237, '301ca4fd-566e-11f1-881f-0242ac130004', NULL, 164, NULL, 8, NULL, NULL, NULL, NULL, 0.00, 0.00, NULL, 'INV-2026-164-197-002', 'Di Gudang', 2, '2026-05-23', NULL, 'Dipakai Nesabastore 1'),
(238, '301ca250-566e-11f1-881f-0242ac130004', NULL, 164, NULL, 8, NULL, NULL, NULL, NULL, 0.00, 0.00, NULL, 'INV-2026-164-197-003', 'Di Gudang', 2, '2026-05-23', NULL, 'Dipakai Nesabastore 1'),
(239, '301cb22d-566e-11f1-881f-0242ac130004', NULL, 164, NULL, NULL, NULL, NULL, NULL, NULL, 0.00, 0.00, NULL, 'INV-2026-164-198-001', 'Di Gudang', 2, '2026-05-23', NULL, 'Dipakai Nesabastore 1'),
(240, '301cb85d-566e-11f1-881f-0242ac130004', NULL, 174, NULL, 7, NULL, NULL, NULL, NULL, 0.00, 0.00, NULL, 'INV-2026-174-212-001', 'Di Gudang', 2, '2026-05-23', NULL, ''),
(241, '301cbe19-566e-11f1-881f-0242ac130004', NULL, 175, NULL, 8, NULL, NULL, NULL, NULL, 0.00, 0.00, NULL, 'INV-2026-175-213-001', 'Di Gudang', 2, '2026-05-23', NULL, 'milik Aula'),
(242, '301d5248-566e-11f1-881f-0242ac130004', NULL, 179, NULL, 4, NULL, NULL, NULL, NULL, 0.00, 0.00, NULL, 'INV-2026-179-218-001', 'Di Gudang', 2, '2026-05-23', NULL, ''),
(243, '301d510d-566e-11f1-881f-0242ac130004', NULL, 179, NULL, 4, NULL, NULL, NULL, NULL, 0.00, 0.00, NULL, 'INV-2026-179-218-002', 'Di Gudang', 2, '2026-05-23', NULL, ''),
(244, '301d5057-566e-11f1-881f-0242ac130004', NULL, 179, NULL, 4, NULL, NULL, NULL, NULL, 0.00, 0.00, NULL, 'INV-2026-179-218-003', 'Di Gudang', 2, '2026-05-23', NULL, ''),
(245, '301d4fab-566e-11f1-881f-0242ac130004', NULL, 179, NULL, 4, NULL, NULL, NULL, NULL, 0.00, 0.00, NULL, 'INV-2026-179-218-004', 'Di Gudang', 2, '2026-05-23', NULL, ''),
(246, '301d4f02-566e-11f1-881f-0242ac130004', NULL, 179, NULL, 4, NULL, NULL, NULL, NULL, 0.00, 0.00, NULL, 'INV-2026-179-218-005', 'Di Gudang', 2, '2026-05-23', NULL, ''),
(247, '301d4e58-566e-11f1-881f-0242ac130004', NULL, 179, NULL, 4, NULL, NULL, NULL, NULL, 0.00, 0.00, NULL, 'INV-2026-179-218-006', 'Di Gudang', 2, '2026-05-23', NULL, ''),
(248, '301d4da2-566e-11f1-881f-0242ac130004', NULL, 179, NULL, 4, NULL, NULL, NULL, NULL, 0.00, 0.00, NULL, 'INV-2026-179-218-007', 'Di Gudang', 2, '2026-05-23', NULL, ''),
(249, '301d4cbe-566e-11f1-881f-0242ac130004', NULL, 179, NULL, 4, NULL, NULL, NULL, NULL, 0.00, 0.00, NULL, 'INV-2026-179-218-008', 'Di Gudang', 2, '2026-05-23', NULL, ''),
(250, '301d4ad6-566e-11f1-881f-0242ac130004', NULL, 179, NULL, 4, NULL, NULL, NULL, NULL, 0.00, 0.00, NULL, 'INV-2026-179-218-009', 'Di Gudang', 2, '2026-05-23', NULL, ''),
(251, '301d4a2a-566e-11f1-881f-0242ac130004', NULL, 179, NULL, 4, NULL, NULL, NULL, NULL, 0.00, 0.00, NULL, 'INV-2026-179-218-010', 'Di Gudang', 2, '2026-05-23', NULL, ''),
(252, '301d4979-566e-11f1-881f-0242ac130004', NULL, 179, NULL, 4, NULL, NULL, NULL, NULL, 0.00, 0.00, NULL, 'INV-2026-179-218-011', 'Di Gudang', 2, '2026-05-23', NULL, ''),
(253, '301d48bf-566e-11f1-881f-0242ac130004', NULL, 179, NULL, 4, NULL, NULL, NULL, NULL, 0.00, 0.00, NULL, 'INV-2026-179-218-012', 'Di Gudang', 2, '2026-05-23', NULL, ''),
(254, '301d47f9-566e-11f1-881f-0242ac130004', NULL, 179, NULL, 4, NULL, NULL, NULL, NULL, 0.00, 0.00, NULL, 'INV-2026-179-218-013', 'Di Gudang', 2, '2026-05-23', NULL, ''),
(255, '301d46ae-566e-11f1-881f-0242ac130004', NULL, 179, NULL, 4, NULL, NULL, NULL, NULL, 0.00, 0.00, NULL, 'INV-2026-179-218-014', 'Di Gudang', 2, '2026-05-23', NULL, ''),
(256, '301d195e-566e-11f1-881f-0242ac130004', NULL, 179, NULL, 4, NULL, NULL, NULL, NULL, 0.00, 0.00, NULL, 'INV-2026-179-218-015', 'Di Gudang', 2, '2026-05-23', NULL, ''),
(257, '301d1734-566e-11f1-881f-0242ac130004', NULL, 179, NULL, 4, NULL, NULL, NULL, NULL, 0.00, 0.00, NULL, 'INV-2026-179-218-016', 'Di Gudang', 2, '2026-05-23', NULL, ''),
(258, '301ce28d-566e-11f1-881f-0242ac130004', NULL, 179, NULL, 4, NULL, NULL, NULL, NULL, 0.00, 0.00, NULL, 'INV-2026-179-218-017', 'Di Gudang', 2, '2026-05-23', NULL, ''),
(259, '301ce1dd-566e-11f1-881f-0242ac130004', NULL, 179, NULL, 4, NULL, NULL, NULL, NULL, 0.00, 0.00, NULL, 'INV-2026-179-218-018', 'Di Gudang', 2, '2026-05-23', NULL, ''),
(260, '301ce0fc-566e-11f1-881f-0242ac130004', NULL, 179, NULL, 4, NULL, NULL, NULL, NULL, 0.00, 0.00, NULL, 'INV-2026-179-218-019', 'Di Gudang', 2, '2026-05-23', NULL, ''),
(261, '301cdf13-566e-11f1-881f-0242ac130004', NULL, 179, NULL, 4, NULL, NULL, NULL, NULL, 0.00, 0.00, NULL, 'INV-2026-179-218-020', 'Di Gudang', 2, '2026-05-23', NULL, ''),
(262, '301cde36-566e-11f1-881f-0242ac130004', NULL, 179, NULL, 4, NULL, NULL, NULL, NULL, 0.00, 0.00, NULL, 'INV-2026-179-218-021', 'Di Gudang', 2, '2026-05-23', NULL, ''),
(263, '301cdcf5-566e-11f1-881f-0242ac130004', NULL, 179, NULL, 4, NULL, NULL, NULL, NULL, 0.00, 0.00, NULL, 'INV-2026-179-218-022', 'Di Gudang', 2, '2026-05-23', NULL, ''),
(264, '301cdc4f-566e-11f1-881f-0242ac130004', NULL, 179, NULL, 4, NULL, NULL, NULL, NULL, 0.00, 0.00, NULL, 'INV-2026-179-218-023', 'Di Gudang', 2, '2026-05-23', NULL, ''),
(265, '301cdba4-566e-11f1-881f-0242ac130004', NULL, 179, NULL, 4, NULL, NULL, NULL, NULL, 0.00, 0.00, NULL, 'INV-2026-179-218-024', 'Di Gudang', 2, '2026-05-23', NULL, ''),
(266, '301cdaf3-566e-11f1-881f-0242ac130004', NULL, 179, NULL, 4, NULL, NULL, NULL, NULL, 0.00, 0.00, NULL, 'INV-2026-179-218-025', 'Di Gudang', 2, '2026-05-23', NULL, ''),
(267, '301cda4c-566e-11f1-881f-0242ac130004', NULL, 179, NULL, 4, NULL, NULL, NULL, NULL, 0.00, 0.00, NULL, 'INV-2026-179-218-026', 'Di Gudang', 2, '2026-05-23', NULL, ''),
(268, '301cd995-566e-11f1-881f-0242ac130004', NULL, 179, NULL, 4, NULL, NULL, NULL, NULL, 0.00, 0.00, NULL, 'INV-2026-179-218-027', 'Di Gudang', 2, '2026-05-23', NULL, ''),
(269, '301cd883-566e-11f1-881f-0242ac130004', NULL, 179, NULL, 4, NULL, NULL, NULL, NULL, 0.00, 0.00, NULL, 'INV-2026-179-218-028', 'Di Gudang', 2, '2026-05-23', NULL, ''),
(270, '301cd6b4-566e-11f1-881f-0242ac130004', NULL, 179, NULL, 4, NULL, NULL, NULL, NULL, 0.00, 0.00, NULL, 'INV-2026-179-218-029', 'Di Gudang', 2, '2026-05-23', NULL, ''),
(271, '301cd553-566e-11f1-881f-0242ac130004', NULL, 179, NULL, 4, NULL, NULL, NULL, NULL, 0.00, 0.00, NULL, 'INV-2026-179-218-030', 'Di Gudang', 2, '2026-05-23', NULL, ''),
(272, '301cd4aa-566e-11f1-881f-0242ac130004', NULL, 179, NULL, 4, NULL, NULL, NULL, NULL, 0.00, 0.00, NULL, 'INV-2026-179-218-031', 'Di Gudang', 2, '2026-05-23', NULL, ''),
(273, '301cd3f6-566e-11f1-881f-0242ac130004', NULL, 179, NULL, 4, NULL, NULL, NULL, NULL, 0.00, 0.00, NULL, 'INV-2026-179-218-032', 'Di Gudang', 2, '2026-05-23', NULL, ''),
(274, '301cd33f-566e-11f1-881f-0242ac130004', NULL, 179, NULL, 4, NULL, NULL, NULL, NULL, 0.00, 0.00, NULL, 'INV-2026-179-218-033', 'Di Gudang', 2, '2026-05-23', NULL, ''),
(275, '301cd28a-566e-11f1-881f-0242ac130004', NULL, 179, NULL, 4, NULL, NULL, NULL, NULL, 0.00, 0.00, NULL, 'INV-2026-179-218-034', 'Di Gudang', 2, '2026-05-23', NULL, ''),
(276, '301cd1a6-566e-11f1-881f-0242ac130004', NULL, 179, NULL, 4, NULL, NULL, NULL, NULL, 0.00, 0.00, NULL, 'INV-2026-179-218-035', 'Di Gudang', 2, '2026-05-23', NULL, ''),
(277, '301ccfd7-566e-11f1-881f-0242ac130004', NULL, 179, NULL, 4, NULL, NULL, NULL, NULL, 0.00, 0.00, NULL, 'INV-2026-179-218-036', 'Di Gudang', 2, '2026-05-23', NULL, ''),
(278, '301df6e2-566e-11f1-881f-0242ac130004', NULL, 179, NULL, 9, NULL, NULL, NULL, NULL, 0.00, 0.00, NULL, 'INV-2026-179-222-001', 'Di Gudang', 2, '2026-05-23', NULL, ''),
(279, '301df63b-566e-11f1-881f-0242ac130004', NULL, 179, NULL, 9, NULL, NULL, NULL, NULL, 0.00, 0.00, NULL, 'INV-2026-179-222-002', 'Di Gudang', 2, '2026-05-23', NULL, ''),
(280, '301df594-566e-11f1-881f-0242ac130004', NULL, 179, NULL, 9, NULL, NULL, NULL, NULL, 0.00, 0.00, NULL, 'INV-2026-179-222-003', 'Di Gudang', 2, '2026-05-23', NULL, ''),
(281, '301df4e5-566e-11f1-881f-0242ac130004', NULL, 179, NULL, 9, NULL, NULL, NULL, NULL, 0.00, 0.00, NULL, 'INV-2026-179-222-004', 'Di Gudang', 2, '2026-05-23', NULL, ''),
(282, '301df43d-566e-11f1-881f-0242ac130004', NULL, 179, NULL, 9, NULL, NULL, NULL, NULL, 0.00, 0.00, NULL, 'INV-2026-179-222-005', 'Di Gudang', 2, '2026-05-23', NULL, ''),
(283, '301df385-566e-11f1-881f-0242ac130004', NULL, 179, NULL, 9, NULL, NULL, NULL, NULL, 0.00, 0.00, NULL, 'INV-2026-179-222-006', 'Di Gudang', 2, '2026-05-23', NULL, ''),
(284, '301df19b-566e-11f1-881f-0242ac130004', NULL, 179, NULL, 9, NULL, NULL, NULL, NULL, 0.00, 0.00, NULL, 'INV-2026-179-222-007', 'Di Gudang', 2, '2026-05-23', NULL, ''),
(285, '301defc1-566e-11f1-881f-0242ac130004', NULL, 179, NULL, 9, NULL, NULL, NULL, NULL, 0.00, 0.00, NULL, 'INV-2026-179-222-008', 'Di Gudang', 2, '2026-05-23', NULL, ''),
(286, '301def19-566e-11f1-881f-0242ac130004', NULL, 179, NULL, 9, NULL, NULL, NULL, NULL, 0.00, 0.00, NULL, 'INV-2026-179-222-009', 'Di Gudang', 2, '2026-05-23', NULL, ''),
(287, '301dee73-566e-11f1-881f-0242ac130004', NULL, 179, NULL, 9, NULL, NULL, NULL, NULL, 0.00, 0.00, NULL, 'INV-2026-179-222-010', 'Di Gudang', 2, '2026-05-23', NULL, ''),
(288, '301dedc5-566e-11f1-881f-0242ac130004', NULL, 179, NULL, 9, NULL, NULL, NULL, NULL, 0.00, 0.00, NULL, 'INV-2026-179-222-011', 'Di Gudang', 2, '2026-05-23', NULL, ''),
(289, '301ded14-566e-11f1-881f-0242ac130004', NULL, 179, NULL, 9, NULL, NULL, NULL, NULL, 0.00, 0.00, NULL, 'INV-2026-179-222-012', 'Di Gudang', 2, '2026-05-23', NULL, ''),
(290, '301dec58-566e-11f1-881f-0242ac130004', NULL, 179, NULL, 9, NULL, NULL, NULL, NULL, 0.00, 0.00, NULL, 'INV-2026-179-222-013', 'Di Gudang', 2, '2026-05-23', NULL, ''),
(291, '301deb80-566e-11f1-881f-0242ac130004', NULL, 179, NULL, 9, NULL, NULL, NULL, NULL, 0.00, 0.00, NULL, 'INV-2026-179-222-014', 'Di Gudang', 2, '2026-05-23', NULL, ''),
(292, '301de9ac-566e-11f1-881f-0242ac130004', NULL, 179, NULL, 9, NULL, NULL, NULL, NULL, 0.00, 0.00, NULL, 'INV-2026-179-222-015', 'Di Gudang', 2, '2026-05-23', NULL, ''),
(293, '301d869e-566e-11f1-881f-0242ac130004', NULL, 179, NULL, 9, NULL, NULL, NULL, NULL, 0.00, 0.00, NULL, 'INV-2026-179-222-016', 'Di Gudang', 2, '2026-05-23', NULL, ''),
(294, '301d85f5-566e-11f1-881f-0242ac130004', NULL, 179, NULL, 9, NULL, NULL, NULL, NULL, 0.00, 0.00, NULL, 'INV-2026-179-222-017', 'Di Gudang', 2, '2026-05-23', NULL, ''),
(295, '301d854e-566e-11f1-881f-0242ac130004', NULL, 179, NULL, 9, NULL, NULL, NULL, NULL, 0.00, 0.00, NULL, 'INV-2026-179-222-018', 'Di Gudang', 2, '2026-05-23', NULL, ''),
(296, '301d84a7-566e-11f1-881f-0242ac130004', NULL, 179, NULL, 9, NULL, NULL, NULL, NULL, 0.00, 0.00, NULL, 'INV-2026-179-222-019', 'Di Gudang', 2, '2026-05-23', NULL, ''),
(297, '301d83fb-566e-11f1-881f-0242ac130004', NULL, 179, NULL, 9, NULL, NULL, NULL, NULL, 0.00, 0.00, NULL, 'INV-2026-179-222-020', 'Di Gudang', 2, '2026-05-23', NULL, ''),
(298, '301d8327-566e-11f1-881f-0242ac130004', NULL, 179, NULL, 9, NULL, NULL, NULL, NULL, 0.00, 0.00, NULL, 'INV-2026-179-222-021', 'Di Gudang', 2, '2026-05-23', NULL, ''),
(299, '301d81fa-566e-11f1-881f-0242ac130004', NULL, 179, NULL, 9, NULL, NULL, NULL, NULL, 0.00, 0.00, NULL, 'INV-2026-179-222-022', 'Di Gudang', 2, '2026-05-23', NULL, ''),
(300, '301d8153-566e-11f1-881f-0242ac130004', NULL, 179, NULL, 9, NULL, NULL, NULL, NULL, 0.00, 0.00, NULL, 'INV-2026-179-222-023', 'Di Gudang', 2, '2026-05-23', NULL, ''),
(301, '301d80a3-566e-11f1-881f-0242ac130004', NULL, 179, NULL, 9, NULL, NULL, NULL, NULL, 0.00, 0.00, NULL, 'INV-2026-179-222-024', 'Di Gudang', 2, '2026-05-23', NULL, ''),
(302, '301d7ff9-566e-11f1-881f-0242ac130004', NULL, 179, NULL, 9, NULL, NULL, NULL, NULL, 0.00, 0.00, NULL, 'INV-2026-179-222-025', 'Di Gudang', 2, '2026-05-23', NULL, ''),
(303, '301d7f51-566e-11f1-881f-0242ac130004', NULL, 179, NULL, 9, NULL, NULL, NULL, NULL, 0.00, 0.00, NULL, 'INV-2026-179-222-026', 'Di Gudang', 2, '2026-05-23', NULL, ''),
(304, '301d7ea9-566e-11f1-881f-0242ac130004', NULL, 179, NULL, 9, NULL, NULL, NULL, NULL, 0.00, 0.00, NULL, 'INV-2026-179-222-027', 'Di Gudang', 2, '2026-05-23', NULL, ''),
(305, '301d7dd9-566e-11f1-881f-0242ac130004', NULL, 179, NULL, 9, NULL, NULL, NULL, NULL, 0.00, 0.00, NULL, 'INV-2026-179-222-028', 'Di Gudang', 2, '2026-05-23', NULL, ''),
(306, '301d7ca5-566e-11f1-881f-0242ac130004', NULL, 179, NULL, 9, NULL, NULL, NULL, NULL, 0.00, 0.00, NULL, 'INV-2026-179-222-029', 'Di Gudang', 2, '2026-05-23', NULL, ''),
(307, '301d7bfb-566e-11f1-881f-0242ac130004', NULL, 179, NULL, 9, NULL, NULL, NULL, NULL, 0.00, 0.00, NULL, 'INV-2026-179-222-030', 'Di Gudang', 2, '2026-05-23', NULL, ''),
(308, '301d7b54-566e-11f1-881f-0242ac130004', NULL, 179, NULL, 9, NULL, NULL, NULL, NULL, 0.00, 0.00, NULL, 'INV-2026-179-222-031', 'Di Gudang', 2, '2026-05-23', NULL, ''),
(309, '301d7aa1-566e-11f1-881f-0242ac130004', NULL, 179, NULL, 9, NULL, NULL, NULL, NULL, 0.00, 0.00, NULL, 'INV-2026-179-222-032', 'Di Gudang', 2, '2026-05-23', NULL, ''),
(310, '301d79ef-566e-11f1-881f-0242ac130004', NULL, 179, NULL, 9, NULL, NULL, NULL, NULL, 0.00, 0.00, NULL, 'INV-2026-179-222-033', 'Di Gudang', 2, '2026-05-23', NULL, ''),
(311, '301d792e-566e-11f1-881f-0242ac130004', NULL, 179, NULL, 9, NULL, NULL, NULL, NULL, 0.00, 0.00, NULL, 'INV-2026-179-222-034', 'Di Gudang', 2, '2026-05-23', NULL, ''),
(312, '301d7847-566e-11f1-881f-0242ac130004', NULL, 179, NULL, 9, NULL, NULL, NULL, NULL, 0.00, 0.00, NULL, 'INV-2026-179-222-035', 'Di Gudang', 2, '2026-05-23', NULL, ''),
(313, '301d76e5-566e-11f1-881f-0242ac130004', NULL, 179, NULL, 9, NULL, NULL, NULL, NULL, 0.00, 0.00, NULL, 'INV-2026-179-222-036', 'Di Gudang', 2, '2026-05-23', NULL, ''),
(314, '301e5797-566e-11f1-881f-0242ac130004', NULL, 179, NULL, 10, NULL, NULL, NULL, NULL, 0.00, 0.00, NULL, 'INV-2026-179-233-001', 'Di Gudang', 2, '2026-05-23', NULL, ''),
(315, '301e56b9-566e-11f1-881f-0242ac130004', NULL, 179, NULL, 10, NULL, NULL, NULL, NULL, 0.00, 0.00, NULL, 'INV-2026-179-233-002', 'Di Gudang', 2, '2026-05-23', NULL, ''),
(316, '301e5592-566e-11f1-881f-0242ac130004', NULL, 179, NULL, 10, NULL, NULL, NULL, NULL, 0.00, 0.00, NULL, 'INV-2026-179-233-003', 'Di Gudang', 2, '2026-05-23', NULL, ''),
(317, '301e54e8-566e-11f1-881f-0242ac130004', NULL, 179, NULL, 10, NULL, NULL, NULL, NULL, 0.00, 0.00, NULL, 'INV-2026-179-233-004', 'Di Gudang', 2, '2026-05-23', NULL, ''),
(318, '301e5441-566e-11f1-881f-0242ac130004', NULL, 179, NULL, 10, NULL, NULL, NULL, NULL, 0.00, 0.00, NULL, 'INV-2026-179-233-005', 'Di Gudang', 2, '2026-05-23', NULL, ''),
(319, '301e5396-566e-11f1-881f-0242ac130004', NULL, 179, NULL, 10, NULL, NULL, NULL, NULL, 0.00, 0.00, NULL, 'INV-2026-179-233-006', 'Di Gudang', 2, '2026-05-23', NULL, ''),
(320, '301e52de-566e-11f1-881f-0242ac130004', NULL, 179, NULL, 10, NULL, NULL, NULL, NULL, 0.00, 0.00, NULL, 'INV-2026-179-233-007', 'Di Gudang', 2, '2026-05-23', NULL, ''),
(321, '301e5219-566e-11f1-881f-0242ac130004', NULL, 179, NULL, 10, NULL, NULL, NULL, NULL, 0.00, 0.00, NULL, 'INV-2026-179-233-008', 'Di Gudang', 2, '2026-05-23', NULL, ''),
(322, '301e5130-566e-11f1-881f-0242ac130004', NULL, 179, NULL, 10, NULL, NULL, NULL, NULL, 0.00, 0.00, NULL, 'INV-2026-179-233-009', 'Di Gudang', 2, '2026-05-23', NULL, ''),
(323, '301e4fdc-566e-11f1-881f-0242ac130004', NULL, 179, NULL, 10, NULL, NULL, NULL, NULL, 0.00, 0.00, NULL, 'INV-2026-179-233-010', 'Di Gudang', 2, '2026-05-23', NULL, ''),
(324, '301e4f35-566e-11f1-881f-0242ac130004', NULL, 179, NULL, 10, NULL, NULL, NULL, NULL, 0.00, 0.00, NULL, 'INV-2026-179-233-011', 'Di Gudang', 2, '2026-05-23', NULL, ''),
(325, '301e4e89-566e-11f1-881f-0242ac130004', NULL, 179, NULL, 10, NULL, NULL, NULL, NULL, 0.00, 0.00, NULL, 'INV-2026-179-233-012', 'Di Gudang', 2, '2026-05-23', NULL, ''),
(326, '301e4dd7-566e-11f1-881f-0242ac130004', NULL, 179, NULL, 10, NULL, NULL, NULL, NULL, 0.00, 0.00, NULL, 'INV-2026-179-233-013', 'Di Gudang', 2, '2026-05-23', NULL, ''),
(327, '301e4d2e-566e-11f1-881f-0242ac130004', NULL, 179, NULL, 10, NULL, NULL, NULL, NULL, 0.00, 0.00, NULL, 'INV-2026-179-233-014', 'Di Gudang', 2, '2026-05-23', NULL, ''),
(328, '301e4c78-566e-11f1-881f-0242ac130004', NULL, 179, NULL, 10, NULL, NULL, NULL, NULL, 0.00, 0.00, NULL, 'INV-2026-179-233-015', 'Di Gudang', 2, '2026-05-23', NULL, ''),
(329, '301e4b3d-566e-11f1-881f-0242ac130004', NULL, 179, NULL, 10, NULL, NULL, NULL, NULL, 0.00, 0.00, NULL, 'INV-2026-179-233-016', 'Di Gudang', 2, '2026-05-23', NULL, ''),
(330, '301e4895-566e-11f1-881f-0242ac130004', NULL, 179, NULL, 10, NULL, NULL, NULL, NULL, 0.00, 0.00, NULL, 'INV-2026-179-233-017', 'Di Gudang', 2, '2026-05-23', NULL, ''),
(331, '301e47ee-566e-11f1-881f-0242ac130004', NULL, 179, NULL, 10, NULL, NULL, NULL, NULL, 0.00, 0.00, NULL, 'INV-2026-179-233-018', 'Di Gudang', 2, '2026-05-23', NULL, ''),
(332, '301e4749-566e-11f1-881f-0242ac130004', NULL, 179, NULL, 10, NULL, NULL, NULL, NULL, 0.00, 0.00, NULL, 'INV-2026-179-233-019', 'Di Gudang', 2, '2026-05-23', NULL, ''),
(333, '301e46a0-566e-11f1-881f-0242ac130004', NULL, 179, NULL, 10, NULL, NULL, NULL, NULL, 0.00, 0.00, NULL, 'INV-2026-179-233-020', 'Di Gudang', 2, '2026-05-23', NULL, ''),
(334, '301e45f8-566e-11f1-881f-0242ac130004', NULL, 179, NULL, 10, NULL, NULL, NULL, NULL, 0.00, 0.00, NULL, 'INV-2026-179-233-021', 'Di Gudang', 2, '2026-05-23', NULL, ''),
(335, '301e4546-566e-11f1-881f-0242ac130004', NULL, 179, NULL, 10, NULL, NULL, NULL, NULL, 0.00, 0.00, NULL, 'INV-2026-179-233-022', 'Di Gudang', 2, '2026-05-23', NULL, ''),
(336, '301e4479-566e-11f1-881f-0242ac130004', NULL, 179, NULL, 10, NULL, NULL, NULL, NULL, 0.00, 0.00, NULL, 'INV-2026-179-233-023', 'Di Gudang', 2, '2026-05-23', NULL, '');
INSERT INTO `aset` (`kode_barang`, `kode_barang2`, `id_detail_pengadaan`, `id_master_barang`, `id_jurusan`, `id_ruang`, `id_lemari`, `nomor_rak`, `id_lokasi`, `no_seri`, `harga_satuan`, `nilai_residu`, `umur_ekonomi`, `kode_inventaris`, `status`, `id_kondisi`, `tanggal_registrasi`, `gambar`, `keterangan`) VALUES
(337, '301e4362-566e-11f1-881f-0242ac130004', NULL, 179, NULL, 10, NULL, NULL, NULL, NULL, 0.00, 0.00, NULL, 'INV-2026-179-233-024', 'Di Gudang', 2, '2026-05-23', NULL, ''),
(338, '301e4219-566e-11f1-881f-0242ac130004', NULL, 179, NULL, 10, NULL, NULL, NULL, NULL, 0.00, 0.00, NULL, 'INV-2026-179-233-025', 'Di Gudang', 2, '2026-05-23', NULL, ''),
(340, '301e4172-566e-11f1-881f-0242ac130004', NULL, 179, NULL, 10, NULL, NULL, NULL, NULL, 0.00, 0.00, NULL, 'INV-2026-179-233-026', 'Di Gudang', 2, '2026-05-23', NULL, ''),
(341, '301e40c8-566e-11f1-881f-0242ac130004', NULL, 179, NULL, 10, NULL, NULL, NULL, NULL, 0.00, 0.00, NULL, 'INV-2026-179-233-027', 'Di Gudang', 2, '2026-05-23', NULL, ''),
(342, '301e401d-566e-11f1-881f-0242ac130004', NULL, 179, NULL, 10, NULL, NULL, NULL, NULL, 0.00, 0.00, NULL, 'INV-2026-179-233-028', 'Di Gudang', 2, '2026-05-23', NULL, ''),
(343, '301e3f6f-566e-11f1-881f-0242ac130004', NULL, 179, NULL, 10, NULL, NULL, NULL, NULL, 0.00, 0.00, NULL, 'INV-2026-179-233-029', 'Di Gudang', 2, '2026-05-23', NULL, ''),
(344, '301e3ebf-566e-11f1-881f-0242ac130004', NULL, 179, NULL, 10, NULL, NULL, NULL, NULL, 0.00, 0.00, NULL, 'INV-2026-179-233-030', 'Di Gudang', 2, '2026-05-23', NULL, ''),
(345, '301e3de6-566e-11f1-881f-0242ac130004', NULL, 179, NULL, 10, NULL, NULL, NULL, NULL, 0.00, 0.00, NULL, 'INV-2026-179-233-031', 'Di Gudang', 2, '2026-05-23', NULL, ''),
(346, '301e3ca8-566e-11f1-881f-0242ac130004', NULL, 179, NULL, 10, NULL, NULL, NULL, NULL, 0.00, 0.00, NULL, 'INV-2026-179-233-032', 'Di Gudang', 2, '2026-05-23', NULL, ''),
(347, '301e3bf9-566e-11f1-881f-0242ac130004', NULL, 179, NULL, 10, NULL, NULL, NULL, NULL, 0.00, 0.00, NULL, 'INV-2026-179-233-033', 'Di Gudang', 2, '2026-05-23', NULL, ''),
(348, '301e3b4e-566e-11f1-881f-0242ac130004', NULL, 179, NULL, 10, NULL, NULL, NULL, NULL, 0.00, 0.00, NULL, 'INV-2026-179-233-034', 'Di Gudang', 2, '2026-05-23', NULL, ''),
(349, '301e3a94-566e-11f1-881f-0242ac130004', NULL, 179, NULL, 10, NULL, NULL, NULL, NULL, 0.00, 0.00, NULL, 'INV-2026-179-233-035', 'Di Gudang', 2, '2026-05-23', NULL, ''),
(350, '301e39d8-566e-11f1-881f-0242ac130004', NULL, 179, NULL, 10, NULL, NULL, NULL, NULL, 0.00, 0.00, NULL, 'INV-2026-179-233-036', 'Di Gudang', 2, '2026-05-23', NULL, ''),
(351, '301dfde2-566e-11f1-881f-0242ac130004', NULL, 180, NULL, 4, NULL, NULL, NULL, NULL, 0.00, 0.00, NULL, 'INV-2026-180-223-001', 'Di Gudang', 2, '2026-05-23', NULL, ''),
(352, '301dfcbb-566e-11f1-881f-0242ac130004', NULL, 180, NULL, 4, NULL, NULL, NULL, NULL, 0.00, 0.00, NULL, 'INV-2026-180-223-002', 'Di Gudang', 2, '2026-05-23', NULL, ''),
(353, '301e0315-566e-11f1-881f-0242ac130004', NULL, 180, NULL, 9, NULL, NULL, NULL, NULL, 0.00, 0.00, NULL, 'INV-2026-180-224-001', 'Di Gudang', 2, '2026-05-23', NULL, ''),
(354, '301e0268-566e-11f1-881f-0242ac130004', NULL, 180, NULL, 9, NULL, NULL, NULL, NULL, 0.00, 0.00, NULL, 'INV-2026-180-224-002', 'Di Gudang', 2, '2026-05-23', NULL, ''),
(355, '301e083e-566e-11f1-881f-0242ac130004', NULL, 180, NULL, 10, NULL, NULL, NULL, NULL, 0.00, 0.00, NULL, 'INV-2026-180-225-001', 'Di Gudang', 2, '2026-05-23', NULL, ''),
(356, '301e078a-566e-11f1-881f-0242ac130004', NULL, 180, NULL, 10, NULL, NULL, NULL, NULL, 0.00, 0.00, NULL, 'INV-2026-180-225-002', 'Di Gudang', 2, '2026-05-23', NULL, ''),
(357, '301e0cae-566e-11f1-881f-0242ac130004', NULL, 181, NULL, 9, NULL, NULL, NULL, NULL, 0.00, 0.00, NULL, 'INV-2026-181-226-001', 'Di Gudang', 2, '2026-05-23', NULL, ''),
(358, '301e18bf-566e-11f1-881f-0242ac130004', NULL, 181, NULL, 10, NULL, NULL, NULL, NULL, 0.00, 0.00, NULL, 'INV-2026-181-228-001', 'Di Gudang', 2, '2026-05-23', NULL, ''),
(359, '30200a28-566e-11f1-881f-0242ac130004', NULL, 182, NULL, 8, NULL, NULL, NULL, NULL, 0.00, 0.00, NULL, 'INV-2026-182-235-001', 'Di Gudang', NULL, '2026-05-23', NULL, ''),
(360, '30200752-566e-11f1-881f-0242ac130004', NULL, 182, NULL, 8, NULL, NULL, NULL, NULL, 0.00, 0.00, NULL, 'INV-2026-182-235-002', 'Di Gudang', NULL, '2026-05-23', NULL, ''),
(361, '30200f70-566e-11f1-881f-0242ac130004', NULL, 183, 6, 8, NULL, NULL, NULL, NULL, 0.00, 0.00, NULL, 'INV-2026-183-236-001', 'Di Gudang', 2, '2026-05-23', NULL, ''),
(362, '30207f6a-566e-11f1-881f-0242ac130004', NULL, 53, 4, 12, NULL, NULL, NULL, NULL, 0.00, 0.00, NULL, 'INV-2026-53-237-001', 'Di Gudang', 2, '2026-05-23', NULL, ''),
(363, '30207eb9-566e-11f1-881f-0242ac130004', NULL, 53, 4, 12, NULL, NULL, NULL, NULL, 0.00, 0.00, NULL, 'INV-2026-53-237-002', 'Di Gudang', 2, '2026-05-23', NULL, ''),
(364, '30207e05-566e-11f1-881f-0242ac130004', NULL, 53, 4, 12, NULL, NULL, NULL, NULL, 0.00, 0.00, NULL, 'INV-2026-53-237-003', 'Di Gudang', 2, '2026-05-23', NULL, ''),
(365, '30207d4e-566e-11f1-881f-0242ac130004', NULL, 53, 4, 12, NULL, NULL, NULL, NULL, 0.00, 0.00, NULL, 'INV-2026-53-237-004', 'Di Gudang', 2, '2026-05-23', NULL, ''),
(366, '30207c7d-566e-11f1-881f-0242ac130004', NULL, 53, 4, 12, NULL, NULL, NULL, NULL, 0.00, 0.00, NULL, 'INV-2026-53-237-005', 'Di Gudang', 2, '2026-05-23', NULL, ''),
(367, '30207a50-566e-11f1-881f-0242ac130004', NULL, 53, 4, 12, NULL, NULL, NULL, NULL, 0.00, 0.00, NULL, 'INV-2026-53-237-006', 'Di Gudang', 2, '2026-05-23', NULL, ''),
(368, '30201919-566e-11f1-881f-0242ac130004', NULL, 53, 4, 12, NULL, NULL, NULL, NULL, 0.00, 0.00, NULL, 'INV-2026-53-237-007', 'Di Gudang', 2, '2026-05-23', NULL, ''),
(369, '30201860-566e-11f1-881f-0242ac130004', NULL, 53, 4, 12, NULL, NULL, NULL, NULL, 0.00, 0.00, NULL, 'INV-2026-53-237-008', 'Di Gudang', 2, '2026-05-23', NULL, ''),
(370, '302017a6-566e-11f1-881f-0242ac130004', NULL, 53, 4, 12, NULL, NULL, NULL, NULL, 0.00, 0.00, NULL, 'INV-2026-53-237-009', 'Di Gudang', 2, '2026-05-23', NULL, ''),
(371, '302016de-566e-11f1-881f-0242ac130004', NULL, 53, 4, 12, NULL, NULL, NULL, NULL, 0.00, 0.00, NULL, 'INV-2026-53-237-010', 'Di Gudang', 2, '2026-05-23', NULL, ''),
(372, '302015da-566e-11f1-881f-0242ac130004', NULL, 53, 4, 12, NULL, NULL, NULL, NULL, 0.00, 0.00, NULL, 'INV-2026-53-237-011', 'Di Gudang', 2, '2026-05-23', NULL, ''),
(373, '3020147a-566e-11f1-881f-0242ac130004', NULL, 53, 4, 12, NULL, NULL, NULL, NULL, 0.00, 0.00, NULL, 'INV-2026-53-237-012', 'Di Gudang', 2, '2026-05-23', NULL, ''),
(374, '302002b2-566e-11f1-881f-0242ac130004', NULL, 87, 7, 10, NULL, NULL, NULL, NULL, 0.00, 0.00, NULL, 'INV-2026-87-234-001', 'Di Gudang', 2, '2026-05-23', NULL, ''),
(375, '302001a5-566e-11f1-881f-0242ac130004', NULL, 87, 7, 10, NULL, NULL, NULL, NULL, 0.00, 0.00, NULL, 'INV-2026-87-234-002', 'Di Gudang', 2, '2026-05-23', NULL, ''),
(376, '301ffe76-566e-11f1-881f-0242ac130004', NULL, 87, 7, 10, NULL, NULL, NULL, NULL, 0.00, 0.00, NULL, 'INV-2026-87-234-003', 'Di Gudang', 2, '2026-05-23', NULL, ''),
(377, '301fad2e-566e-11f1-881f-0242ac130004', NULL, 87, 7, 10, NULL, NULL, NULL, NULL, 0.00, 0.00, NULL, 'INV-2026-87-234-004', 'Di Gudang', 2, '2026-05-23', NULL, ''),
(378, '301fac0f-566e-11f1-881f-0242ac130004', NULL, 87, 7, 10, NULL, NULL, NULL, NULL, 0.00, 0.00, NULL, 'INV-2026-87-234-005', 'Di Gudang', 2, '2026-05-23', NULL, ''),
(379, '301fa8d4-566e-11f1-881f-0242ac130004', NULL, 87, 7, 10, NULL, NULL, NULL, NULL, 0.00, 0.00, NULL, 'INV-2026-87-234-006', 'Di Gudang', 2, '2026-05-23', NULL, ''),
(380, '301f5122-566e-11f1-881f-0242ac130004', NULL, 87, 7, 10, NULL, NULL, NULL, NULL, 0.00, 0.00, NULL, 'INV-2026-87-234-007', 'Di Gudang', 2, '2026-05-23', NULL, ''),
(381, '301f505d-566e-11f1-881f-0242ac130004', NULL, 87, 7, 10, NULL, NULL, NULL, NULL, 0.00, 0.00, NULL, 'INV-2026-87-234-008', 'Di Gudang', 2, '2026-05-23', NULL, ''),
(382, '301f4f5c-566e-11f1-881f-0242ac130004', NULL, 87, 7, 10, NULL, NULL, NULL, NULL, 0.00, 0.00, NULL, 'INV-2026-87-234-009', 'Di Gudang', 2, '2026-05-23', NULL, ''),
(383, '301f4d01-566e-11f1-881f-0242ac130004', NULL, 87, 7, 10, NULL, NULL, NULL, NULL, 0.00, 0.00, NULL, 'INV-2026-87-234-010', 'Di Gudang', 2, '2026-05-23', NULL, ''),
(384, '301eebfa-566e-11f1-881f-0242ac130004', NULL, 87, 7, 10, NULL, NULL, NULL, NULL, 0.00, 0.00, NULL, 'INV-2026-87-234-011', 'Di Gudang', 2, '2026-05-23', NULL, ''),
(385, '301e8aac-566e-11f1-881f-0242ac130004', NULL, 87, 7, 10, NULL, NULL, NULL, NULL, 0.00, 0.00, NULL, 'INV-2026-87-234-012', 'Di Gudang', 2, '2026-05-23', NULL, ''),
(386, '301e6232-566e-11f1-881f-0242ac130004', NULL, 87, 7, 10, NULL, NULL, NULL, NULL, 0.00, 0.00, NULL, 'INV-2026-87-234-013', 'Di Gudang', 2, '2026-05-23', NULL, ''),
(387, '301e617f-566e-11f1-881f-0242ac130004', NULL, 87, 7, 10, NULL, NULL, NULL, NULL, 0.00, 0.00, NULL, 'INV-2026-87-234-014', 'Di Gudang', 2, '2026-05-23', NULL, ''),
(388, '301e60a3-566e-11f1-881f-0242ac130004', NULL, 87, 7, 10, NULL, NULL, NULL, NULL, 0.00, 0.00, NULL, 'INV-2026-87-234-015', 'Di Gudang', 2, '2026-05-23', NULL, ''),
(389, '301e5f5b-566e-11f1-881f-0242ac130004', NULL, 87, 7, 10, NULL, NULL, NULL, NULL, 0.00, 0.00, NULL, 'INV-2026-87-234-016', 'Di Gudang', 2, '2026-05-23', NULL, ''),
(390, '301e5ea1-566e-11f1-881f-0242ac130004', NULL, 87, 7, 10, NULL, NULL, NULL, NULL, 0.00, 0.00, NULL, 'INV-2026-87-234-017', 'Di Gudang', 2, '2026-05-23', NULL, ''),
(391, '301e5de1-566e-11f1-881f-0242ac130004', NULL, 87, 7, 10, NULL, NULL, NULL, NULL, 0.00, 0.00, NULL, 'INV-2026-87-234-018', 'Di Gudang', 2, '2026-05-23', NULL, ''),
(392, '301e5d1c-566e-11f1-881f-0242ac130004', NULL, 87, 7, 10, NULL, NULL, NULL, NULL, 0.00, 0.00, NULL, 'INV-2026-87-234-019', 'Di Gudang', 2, '2026-05-23', NULL, ''),
(393, '301e5c31-566e-11f1-881f-0242ac130004', NULL, 87, 7, 10, NULL, NULL, NULL, NULL, 0.00, 0.00, NULL, 'INV-2026-87-234-020', 'Di Gudang', 2, '2026-05-23', NULL, ''),
(394, '301d56f0-566e-11f1-881f-0242ac130004', NULL, 9, NULL, 9, NULL, NULL, NULL, NULL, 0.00, 0.00, NULL, 'INV-2026-9-219-001', 'Di Gudang', 2, '2026-05-23', NULL, ''),
(395, '301e2277-566e-11f1-881f-0242ac130004', NULL, 9, NULL, 10, NULL, NULL, NULL, NULL, 0.00, 0.00, NULL, 'INV-2026-9-230-001', 'Di Gudang', 2, '2026-05-23', NULL, ''),
(396, '301e1325-566e-11f1-881f-0242ac130004', NULL, 94, 7, 9, NULL, NULL, NULL, NULL, 0.00, 0.00, NULL, 'INV-2026-94-227-001', 'Di Gudang', 2, '2026-05-23', NULL, ''),
(397, '301e1da5-566e-11f1-881f-0242ac130004', NULL, 94, 7, 10, NULL, NULL, NULL, NULL, 0.00, 0.00, NULL, 'INV-2026-94-229-001', 'Di Gudang', 2, '2026-05-23', NULL, ''),
(398, 'C95A47CC3F6149F28B26', 10, 2, 4, NULL, NULL, NULL, NULL, NULL, 170000.00, 0.00, NULL, 'INV-2026-007-001', 'Di Gudang', NULL, '2026-06-25', NULL, 'Dari pengadaan #7'),
(399, '3C7998F567634A1F92EC', 10, 2, 4, NULL, NULL, NULL, NULL, NULL, 170000.00, 0.00, NULL, 'INV-2026-007-002', 'Di Gudang', NULL, '2026-06-25', NULL, 'Dari pengadaan #7');

-- --------------------------------------------------------

--
-- Table structure for table `aset_bangunan`
--

CREATE TABLE `aset_bangunan` (
  `kode_bangunan` int NOT NULL,
  `nama_bangunan` varchar(150) NOT NULL,
  `luas_bangunan` int NOT NULL,
  `status_bangunan` enum('Milik Sendiri','Sewa','Lainnya') CHARACTER SET utf8mb4 COLLATE utf8mb4_0900_bin DEFAULT 'Milik Sendiri',
  `nilai_aset` decimal(15,2) DEFAULT '0.00',
  `keterangan` text,
  `tanggal_bangunan` date DEFAULT NULL,
  `id_kondisi` int DEFAULT NULL,
  `ukuran_p` decimal(10,2) DEFAULT NULL COMMENT 'Panjang Bangunan',
  `ukuran_l` decimal(10,2) DEFAULT NULL COMMENT 'Lebar Bangunan',
  `konstruksi` varchar(255) DEFAULT NULL,
  `Status` enum('Di Gudang','Aktif','Dipinjam','Nonaktif') DEFAULT 'Aktif'
) ENGINE=InnoDB DEFAULT CHARSET=utf8mb4 COLLATE=utf8mb4_0900_ai_ci;

--
-- Dumping data for table `aset_bangunan`
--

INSERT INTO `aset_bangunan` (`kode_bangunan`, `nama_bangunan`, `luas_bangunan`, `status_bangunan`, `nilai_aset`, `keterangan`, `tanggal_bangunan`, `id_kondisi`, `ukuran_p`, `ukuran_l`, `konstruksi`, `Status`) VALUES
(1, 'Bangunan Dummy 1', 433, NULL, 274246852.00, NULL, '2018-01-01', NULL, NULL, NULL, NULL, 'Aktif'),
(2, 'Bangunan Dummy 2', 128, NULL, 121432671.00, 'fwefw', '2019-01-01', 2, 132.00, 313.00, 'fewfw', 'Aktif');

-- --------------------------------------------------------

--
-- Table structure for table `aset_habis_pakai`
--

CREATE TABLE `aset_habis_pakai` (
  `kode_barang` varchar(50) NOT NULL,
  `id_pengadaan_hp` int DEFAULT NULL,
  `id_master_barang` int NOT NULL,
  `stok` int NOT NULL DEFAULT '0',
  `stok_aktual` int NOT NULL DEFAULT '0',
  `id_jurusan` int DEFAULT NULL,
  `id_ruang` int DEFAULT NULL,
  `id_lokasi` int DEFAULT NULL,
  `status` enum('Di Gudang','Aktif','Dipinjam','Nonaktif','Keluar','Tersedia') CHARACTER SET utf8mb4 COLLATE utf8mb4_0900_ai_ci DEFAULT 'Di Gudang',
  `tanggal_registrasi` date NOT NULL,
  `keterangan` text,
  `is_returnable` tinyint(1) DEFAULT '0'
) ENGINE=InnoDB DEFAULT CHARSET=utf8mb4 COLLATE=utf8mb4_0900_ai_ci;

--
-- Dumping data for table `aset_habis_pakai`
--

INSERT INTO `aset_habis_pakai` (`kode_barang`, `id_pengadaan_hp`, `id_master_barang`, `stok`, `stok_aktual`, `id_jurusan`, `id_ruang`, `id_lokasi`, `status`, `tanggal_registrasi`, `keterangan`, `is_returnable`) VALUES
('30223160-566e-11f1-881f-0242ac130004', NULL, 12, 1000, 900, NULL, 6, 1, 'Tersedia', '2017-01-01', 'test', 1),
('302267b7-566e-11f1-881f-0242ac130004', NULL, 17, 0, 0, NULL, 6, 2, 'Di Gudang', '2021-01-01', '', 0),
('30226a3f-566e-11f1-881f-0242ac130004', NULL, 17, 0, 0, NULL, 6, 3, 'Di Gudang', '2021-01-01', '', 0),
('30226f51-566e-11f1-881f-0242ac130004', NULL, 18, 0, 0, NULL, 8, NULL, 'Di Gudang', '2021-01-01', '', 0),
('3022741b-566e-11f1-881f-0242ac130004', NULL, 23, 0, 0, NULL, 5, NULL, 'Di Gudang', '2021-01-01', 'Untuk Monitor CCTV', 0),
('30227897-566e-11f1-881f-0242ac130004', NULL, 24, 0, 0, NULL, 11, NULL, 'Di Gudang', '2021-01-01', '', 0),
('30227d0b-566e-11f1-881f-0242ac130004', NULL, 26, 0, 0, NULL, 11, NULL, 'Di Gudang', '2022-01-01', 'Terpakai di Lab', 0),
('30227db5-566e-11f1-881f-0242ac130004', NULL, 26, 0, 0, NULL, 11, NULL, 'Di Gudang', '2022-01-01', 'Terpakai di Lab', 0),
('30227f7e-566e-11f1-881f-0242ac130004', NULL, 26, 0, 0, NULL, 11, NULL, 'Di Gudang', '2022-01-01', 'Terpakai di Lab', 0),
('30228055-566e-11f1-881f-0242ac130004', NULL, 26, 0, 0, NULL, 11, NULL, 'Di Gudang', '2022-01-01', 'Terpakai di Lab', 0),
('302281c3-566e-11f1-881f-0242ac130004', NULL, 26, 0, 0, NULL, 11, NULL, 'Di Gudang', '2022-01-01', 'Terpakai di Lab', 0),
('302286d5-566e-11f1-881f-0242ac130004', NULL, 27, 0, 0, NULL, 8, NULL, 'Di Gudang', '2022-01-01', '', 0),
('302287a1-566e-11f1-881f-0242ac130004', NULL, 27, 0, 0, NULL, 8, NULL, 'Di Gudang', '2022-01-01', '', 0),
('3022884a-566e-11f1-881f-0242ac130004', NULL, 27, 0, 0, NULL, 8, NULL, 'Di Gudang', '2022-01-01', '', 0),
('302288ee-566e-11f1-881f-0242ac130004', NULL, 27, 0, 0, NULL, 8, NULL, 'Di Gudang', '2022-01-01', '', 0),
('30228a38-566e-11f1-881f-0242ac130004', NULL, 27, 0, 0, NULL, 8, NULL, 'Di Gudang', '2022-01-01', '', 0),
('30228b05-566e-11f1-881f-0242ac130004', NULL, 27, 0, 0, NULL, 8, NULL, 'Di Gudang', '2022-01-01', '', 0),
('30228baf-566e-11f1-881f-0242ac130004', NULL, 27, 0, 0, NULL, 8, NULL, 'Di Gudang', '2022-01-01', '', 0),
('30228c53-566e-11f1-881f-0242ac130004', NULL, 27, 0, 0, NULL, 8, NULL, 'Di Gudang', '2022-01-01', '', 0),
('302290cd-566e-11f1-881f-0242ac130004', NULL, 27, 0, 0, NULL, 10, NULL, 'Di Gudang', '2022-01-01', '', 0),
('30229172-566e-11f1-881f-0242ac130004', NULL, 27, 0, 0, NULL, 10, NULL, 'Di Gudang', '2022-01-01', '', 0),
('30229214-566e-11f1-881f-0242ac130004', NULL, 27, 0, 0, NULL, 10, NULL, 'Di Gudang', '2022-01-01', '', 0),
('30229376-566e-11f1-881f-0242ac130004', NULL, 27, 0, 0, NULL, 10, NULL, 'Di Gudang', '2022-01-01', '', 0),
('30229838-566e-11f1-881f-0242ac130004', NULL, 28, 0, 0, 7, 8, NULL, 'Di Gudang', '2022-01-01', '', 0),
('30229ce9-566e-11f1-881f-0242ac130004', NULL, 28, 0, 0, 7, 5, NULL, 'Di Gudang', '2022-01-01', '', 0),
('3022a156-566e-11f1-881f-0242ac130004', NULL, 31, 0, 0, NULL, 8, NULL, 'Di Gudang', '2022-01-01', '', 0),
('3022a5a8-566e-11f1-881f-0242ac130004', NULL, 32, 0, 0, NULL, 6, NULL, 'Di Gudang', '2022-01-01', '', 0),
('3022a65a-566e-11f1-881f-0242ac130004', NULL, 32, 0, 0, NULL, 6, NULL, 'Di Gudang', '2022-01-01', '', 0),
('3022a70c-566e-11f1-881f-0242ac130004', NULL, 32, 0, 0, NULL, 6, NULL, 'Di Gudang', '2022-01-01', '', 0),
('3022a7b5-566e-11f1-881f-0242ac130004', NULL, 32, 0, 0, NULL, 6, NULL, 'Di Gudang', '2022-01-01', '', 0),
('3022b27e-566e-11f1-881f-0242ac130004', NULL, 32, 0, 0, NULL, 6, NULL, 'Di Gudang', '2022-01-01', '', 0),
('3022b386-566e-11f1-881f-0242ac130004', NULL, 32, 0, 0, NULL, 6, NULL, 'Di Gudang', '2022-01-01', '', 0),
('3022b432-566e-11f1-881f-0242ac130004', NULL, 32, 0, 0, NULL, 6, NULL, 'Di Gudang', '2022-01-01', '', 0),
('3022b523-566e-11f1-881f-0242ac130004', NULL, 32, 0, 0, NULL, 6, NULL, 'Di Gudang', '2022-01-01', '', 0),
('3022b9c5-566e-11f1-881f-0242ac130004', NULL, 34, 0, 0, NULL, 6, NULL, 'Di Gudang', '2022-01-01', '', 0),
('3022ba71-566e-11f1-881f-0242ac130004', NULL, 34, 0, 0, NULL, 6, NULL, 'Di Gudang', '2022-01-01', '', 0),
('3022bf11-566e-11f1-881f-0242ac130004', NULL, 35, 0, 0, NULL, 6, NULL, 'Di Gudang', '2022-01-01', '', 0),
('3022c441-566e-11f1-881f-0242ac130004', NULL, 35, 0, 0, NULL, 11, NULL, 'Di Gudang', '2022-01-01', '', 0),
('3022c908-566e-11f1-881f-0242ac130004', NULL, 35, 0, 0, NULL, 11, NULL, 'Di Gudang', '2022-01-01', '', 0),
('3022cd8b-566e-11f1-881f-0242ac130004', NULL, 36, 0, 0, NULL, 6, NULL, 'Di Gudang', '2022-01-01', 'Stok 1', 0),
('3022d2c1-566e-11f1-881f-0242ac130004', NULL, 37, 0, 0, NULL, 10, NULL, 'Di Gudang', '2022-01-01', '', 0),
('3022d79e-566e-11f1-881f-0242ac130004', NULL, 38, 0, 0, NULL, 6, NULL, 'Di Gudang', '2022-01-01', '', 0),
('3022dc64-566e-11f1-881f-0242ac130004', NULL, 39, 0, 0, NULL, 11, NULL, 'Di Gudang', '2022-01-01', '', 0),
('3022e0ce-566e-11f1-881f-0242ac130004', NULL, 40, 0, 0, NULL, 6, NULL, 'Di Gudang', '2022-01-01', '', 0),
('3022e1a8-566e-11f1-881f-0242ac130004', NULL, 40, 0, 0, NULL, 6, NULL, 'Di Gudang', '2022-01-01', '', 0),
('3022e318-566e-11f1-881f-0242ac130004', NULL, 40, 0, 0, NULL, 6, NULL, 'Di Gudang', '2022-01-01', '', 0),
('3022e3fb-566e-11f1-881f-0242ac130004', NULL, 40, 0, 0, NULL, 6, NULL, 'Di Gudang', '2022-01-01', '', 0),
('3022e876-566e-11f1-881f-0242ac130004', NULL, 41, 0, 0, NULL, 11, NULL, 'Di Gudang', '2022-01-01', '', 0),
('3022e92d-566e-11f1-881f-0242ac130004', NULL, 41, 0, 0, NULL, 11, NULL, 'Di Gudang', '2022-01-01', '', 0),
('3022e9d6-566e-11f1-881f-0242ac130004', NULL, 41, 0, 0, NULL, 11, NULL, 'Di Gudang', '2022-01-01', '', 0),
('3022eaaf-566e-11f1-881f-0242ac130004', NULL, 41, 0, 0, NULL, 11, NULL, 'Di Gudang', '2022-01-01', '', 0),
('3022ef23-566e-11f1-881f-0242ac130004', NULL, 42, 0, 0, NULL, 11, NULL, 'Di Gudang', '2022-01-01', '', 0),
('3022f069-566e-11f1-881f-0242ac130004', NULL, 42, 0, 0, NULL, 11, NULL, 'Di Gudang', '2022-01-01', '', 0),
('3022f142-566e-11f1-881f-0242ac130004', NULL, 42, 0, 0, NULL, 11, NULL, 'Di Gudang', '2022-01-01', '', 0),
('3022f1f2-566e-11f1-881f-0242ac130004', NULL, 42, 0, 0, NULL, 11, NULL, 'Di Gudang', '2022-01-01', '', 0),
('3022f294-566e-11f1-881f-0242ac130004', NULL, 42, 0, 0, NULL, 11, NULL, 'Di Gudang', '2022-01-01', '', 0),
('3022f33a-566e-11f1-881f-0242ac130004', NULL, 42, 0, 0, NULL, 11, NULL, 'Di Gudang', '2022-01-01', '', 0),
('3022f3de-566e-11f1-881f-0242ac130004', NULL, 42, 0, 0, NULL, 11, NULL, 'Di Gudang', '2022-01-01', '', 0),
('3022f481-566e-11f1-881f-0242ac130004', NULL, 42, 0, 0, NULL, 11, NULL, 'Di Gudang', '2022-01-01', '', 0),
('3022f5a4-566e-11f1-881f-0242ac130004', NULL, 42, 0, 0, NULL, 11, NULL, 'Di Gudang', '2022-01-01', '', 0),
('3022f6f8-566e-11f1-881f-0242ac130004', NULL, 42, 0, 0, NULL, 11, NULL, 'Di Gudang', '2022-01-01', '', 0),
('3022fb85-566e-11f1-881f-0242ac130004', NULL, 44, 0, 0, NULL, 11, NULL, 'Di Gudang', '2022-01-01', 'di PC Lab', 0),
('30230007-566e-11f1-881f-0242ac130004', NULL, 45, 0, 0, NULL, 11, NULL, 'Di Gudang', '2022-01-01', '', 0),
('3023029b-566e-11f1-881f-0242ac130004', NULL, 45, 0, 0, NULL, 11, NULL, 'Di Gudang', '2022-01-01', '', 0),
('3023078a-566e-11f1-881f-0242ac130004', NULL, 46, 0, 0, NULL, 10, NULL, 'Di Gudang', '2022-01-01', 'Diganti Epson L121', 0),
('30230c18-566e-11f1-881f-0242ac130004', NULL, 47, 0, 0, NULL, 11, NULL, 'Di Gudang', '2022-01-01', '', 0),
('30230cc8-566e-11f1-881f-0242ac130004', NULL, 47, 0, 0, NULL, 11, NULL, 'Di Gudang', '2022-01-01', '', 0),
('30230e0e-566e-11f1-881f-0242ac130004', NULL, 47, 0, 0, NULL, 11, NULL, 'Di Gudang', '2022-01-01', '', 0),
('30230ee2-566e-11f1-881f-0242ac130004', NULL, 47, 0, 0, NULL, 11, NULL, 'Di Gudang', '2022-01-01', '', 0),
('30230f8e-566e-11f1-881f-0242ac130004', NULL, 47, 0, 0, NULL, 11, NULL, 'Di Gudang', '2022-01-01', '', 0),
('30231033-566e-11f1-881f-0242ac130004', NULL, 47, 0, 0, NULL, 11, NULL, 'Di Gudang', '2022-01-01', '', 0),
('302310d2-566e-11f1-881f-0242ac130004', NULL, 47, 0, 0, NULL, 11, NULL, 'Di Gudang', '2022-01-01', '', 0),
('3023117b-566e-11f1-881f-0242ac130004', NULL, 47, 0, 0, NULL, 11, NULL, 'Di Gudang', '2022-01-01', '', 0),
('3023124c-566e-11f1-881f-0242ac130004', NULL, 47, 0, 0, NULL, 11, NULL, 'Di Gudang', '2022-01-01', '', 0),
('30231386-566e-11f1-881f-0242ac130004', NULL, 47, 0, 0, NULL, 11, NULL, 'Di Gudang', '2022-01-01', '', 0),
('3023182f-566e-11f1-881f-0242ac130004', NULL, 48, 0, 0, NULL, 6, NULL, 'Di Gudang', '2022-01-01', '', 0),
('302318e3-566e-11f1-881f-0242ac130004', NULL, 48, 0, 0, NULL, 6, NULL, 'Di Gudang', '2022-01-01', '', 0),
('30231d8c-566e-11f1-881f-0242ac130004', NULL, 49, 0, 0, NULL, 10, NULL, 'Di Gudang', '2022-01-01', '', 0),
('3023224c-566e-11f1-881f-0242ac130004', NULL, 50, 0, 0, NULL, 10, NULL, 'Di Gudang', '2022-01-01', '', 0),
('302326c9-566e-11f1-881f-0242ac130004', NULL, 51, 0, 0, NULL, 6, NULL, 'Di Gudang', '2022-01-01', '', 0),
('30232b72-566e-11f1-881f-0242ac130004', NULL, 52, 0, 0, NULL, 6, NULL, 'Di Gudang', '2022-01-01', '', 0),
('30233089-566e-11f1-881f-0242ac130004', NULL, 56, 0, 0, NULL, 10, NULL, 'Di Gudang', '2022-01-01', '', 0),
('30233172-566e-11f1-881f-0242ac130004', NULL, 56, 0, 0, NULL, 10, NULL, 'Di Gudang', '2022-01-01', '', 0),
('30233611-566e-11f1-881f-0242ac130004', NULL, 60, 0, 0, NULL, 11, NULL, 'Di Gudang', '2022-01-01', 'Untuk Lab', 0),
('30233a78-566e-11f1-881f-0242ac130004', NULL, 61, 0, 0, NULL, 10, NULL, 'Di Gudang', '2022-01-01', '', 0),
('30233de0-566e-11f1-881f-0242ac130004', NULL, 61, 0, 0, NULL, 10, NULL, 'Di Gudang', '2022-01-01', '', 0),
('30233f6f-566e-11f1-881f-0242ac130004', NULL, 61, 0, 0, NULL, 10, NULL, 'Di Gudang', '2022-01-01', '', 0),
('3023412f-566e-11f1-881f-0242ac130004', NULL, 61, 0, 0, NULL, 10, NULL, 'Di Gudang', '2022-01-01', '', 0),
('30234212-566e-11f1-881f-0242ac130004', NULL, 61, 0, 0, NULL, 10, NULL, 'Di Gudang', '2022-01-01', '', 0),
('3023435c-566e-11f1-881f-0242ac130004', NULL, 61, 0, 0, NULL, 10, NULL, 'Di Gudang', '2022-01-01', '', 0),
('3023442c-566e-11f1-881f-0242ac130004', NULL, 61, 0, 0, NULL, 10, NULL, 'Di Gudang', '2022-01-01', '', 0),
('302344d7-566e-11f1-881f-0242ac130004', NULL, 61, 0, 0, NULL, 10, NULL, 'Di Gudang', '2022-01-01', '', 0),
('30234974-566e-11f1-881f-0242ac130004', NULL, 62, 0, 0, NULL, 14, NULL, 'Di Gudang', '2022-01-01', 'Pengajuan Asli Daikin FTC15NV14 / FTC 15 1/2 PK', 0),
('30234ac1-566e-11f1-881f-0242ac130004', NULL, 62, 0, 0, NULL, 14, NULL, 'Di Gudang', '2022-01-01', 'Pengajuan Asli Daikin FTC15NV14 / FTC 15 1/2 PK', 0),
('30235369-566e-11f1-881f-0242ac130004', NULL, 63, 0, 0, NULL, 5, NULL, 'Di Gudang', '2022-01-01', '', 0),
('30235575-566e-11f1-881f-0242ac130004', NULL, 63, 0, 0, NULL, 5, NULL, 'Di Gudang', '2022-01-01', '', 0),
('30235af6-566e-11f1-881f-0242ac130004', NULL, 67, 0, 0, NULL, 5, NULL, 'Di Gudang', '2023-01-01', 'Dipinjam Bu Sa\'diyah', 0),
('302360d2-566e-11f1-881f-0242ac130004', NULL, 72, 0, 0, NULL, 5, NULL, 'Di Gudang', '2023-01-01', '', 0),
('3023669e-566e-11f1-881f-0242ac130004', NULL, 74, 0, 0, NULL, 11, NULL, 'Di Gudang', '2023-01-01', 'Habis', 0),
('3023677d-566e-11f1-881f-0242ac130004', NULL, 74, 0, 0, NULL, 11, NULL, 'Di Gudang', '2023-01-01', 'Habis', 0),
('30236833-566e-11f1-881f-0242ac130004', NULL, 74, 0, 0, NULL, 11, NULL, 'Di Gudang', '2023-01-01', 'Habis', 0),
('30236ca9-566e-11f1-881f-0242ac130004', NULL, 74, 0, 0, NULL, 11, NULL, 'Di Gudang', '2023-01-01', 'Habis', 0),
('30237110-566e-11f1-881f-0242ac130004', NULL, 74, 0, 0, NULL, 11, NULL, 'Di Gudang', '2023-01-01', 'Habis', 0),
('30237659-566e-11f1-881f-0242ac130004', NULL, 74, 0, 0, NULL, 11, NULL, 'Di Gudang', '2023-01-01', 'Habis', 0),
('30237d62-566e-11f1-881f-0242ac130004', NULL, 75, 0, 0, 6, 5, NULL, 'Di Gudang', '2023-01-01', '', 0),
('30237fbc-566e-11f1-881f-0242ac130004', NULL, 75, 0, 0, 6, 5, NULL, 'Di Gudang', '2023-01-01', '', 0),
('3023854d-566e-11f1-881f-0242ac130004', NULL, 77, 0, 0, 6, 5, NULL, 'Di Gudang', '2023-01-01', '', 0),
('3023872b-566e-11f1-881f-0242ac130004', NULL, 77, 0, 0, 6, 5, NULL, 'Di Gudang', '2023-01-01', '', 0),
('30238805-566e-11f1-881f-0242ac130004', NULL, 77, 0, 0, 6, 5, NULL, 'Di Gudang', '2023-01-01', '', 0),
('302388ba-566e-11f1-881f-0242ac130004', NULL, 77, 0, 0, 6, 5, NULL, 'Di Gudang', '2023-01-01', '', 0),
('30238de6-566e-11f1-881f-0242ac130004', NULL, 78, 0, 0, NULL, 11, NULL, 'Di Gudang', '2023-01-01', '', 0),
('302392a7-566e-11f1-881f-0242ac130004', NULL, 79, 0, 0, NULL, 11, NULL, 'Di Gudang', '2023-01-01', 'Dipasang di PC Lab', 0),
('30239372-566e-11f1-881f-0242ac130004', NULL, 79, 0, 0, NULL, 11, NULL, 'Di Gudang', '2023-01-01', 'Dipasang di PC Lab', 0),
('30239424-566e-11f1-881f-0242ac130004', NULL, 79, 0, 0, NULL, 11, NULL, 'Di Gudang', '2023-01-01', 'Dipasang di PC Lab', 0),
('302394d3-566e-11f1-881f-0242ac130004', NULL, 79, 0, 0, NULL, 11, NULL, 'Di Gudang', '2023-01-01', 'Dipasang di PC Lab', 0),
('3023958d-566e-11f1-881f-0242ac130004', NULL, 79, 0, 0, NULL, 11, NULL, 'Di Gudang', '2023-01-01', 'Dipasang di PC Lab', 0),
('30239636-566e-11f1-881f-0242ac130004', NULL, 79, 0, 0, NULL, 11, NULL, 'Di Gudang', '2023-01-01', 'Dipasang di PC Lab', 0),
('302396d8-566e-11f1-881f-0242ac130004', NULL, 79, 0, 0, NULL, 11, NULL, 'Di Gudang', '2023-01-01', 'Dipasang di PC Lab', 0),
('3023980e-566e-11f1-881f-0242ac130004', NULL, 79, 0, 0, NULL, 11, NULL, 'Di Gudang', '2023-01-01', 'Dipasang di PC Lab', 0),
('302398d6-566e-11f1-881f-0242ac130004', NULL, 79, 0, 0, NULL, 11, NULL, 'Di Gudang', '2023-01-01', 'Dipasang di PC Lab', 0),
('3023997d-566e-11f1-881f-0242ac130004', NULL, 79, 0, 0, NULL, 11, NULL, 'Di Gudang', '2023-01-01', 'Dipasang di PC Lab', 0),
('30239a20-566e-11f1-881f-0242ac130004', NULL, 79, 0, 0, NULL, 11, NULL, 'Di Gudang', '2023-01-01', 'Dipasang di PC Lab', 0),
('30239e9e-566e-11f1-881f-0242ac130004', NULL, 80, 0, 0, 6, 5, NULL, 'Di Gudang', '2023-01-01', '', 0),
('3023a310-566e-11f1-881f-0242ac130004', NULL, 82, 0, 0, NULL, 11, NULL, 'Di Gudang', '2023-01-01', 'Dipasang di CCTV', 0),
('3023a818-566e-11f1-881f-0242ac130004', NULL, 83, 0, 0, NULL, 11, NULL, 'Di Gudang', '2023-01-01', '', 0),
('3023ad5f-566e-11f1-881f-0242ac130004', NULL, 86, 0, 0, NULL, 5, NULL, 'Di Gudang', '2023-01-01', '', 0),
('3023b1dc-566e-11f1-881f-0242ac130004', NULL, 86, 0, 0, NULL, 8, NULL, 'Di Gudang', '2023-01-01', '', 0),
('3023b294-566e-11f1-881f-0242ac130004', NULL, 86, 0, 0, NULL, 8, NULL, 'Di Gudang', '2023-01-01', '', 0),
('3023b34a-566e-11f1-881f-0242ac130004', NULL, 86, 0, 0, NULL, 8, NULL, 'Di Gudang', '2023-01-01', '', 0),
('3023b7bf-566e-11f1-881f-0242ac130004', NULL, 79, 0, 0, NULL, 11, NULL, 'Di Gudang', '2024-01-01', 'Dipasang di PC Lab', 0),
('3023b873-566e-11f1-881f-0242ac130004', NULL, 79, 0, 0, NULL, 11, NULL, 'Di Gudang', '2024-01-01', 'Dipasang di PC Lab', 0),
('3023b920-566e-11f1-881f-0242ac130004', NULL, 79, 0, 0, NULL, 11, NULL, 'Di Gudang', '2024-01-01', 'Dipasang di PC Lab', 0),
('3023bac4-566e-11f1-881f-0242ac130004', NULL, 79, 0, 0, NULL, 11, NULL, 'Di Gudang', '2024-01-01', 'Dipasang di PC Lab', 0),
('3023bb9c-566e-11f1-881f-0242ac130004', NULL, 79, 0, 0, NULL, 11, NULL, 'Di Gudang', '2024-01-01', 'Dipasang di PC Lab', 0),
('3023c007-566e-11f1-881f-0242ac130004', NULL, 91, 0, 0, NULL, 11, NULL, 'Di Gudang', '2024-01-01', 'Dipasang di PC Lab', 0),
('3023c0be-566e-11f1-881f-0242ac130004', NULL, 91, 0, 0, NULL, 11, NULL, 'Di Gudang', '2024-01-01', 'Dipasang di PC Lab', 0),
('3023c172-566e-11f1-881f-0242ac130004', NULL, 91, 0, 0, NULL, 11, NULL, 'Di Gudang', '2024-01-01', 'Dipasang di PC Lab', 0),
('3023c219-566e-11f1-881f-0242ac130004', NULL, 91, 0, 0, NULL, 11, NULL, 'Di Gudang', '2024-01-01', 'Dipasang di PC Lab', 0),
('3023c2c1-566e-11f1-881f-0242ac130004', NULL, 91, 0, 0, NULL, 11, NULL, 'Di Gudang', '2024-01-01', 'Dipasang di PC Lab', 0),
('3023c426-566e-11f1-881f-0242ac130004', NULL, 91, 0, 0, NULL, 11, NULL, 'Di Gudang', '2024-01-01', 'Dipasang di PC Lab', 0),
('3023c99e-566e-11f1-881f-0242ac130004', NULL, 92, 0, 0, NULL, 11, NULL, 'Di Gudang', '2024-01-01', '', 0),
('3023cf71-566e-11f1-881f-0242ac130004', NULL, 92, 0, 0, NULL, 6, NULL, 'Di Gudang', '2024-01-01', '', 0),
('3024343f-566e-11f1-881f-0242ac130004', NULL, 92, 0, 0, NULL, 6, NULL, 'Di Gudang', '2024-01-01', '', 0),
('30243646-566e-11f1-881f-0242ac130004', NULL, 92, 0, 0, NULL, 6, NULL, 'Di Gudang', '2024-01-01', '', 0),
('3024375e-566e-11f1-881f-0242ac130004', NULL, 92, 0, 0, NULL, 6, NULL, 'Di Gudang', '2024-01-01', '', 0),
('30243bf8-566e-11f1-881f-0242ac130004', NULL, 93, 0, 0, NULL, 6, NULL, 'Di Gudang', '2024-01-01', '', 0),
('30243cb5-566e-11f1-881f-0242ac130004', NULL, 93, 0, 0, NULL, 6, NULL, 'Di Gudang', '2024-01-01', '', 0),
('30243d5c-566e-11f1-881f-0242ac130004', NULL, 93, 0, 0, NULL, 6, NULL, 'Di Gudang', '2024-01-01', '', 0),
('30243e00-566e-11f1-881f-0242ac130004', NULL, 93, 0, 0, NULL, 6, NULL, 'Di Gudang', '2024-01-01', '', 0),
('30243ea1-566e-11f1-881f-0242ac130004', NULL, 93, 0, 0, NULL, 6, NULL, 'Di Gudang', '2024-01-01', '', 0),
('3024431b-566e-11f1-881f-0242ac130004', NULL, 95, 0, 0, NULL, 11, NULL, 'Di Gudang', '2024-01-01', 'Dipasang di Labtop', 0),
('3024446a-566e-11f1-881f-0242ac130004', NULL, 95, 0, 0, NULL, 11, NULL, 'Di Gudang', '2024-01-01', 'Dipasang di Labtop', 0),
('30244546-566e-11f1-881f-0242ac130004', NULL, 95, 0, 0, NULL, 11, NULL, 'Di Gudang', '2024-01-01', 'Dipasang di Labtop', 0),
('30244602-566e-11f1-881f-0242ac130004', NULL, 95, 0, 0, NULL, 11, NULL, 'Di Gudang', '2024-01-01', 'Dipasang di Labtop', 0),
('30244894-566e-11f1-881f-0242ac130004', NULL, 95, 0, 0, NULL, 11, NULL, 'Di Gudang', '2024-01-01', 'Dipasang di Labtop', 0),
('30244968-566e-11f1-881f-0242ac130004', NULL, 95, 0, 0, NULL, 11, NULL, 'Di Gudang', '2024-01-01', 'Dipasang di Labtop', 0),
('30244a10-566e-11f1-881f-0242ac130004', NULL, 95, 0, 0, NULL, 11, NULL, 'Di Gudang', '2024-01-01', 'Dipasang di Labtop', 0),
('30244ab1-566e-11f1-881f-0242ac130004', NULL, 95, 0, 0, NULL, 11, NULL, 'Di Gudang', '2024-01-01', 'Dipasang di Labtop', 0),
('30244be3-566e-11f1-881f-0242ac130004', NULL, 95, 0, 0, NULL, 11, NULL, 'Di Gudang', '2024-01-01', 'Dipasang di Labtop', 0),
('30244ca8-566e-11f1-881f-0242ac130004', NULL, 95, 0, 0, NULL, 11, NULL, 'Di Gudang', '2024-01-01', 'Dipasang di Labtop', 0),
('3024511b-566e-11f1-881f-0242ac130004', NULL, 96, 0, 0, NULL, 11, NULL, 'Di Gudang', '2024-01-01', 'Dipasang di Labtop', 0),
('302451c1-566e-11f1-881f-0242ac130004', NULL, 96, 0, 0, NULL, 11, NULL, 'Di Gudang', '2024-01-01', 'Dipasang di Labtop', 0),
('30245265-566e-11f1-881f-0242ac130004', NULL, 96, 0, 0, NULL, 11, NULL, 'Di Gudang', '2024-01-01', 'Dipasang di Labtop', 0),
('30245309-566e-11f1-881f-0242ac130004', NULL, 96, 0, 0, NULL, 11, NULL, 'Di Gudang', '2024-01-01', 'Dipasang di Labtop', 0),
('302453ab-566e-11f1-881f-0242ac130004', NULL, 96, 0, 0, NULL, 11, NULL, 'Di Gudang', '2024-01-01', 'Dipasang di Labtop', 0),
('302459f5-566e-11f1-881f-0242ac130004', NULL, 96, 0, 0, NULL, 6, NULL, 'Di Gudang', '2024-01-01', '', 0),
('30245c56-566e-11f1-881f-0242ac130004', NULL, 96, 0, 0, NULL, 6, NULL, 'Di Gudang', '2024-01-01', '', 0),
('30245d4f-566e-11f1-881f-0242ac130004', NULL, 96, 0, 0, NULL, 6, NULL, 'Di Gudang', '2024-01-01', '', 0),
('30245e14-566e-11f1-881f-0242ac130004', NULL, 96, 0, 0, NULL, 6, NULL, 'Di Gudang', '2024-01-01', '', 0),
('30245ec0-566e-11f1-881f-0242ac130004', NULL, 96, 0, 0, NULL, 6, NULL, 'Di Gudang', '2024-01-01', '', 0),
('30246327-566e-11f1-881f-0242ac130004', NULL, 97, 0, 0, NULL, 5, NULL, 'Di Gudang', '2024-01-01', '', 0),
('302463d9-566e-11f1-881f-0242ac130004', NULL, 97, 0, 0, NULL, 5, NULL, 'Di Gudang', '2024-01-01', '', 0),
('30246488-566e-11f1-881f-0242ac130004', NULL, 97, 0, 0, NULL, 5, NULL, 'Di Gudang', '2024-01-01', '', 0),
('3024662c-566e-11f1-881f-0242ac130004', NULL, 97, 0, 0, NULL, 5, NULL, 'Di Gudang', '2024-01-01', '', 0),
('302466fe-566e-11f1-881f-0242ac130004', NULL, 97, 0, 0, NULL, 5, NULL, 'Di Gudang', '2024-01-01', '', 0),
('30246cc0-566e-11f1-881f-0242ac130004', NULL, 100, 0, 0, NULL, 6, NULL, 'Di Gudang', '2024-01-01', '', 0),
('30247203-566e-11f1-881f-0242ac130004', NULL, 101, 0, 0, NULL, 6, NULL, 'Di Gudang', '2024-01-01', '', 0),
('30247b65-566e-11f1-881f-0242ac130004', NULL, 102, 0, 0, NULL, 5, NULL, 'Di Gudang', '2024-01-01', '', 0),
('30248154-566e-11f1-881f-0242ac130004', NULL, 109, 0, 0, NULL, 8, NULL, 'Di Gudang', '2024-01-01', '', 0),
('30248650-566e-11f1-881f-0242ac130004', NULL, 110, 0, 0, NULL, 6, NULL, 'Di Gudang', '2025-01-01', '', 0),
('30248c9c-566e-11f1-881f-0242ac130004', NULL, 132, 0, 0, NULL, 6, NULL, 'Di Gudang', '2025-01-01', '', 0),
('3024915a-566e-11f1-881f-0242ac130004', NULL, 133, 0, 0, NULL, 6, NULL, 'Di Gudang', '2025-01-01', '', 0),
('3024921a-566e-11f1-881f-0242ac130004', NULL, 133, 0, 0, NULL, 6, NULL, 'Di Gudang', '2025-01-01', '', 0),
('302492cb-566e-11f1-881f-0242ac130004', NULL, 133, 0, 0, NULL, 6, NULL, 'Di Gudang', '2025-01-01', '', 0),
('30249379-566e-11f1-881f-0242ac130004', NULL, 133, 0, 0, NULL, 6, NULL, 'Di Gudang', '2025-01-01', '', 0),
('302497f1-566e-11f1-881f-0242ac130004', NULL, 134, 0, 0, 6, 5, NULL, 'Di Gudang', '2025-01-01', '', 0),
('30249c85-566e-11f1-881f-0242ac130004', NULL, 134, 0, 0, 6, 10, NULL, 'Di Gudang', '2025-01-01', '', 0),
('3024a198-566e-11f1-881f-0242ac130004', NULL, 134, 0, 0, 6, 6, NULL, 'Di Gudang', '2025-01-01', '', 0),
('3024a65c-566e-11f1-881f-0242ac130004', NULL, 134, 0, 0, 6, 6, NULL, 'Di Gudang', '2025-01-01', '', 0),
('3024ab0d-566e-11f1-881f-0242ac130004', NULL, 135, 0, 0, 6, 6, NULL, 'Di Gudang', '2025-01-01', '', 0),
('3024abc2-566e-11f1-881f-0242ac130004', NULL, 135, 0, 0, 6, 6, NULL, 'Di Gudang', '2025-01-01', '', 0),
('3024ac79-566e-11f1-881f-0242ac130004', NULL, 135, 0, 0, 6, 6, NULL, 'Di Gudang', '2025-01-01', '', 0),
('3024b111-566e-11f1-881f-0242ac130004', NULL, 135, 0, 0, NULL, 11, NULL, 'Di Gudang', '2025-01-01', 'Dipasang P Wildam', 0),
('3024b590-566e-11f1-881f-0242ac130004', NULL, 136, 0, 0, 6, 6, NULL, 'Di Gudang', '2025-01-01', '', 0),
('3024ba84-566e-11f1-881f-0242ac130004', NULL, 137, 0, 0, 6, 6, NULL, 'Di Gudang', '2025-01-01', '', 0),
('3024bc17-566e-11f1-881f-0242ac130004', NULL, 137, 0, 0, 6, 6, NULL, 'Di Gudang', '2025-01-01', '', 0),
('3024bcfa-566e-11f1-881f-0242ac130004', NULL, 137, 0, 0, 6, 6, NULL, 'Di Gudang', '2025-01-01', '', 0),
('3024bdae-566e-11f1-881f-0242ac130004', NULL, 137, 0, 0, 6, 6, NULL, 'Di Gudang', '2025-01-01', '', 0),
('3024be62-566e-11f1-881f-0242ac130004', NULL, 137, 0, 0, 6, 6, NULL, 'Di Gudang', '2025-01-01', '', 0),
('3024bf08-566e-11f1-881f-0242ac130004', NULL, 137, 0, 0, 6, 6, NULL, 'Di Gudang', '2025-01-01', '', 0),
('3024bfae-566e-11f1-881f-0242ac130004', NULL, 137, 0, 0, 6, 6, NULL, 'Di Gudang', '2025-01-01', '', 0),
('3024c056-566e-11f1-881f-0242ac130004', NULL, 137, 0, 0, 6, 6, NULL, 'Di Gudang', '2025-01-01', '', 0),
('3024c549-566e-11f1-881f-0242ac130004', NULL, 137, 0, 0, 6, 11, NULL, 'Di Gudang', '2025-01-01', 'Laptop HP Hitam', 0),
('3024c9f0-566e-11f1-881f-0242ac130004', NULL, 138, 0, 0, 6, 6, NULL, 'Di Gudang', '2025-01-01', '', 0),
('3024caa7-566e-11f1-881f-0242ac130004', NULL, 138, 0, 0, 6, 6, NULL, 'Di Gudang', '2025-01-01', '', 0),
('3024cb55-566e-11f1-881f-0242ac130004', NULL, 138, 0, 0, 6, 6, NULL, 'Di Gudang', '2025-01-01', '', 0),
('3024cc03-566e-11f1-881f-0242ac130004', NULL, 138, 0, 0, 6, 6, NULL, 'Di Gudang', '2025-01-01', '', 0),
('3024ccad-566e-11f1-881f-0242ac130004', NULL, 138, 0, 0, 6, 6, NULL, 'Di Gudang', '2025-01-01', '', 0),
('3024cd57-566e-11f1-881f-0242ac130004', NULL, 138, 0, 0, 6, 6, NULL, 'Di Gudang', '2025-01-01', '', 0),
('3024f6ad-566e-11f1-881f-0242ac130004', NULL, 138, 0, 0, 6, 6, NULL, 'Di Gudang', '2025-01-01', '', 0),
('3024f80f-566e-11f1-881f-0242ac130004', NULL, 138, 0, 0, 6, 6, NULL, 'Di Gudang', '2025-01-01', '', 0),
('3024f8d9-566e-11f1-881f-0242ac130004', NULL, 138, 0, 0, 6, 6, NULL, 'Di Gudang', '2025-01-01', '', 0),
('3024fdbf-566e-11f1-881f-0242ac130004', NULL, 138, 0, 0, 6, 11, NULL, 'Di Gudang', '2025-01-01', '', 0),
('3025024e-566e-11f1-881f-0242ac130004', NULL, 139, 0, 0, 6, 6, NULL, 'Di Gudang', '2025-01-01', '', 0),
('30250306-566e-11f1-881f-0242ac130004', NULL, 139, 0, 0, 6, 6, NULL, 'Di Gudang', '2025-01-01', '', 0),
('302503b7-566e-11f1-881f-0242ac130004', NULL, 139, 0, 0, 6, 6, NULL, 'Di Gudang', '2025-01-01', '', 0),
('3025057a-566e-11f1-881f-0242ac130004', NULL, 139, 0, 0, 6, 6, NULL, 'Di Gudang', '2025-01-01', '', 0),
('30250a22-566e-11f1-881f-0242ac130004', NULL, 140, 0, 0, 6, 6, NULL, 'Di Gudang', '2025-01-01', '', 0),
('30250ad5-566e-11f1-881f-0242ac130004', NULL, 140, 0, 0, 6, 6, NULL, 'Di Gudang', '2025-01-01', '', 0),
('30250b82-566e-11f1-881f-0242ac130004', NULL, 140, 0, 0, 6, 6, NULL, 'Di Gudang', '2025-01-01', '', 0),
('30250c30-566e-11f1-881f-0242ac130004', NULL, 140, 0, 0, 6, 6, NULL, 'Di Gudang', '2025-01-01', '', 0),
('30250cd8-566e-11f1-881f-0242ac130004', NULL, 140, 0, 0, 6, 6, NULL, 'Di Gudang', '2025-01-01', '', 0),
('30251153-566e-11f1-881f-0242ac130004', NULL, 141, 0, 0, 6, NULL, NULL, 'Di Gudang', '2025-01-01', '', 0),
('30251c53-566e-11f1-881f-0242ac130004', NULL, 142, 0, 0, 6, 6, NULL, 'Di Gudang', '2025-01-01', '', 0),
('302521c6-566e-11f1-881f-0242ac130004', NULL, 143, 0, 0, 6, 6, NULL, 'Di Gudang', '2025-01-01', '', 0),
('302522b9-566e-11f1-881f-0242ac130004', NULL, 143, 0, 0, 6, 6, NULL, 'Di Gudang', '2025-01-01', '', 0),
('30252727-566e-11f1-881f-0242ac130004', NULL, 144, 0, 0, 6, 6, NULL, 'Di Gudang', '2025-01-01', '', 0),
('302528c0-566e-11f1-881f-0242ac130004', NULL, 144, 0, 0, 6, 6, NULL, 'Di Gudang', '2025-01-01', '', 0),
('30252d6f-566e-11f1-881f-0242ac130004', NULL, 145, 0, 0, 6, 6, NULL, 'Di Gudang', '2025-01-01', '', 0),
('30252e27-566e-11f1-881f-0242ac130004', NULL, 145, 0, 0, 6, 6, NULL, 'Di Gudang', '2025-01-01', '', 0),
('302532a3-566e-11f1-881f-0242ac130004', NULL, 146, 0, 0, 6, 6, NULL, 'Di Gudang', '2025-01-01', '', 0),
('302533ea-566e-11f1-881f-0242ac130004', NULL, 146, 0, 0, 6, 6, NULL, 'Di Gudang', '2025-01-01', '', 0),
('30253894-566e-11f1-881f-0242ac130004', NULL, 147, 0, 0, 6, 6, NULL, 'Di Gudang', '2025-01-01', '', 0),
('3025394e-566e-11f1-881f-0242ac130004', NULL, 147, 0, 0, 6, 6, NULL, 'Di Gudang', '2025-01-01', '', 0),
('30253db9-566e-11f1-881f-0242ac130004', NULL, 148, 0, 0, 6, 6, NULL, 'Di Gudang', '2025-01-01', '', 0),
('30253e65-566e-11f1-881f-0242ac130004', NULL, 148, 0, 0, 6, 6, NULL, 'Di Gudang', '2025-01-01', '', 0),
('30253f15-566e-11f1-881f-0242ac130004', NULL, 148, 0, 0, 6, 6, NULL, 'Di Gudang', '2025-01-01', '', 0),
('30253ff1-566e-11f1-881f-0242ac130004', NULL, 148, 0, 0, 6, 6, NULL, 'Di Gudang', '2025-01-01', '', 0),
('3025412a-566e-11f1-881f-0242ac130004', NULL, 148, 0, 0, 6, 6, NULL, 'Di Gudang', '2025-01-01', '', 0),
('302545d4-566e-11f1-881f-0242ac130004', NULL, 149, 0, 0, 6, 6, NULL, 'Di Gudang', '2025-01-01', '', 0),
('3025468f-566e-11f1-881f-0242ac130004', NULL, 149, 0, 0, 6, 6, NULL, 'Di Gudang', '2025-01-01', '', 0),
('30254738-566e-11f1-881f-0242ac130004', NULL, 149, 0, 0, 6, 6, NULL, 'Di Gudang', '2025-01-01', '', 0),
('302547df-566e-11f1-881f-0242ac130004', NULL, 149, 0, 0, 6, 6, NULL, 'Di Gudang', '2025-01-01', '', 0),
('3025488c-566e-11f1-881f-0242ac130004', NULL, 149, 0, 0, 6, 6, NULL, 'Di Gudang', '2025-01-01', '', 0),
('30254d07-566e-11f1-881f-0242ac130004', NULL, 150, 0, 0, 6, 6, NULL, 'Di Gudang', '2025-01-01', '', 0),
('30255209-566e-11f1-881f-0242ac130004', NULL, 151, 0, 0, 6, 11, NULL, 'Di Gudang', '2025-01-01', 'Untuk Kabel Koloran di Kelas', 0),
('302552f7-566e-11f1-881f-0242ac130004', NULL, 151, 0, 0, 6, 11, NULL, 'Di Gudang', '2025-01-01', 'Untuk Kabel Koloran di Kelas', 0),
('302553af-566e-11f1-881f-0242ac130004', NULL, 151, 0, 0, 6, 11, NULL, 'Di Gudang', '2025-01-01', 'Untuk Kabel Koloran di Kelas', 0),
('3025545f-566e-11f1-881f-0242ac130004', NULL, 151, 0, 0, 6, 11, NULL, 'Di Gudang', '2025-01-01', 'Untuk Kabel Koloran di Kelas', 0),
('3025550c-566e-11f1-881f-0242ac130004', NULL, 151, 0, 0, 6, 11, NULL, 'Di Gudang', '2025-01-01', 'Untuk Kabel Koloran di Kelas', 0),
('30255999-566e-11f1-881f-0242ac130004', NULL, 152, 0, 0, 6, 11, NULL, 'Di Gudang', '2025-01-01', 'Untuk Kabel Koloran di Kelas', 0),
('30255eb2-566e-11f1-881f-0242ac130004', NULL, 153, 0, 0, 6, 11, NULL, 'Di Gudang', '2025-01-01', 'Untuk Kabel Koloran di Kelas', 0),
('30256234-566e-11f1-881f-0242ac130004', NULL, 153, 0, 0, 6, 11, NULL, 'Di Gudang', '2025-01-01', 'Untuk Kabel Koloran di Kelas', 0),
('302564c1-566e-11f1-881f-0242ac130004', NULL, 153, 0, 0, 6, 11, NULL, 'Di Gudang', '2025-01-01', 'Untuk Kabel Koloran di Kelas', 0),
('302565c9-566e-11f1-881f-0242ac130004', NULL, 153, 0, 0, 6, 11, NULL, 'Di Gudang', '2025-01-01', 'Untuk Kabel Koloran di Kelas', 0),
('3025668d-566e-11f1-881f-0242ac130004', NULL, 153, 0, 0, 6, 11, NULL, 'Di Gudang', '2025-01-01', 'Untuk Kabel Koloran di Kelas', 0),
('30256aff-566e-11f1-881f-0242ac130004', NULL, 154, 0, 0, 6, 6, NULL, 'Di Gudang', '2025-01-01', '', 0),
('30256f81-566e-11f1-881f-0242ac130004', NULL, 155, 0, 0, 6, 6, NULL, 'Di Gudang', '2025-01-01', '', 0),
('30257485-566e-11f1-881f-0242ac130004', NULL, 156, 0, 0, 6, 11, NULL, 'Di Gudang', '2025-01-01', 'Dipakai Praktik', 0),
('3025f0e9-566e-11f1-881f-0242ac130004', NULL, 157, 0, 0, 6, 6, NULL, 'Di Gudang', '2025-01-01', '', 0),
('3025f65e-566e-11f1-881f-0242ac130004', NULL, 160, 0, 0, NULL, 8, NULL, 'Di Gudang', '2026-05-23', '', 0),
('3025f768-566e-11f1-881f-0242ac130004', NULL, 160, 0, 0, NULL, 8, NULL, 'Di Gudang', '2026-05-23', '', 0),
('3025f81c-566e-11f1-881f-0242ac130004', NULL, 160, 0, 0, NULL, 8, NULL, 'Di Gudang', '2026-05-23', '', 0),
('3025f8c2-566e-11f1-881f-0242ac130004', NULL, 160, 0, 0, NULL, 8, NULL, 'Di Gudang', '2026-05-23', '', 0),
('3025fd56-566e-11f1-881f-0242ac130004', NULL, 163, 0, 0, NULL, 8, NULL, 'Di Gudang', '2026-05-23', '', 0),
('3025ff8d-566e-11f1-881f-0242ac130004', NULL, 163, 0, 0, NULL, 8, NULL, 'Di Gudang', '2026-05-23', '', 0),
('302600b3-566e-11f1-881f-0242ac130004', NULL, 163, 0, 0, NULL, 8, NULL, 'Di Gudang', '2026-05-23', '', 0),
('3026019a-566e-11f1-881f-0242ac130004', NULL, 163, 0, 0, NULL, 8, NULL, 'Di Gudang', '2026-05-23', '', 0),
('30260245-566e-11f1-881f-0242ac130004', NULL, 163, 0, 0, NULL, 8, NULL, 'Di Gudang', '2026-05-23', '', 0),
('302602ea-566e-11f1-881f-0242ac130004', NULL, 163, 0, 0, NULL, 8, NULL, 'Di Gudang', '2026-05-23', '', 0),
('3026038d-566e-11f1-881f-0242ac130004', NULL, 163, 0, 0, NULL, 8, NULL, 'Di Gudang', '2026-05-23', '', 0),
('3026042e-566e-11f1-881f-0242ac130004', NULL, 163, 0, 0, NULL, 8, NULL, 'Di Gudang', '2026-05-23', '', 0),
('302604ce-566e-11f1-881f-0242ac130004', NULL, 163, 0, 0, NULL, 8, NULL, 'Di Gudang', '2026-05-23', '', 0),
('302606c7-566e-11f1-881f-0242ac130004', NULL, 163, 0, 0, NULL, 8, NULL, 'Di Gudang', '2026-05-23', '', 0),
('30260c1b-566e-11f1-881f-0242ac130004', NULL, 165, 0, 0, NULL, 8, NULL, 'Di Gudang', '2026-05-23', '', 0),
('30260ceb-566e-11f1-881f-0242ac130004', NULL, 165, 0, 0, NULL, 8, NULL, 'Di Gudang', '2026-05-23', '', 0),
('3026116b-566e-11f1-881f-0242ac130004', NULL, 166, 0, 0, NULL, 8, NULL, 'Di Gudang', '2026-05-23', '', 0),
('30261215-566e-11f1-881f-0242ac130004', NULL, 166, 0, 0, NULL, 8, NULL, 'Di Gudang', '2026-05-23', '', 0),
('302612bd-566e-11f1-881f-0242ac130004', NULL, 166, 0, 0, NULL, 8, NULL, 'Di Gudang', '2026-05-23', '', 0),
('30261360-566e-11f1-881f-0242ac130004', NULL, 166, 0, 0, NULL, 8, NULL, 'Di Gudang', '2026-05-23', '', 0),
('30261868-566e-11f1-881f-0242ac130004', NULL, 167, 0, 0, NULL, 11, NULL, 'Di Gudang', '2026-05-23', 'TouchScreen', 0),
('30261940-566e-11f1-881f-0242ac130004', NULL, 167, 0, 0, NULL, 11, NULL, 'Di Gudang', '2026-05-23', 'TouchScreen', 0),
('302619ec-566e-11f1-881f-0242ac130004', NULL, 167, 0, 0, NULL, 11, NULL, 'Di Gudang', '2026-05-23', 'TouchScreen', 0),
('30261e5c-566e-11f1-881f-0242ac130004', NULL, 168, 0, 0, NULL, 11, NULL, 'Di Gudang', '2026-05-23', 'Stok 20', 0),
('30261f0a-566e-11f1-881f-0242ac130004', NULL, 168, 0, 0, NULL, 11, NULL, 'Di Gudang', '2026-05-23', 'Stok 20', 0),
('30261fb5-566e-11f1-881f-0242ac130004', NULL, 168, 0, 0, NULL, 11, NULL, 'Di Gudang', '2026-05-23', 'Stok 20', 0),
('30262058-566e-11f1-881f-0242ac130004', NULL, 168, 0, 0, NULL, 11, NULL, 'Di Gudang', '2026-05-23', 'Stok 20', 0),
('30262184-566e-11f1-881f-0242ac130004', NULL, 168, 0, 0, NULL, 11, NULL, 'Di Gudang', '2026-05-23', 'Stok 20', 0),
('30262253-566e-11f1-881f-0242ac130004', NULL, 168, 0, 0, NULL, 11, NULL, 'Di Gudang', '2026-05-23', 'Stok 20', 0),
('302622fb-566e-11f1-881f-0242ac130004', NULL, 168, 0, 0, NULL, 11, NULL, 'Di Gudang', '2026-05-23', 'Stok 20', 0),
('3026239d-566e-11f1-881f-0242ac130004', NULL, 168, 0, 0, NULL, 11, NULL, 'Di Gudang', '2026-05-23', 'Stok 20', 0),
('3026243b-566e-11f1-881f-0242ac130004', NULL, 168, 0, 0, NULL, 11, NULL, 'Di Gudang', '2026-05-23', 'Stok 20', 0),
('30262519-566e-11f1-881f-0242ac130004', NULL, 168, 0, 0, NULL, 11, NULL, 'Di Gudang', '2026-05-23', 'Stok 20', 0),
('302625bc-566e-11f1-881f-0242ac130004', NULL, 168, 0, 0, NULL, 11, NULL, 'Di Gudang', '2026-05-23', 'Stok 20', 0),
('3026265b-566e-11f1-881f-0242ac130004', NULL, 168, 0, 0, NULL, 11, NULL, 'Di Gudang', '2026-05-23', 'Stok 20', 0),
('30262788-566e-11f1-881f-0242ac130004', NULL, 168, 0, 0, NULL, 11, NULL, 'Di Gudang', '2026-05-23', 'Stok 20', 0),
('30262848-566e-11f1-881f-0242ac130004', NULL, 168, 0, 0, NULL, 11, NULL, 'Di Gudang', '2026-05-23', 'Stok 20', 0),
('302628e9-566e-11f1-881f-0242ac130004', NULL, 168, 0, 0, NULL, 11, NULL, 'Di Gudang', '2026-05-23', 'Stok 20', 0),
('30262989-566e-11f1-881f-0242ac130004', NULL, 168, 0, 0, NULL, 11, NULL, 'Di Gudang', '2026-05-23', 'Stok 20', 0),
('30262a25-566e-11f1-881f-0242ac130004', NULL, 168, 0, 0, NULL, 11, NULL, 'Di Gudang', '2026-05-23', 'Stok 20', 0),
('30262ad1-566e-11f1-881f-0242ac130004', NULL, 168, 0, 0, NULL, 11, NULL, 'Di Gudang', '2026-05-23', 'Stok 20', 0),
('30262b73-566e-11f1-881f-0242ac130004', NULL, 168, 0, 0, NULL, 11, NULL, 'Di Gudang', '2026-05-23', 'Stok 20', 0),
('30262cfe-566e-11f1-881f-0242ac130004', NULL, 168, 0, 0, NULL, 11, NULL, 'Di Gudang', '2026-05-23', 'Stok 20', 0),
('30262dd1-566e-11f1-881f-0242ac130004', NULL, 168, 0, 0, NULL, 11, NULL, 'Di Gudang', '2026-05-23', 'Stok 20', 0),
('30262f05-566e-11f1-881f-0242ac130004', NULL, 168, 0, 0, NULL, 11, NULL, 'Di Gudang', '2026-05-23', 'Stok 20', 0),
('30262fd9-566e-11f1-881f-0242ac130004', NULL, 168, 0, 0, NULL, 11, NULL, 'Di Gudang', '2026-05-23', 'Stok 20', 0),
('30263083-566e-11f1-881f-0242ac130004', NULL, 168, 0, 0, NULL, 11, NULL, 'Di Gudang', '2026-05-23', 'Stok 20', 0),
('30263122-566e-11f1-881f-0242ac130004', NULL, 168, 0, 0, NULL, 11, NULL, 'Di Gudang', '2026-05-23', 'Stok 20', 0),
('302631c2-566e-11f1-881f-0242ac130004', NULL, 168, 0, 0, NULL, 11, NULL, 'Di Gudang', '2026-05-23', 'Stok 20', 0),
('3026344d-566e-11f1-881f-0242ac130004', NULL, 168, 0, 0, NULL, 11, NULL, 'Di Gudang', '2026-05-23', 'Stok 20', 0),
('30263610-566e-11f1-881f-0242ac130004', NULL, 168, 0, 0, NULL, 11, NULL, 'Di Gudang', '2026-05-23', 'Stok 20', 0),
('302636e7-566e-11f1-881f-0242ac130004', NULL, 168, 0, 0, NULL, 11, NULL, 'Di Gudang', '2026-05-23', 'Stok 20', 0),
('30263799-566e-11f1-881f-0242ac130004', NULL, 168, 0, 0, NULL, 11, NULL, 'Di Gudang', '2026-05-23', 'Stok 20', 0),
('302638f2-566e-11f1-881f-0242ac130004', NULL, 168, 0, 0, NULL, 11, NULL, 'Di Gudang', '2026-05-23', 'Stok 20', 0),
('302639bb-566e-11f1-881f-0242ac130004', NULL, 168, 0, 0, NULL, 11, NULL, 'Di Gudang', '2026-05-23', 'Stok 20', 0),
('30263a64-566e-11f1-881f-0242ac130004', NULL, 168, 0, 0, NULL, 11, NULL, 'Di Gudang', '2026-05-23', 'Stok 20', 0),
('30263b06-566e-11f1-881f-0242ac130004', NULL, 168, 0, 0, NULL, 11, NULL, 'Di Gudang', '2026-05-23', 'Stok 20', 0),
('30263c78-566e-11f1-881f-0242ac130004', NULL, 168, 0, 0, NULL, 11, NULL, 'Di Gudang', '2026-05-23', 'Stok 20', 0),
('30263d40-566e-11f1-881f-0242ac130004', NULL, 168, 0, 0, NULL, 11, NULL, 'Di Gudang', '2026-05-23', 'Stok 20', 0),
('30263de9-566e-11f1-881f-0242ac130004', NULL, 168, 0, 0, NULL, 11, NULL, 'Di Gudang', '2026-05-23', 'Stok 20', 0),
('30263e8d-566e-11f1-881f-0242ac130004', NULL, 168, 0, 0, NULL, 11, NULL, 'Di Gudang', '2026-05-23', 'Stok 20', 0),
('30263f33-566e-11f1-881f-0242ac130004', NULL, 168, 0, 0, NULL, 11, NULL, 'Di Gudang', '2026-05-23', 'Stok 20', 0),
('30263fd8-566e-11f1-881f-0242ac130004', NULL, 168, 0, 0, NULL, 11, NULL, 'Di Gudang', '2026-05-23', 'Stok 20', 0),
('30264481-566e-11f1-881f-0242ac130004', NULL, 169, 0, 0, NULL, 6, NULL, 'Di Gudang', '2026-05-23', '', 0),
('302645cd-566e-11f1-881f-0242ac130004', NULL, 169, 0, 0, NULL, 6, NULL, 'Di Gudang', '2026-05-23', '', 0),
('302646a4-566e-11f1-881f-0242ac130004', NULL, 169, 0, 0, NULL, 6, NULL, 'Di Gudang', '2026-05-23', '', 0),
('30264757-566e-11f1-881f-0242ac130004', NULL, 169, 0, 0, NULL, 6, NULL, 'Di Gudang', '2026-05-23', '', 0),
('30264802-566e-11f1-881f-0242ac130004', NULL, 169, 0, 0, NULL, 6, NULL, 'Di Gudang', '2026-05-23', '', 0),
('302648a8-566e-11f1-881f-0242ac130004', NULL, 169, 0, 0, NULL, 6, NULL, 'Di Gudang', '2026-05-23', '', 0),
('30264949-566e-11f1-881f-0242ac130004', NULL, 169, 0, 0, NULL, 6, NULL, 'Di Gudang', '2026-05-23', '', 0),
('302649e7-566e-11f1-881f-0242ac130004', NULL, 169, 0, 0, NULL, 6, NULL, 'Di Gudang', '2026-05-23', '', 0),
('30264b06-566e-11f1-881f-0242ac130004', NULL, 169, 0, 0, NULL, 6, NULL, 'Di Gudang', '2026-05-23', '', 0),
('30264bda-566e-11f1-881f-0242ac130004', NULL, 169, 0, 0, NULL, 6, NULL, 'Di Gudang', '2026-05-23', '', 0),
('30264c82-566e-11f1-881f-0242ac130004', NULL, 169, 0, 0, NULL, 6, NULL, 'Di Gudang', '2026-05-23', '', 0),
('30264d22-566e-11f1-881f-0242ac130004', NULL, 169, 0, 0, NULL, 6, NULL, 'Di Gudang', '2026-05-23', '', 0),
('30264dbe-566e-11f1-881f-0242ac130004', NULL, 169, 0, 0, NULL, 6, NULL, 'Di Gudang', '2026-05-23', '', 0),
('30264e5f-566e-11f1-881f-0242ac130004', NULL, 169, 0, 0, NULL, 6, NULL, 'Di Gudang', '2026-05-23', '', 0),
('30264efb-566e-11f1-881f-0242ac130004', NULL, 169, 0, 0, NULL, 6, NULL, 'Di Gudang', '2026-05-23', '', 0),
('30264f97-566e-11f1-881f-0242ac130004', NULL, 169, 0, 0, NULL, 6, NULL, 'Di Gudang', '2026-05-23', '', 0),
('302650c2-566e-11f1-881f-0242ac130004', NULL, 169, 0, 0, NULL, 6, NULL, 'Di Gudang', '2026-05-23', '', 0),
('30265187-566e-11f1-881f-0242ac130004', NULL, 169, 0, 0, NULL, 6, NULL, 'Di Gudang', '2026-05-23', '', 0),
('3026522c-566e-11f1-881f-0242ac130004', NULL, 169, 0, 0, NULL, 6, NULL, 'Di Gudang', '2026-05-23', '', 0),
('302652cc-566e-11f1-881f-0242ac130004', NULL, 169, 0, 0, NULL, 6, NULL, 'Di Gudang', '2026-05-23', '', 0),
('302719ff-566e-11f1-881f-0242ac130004', NULL, 169, 0, 0, NULL, 6, NULL, 'Di Gudang', '2026-05-23', '', 0),
('30271c36-566e-11f1-881f-0242ac130004', NULL, 169, 0, 0, NULL, 6, NULL, 'Di Gudang', '2026-05-23', '', 0),
('30271d19-566e-11f1-881f-0242ac130004', NULL, 169, 0, 0, NULL, 6, NULL, 'Di Gudang', '2026-05-23', '', 0),
('30271dce-566e-11f1-881f-0242ac130004', NULL, 169, 0, 0, NULL, 6, NULL, 'Di Gudang', '2026-05-23', '', 0),
('30271e7d-566e-11f1-881f-0242ac130004', NULL, 169, 0, 0, NULL, 6, NULL, 'Di Gudang', '2026-05-23', '', 0),
('30274fe4-566e-11f1-881f-0242ac130004', NULL, 169, 0, 0, NULL, 6, NULL, 'Di Gudang', '2026-05-23', '', 0),
('3027523c-566e-11f1-881f-0242ac130004', NULL, 169, 0, 0, NULL, 6, NULL, 'Di Gudang', '2026-05-23', '', 0),
('3027b77e-566e-11f1-881f-0242ac130004', NULL, 169, 0, 0, NULL, 6, NULL, 'Di Gudang', '2026-05-23', '', 0),
('3027b9e1-566e-11f1-881f-0242ac130004', NULL, 169, 0, 0, NULL, 6, NULL, 'Di Gudang', '2026-05-23', '', 0),
('3027baba-566e-11f1-881f-0242ac130004', NULL, 169, 0, 0, NULL, 6, NULL, 'Di Gudang', '2026-05-23', '', 0),
('3027d5d3-566e-11f1-881f-0242ac130004', NULL, 169, 0, 0, NULL, 11, NULL, 'Di Gudang', '2026-05-23', '', 0),
('3027d765-566e-11f1-881f-0242ac130004', NULL, 169, 0, 0, NULL, 11, NULL, 'Di Gudang', '2026-05-23', '', 0),
('3027d844-566e-11f1-881f-0242ac130004', NULL, 169, 0, 0, NULL, 11, NULL, 'Di Gudang', '2026-05-23', '', 0),
('3027d903-566e-11f1-881f-0242ac130004', NULL, 169, 0, 0, NULL, 11, NULL, 'Di Gudang', '2026-05-23', '', 0),
('3027d9b2-566e-11f1-881f-0242ac130004', NULL, 169, 0, 0, NULL, 11, NULL, 'Di Gudang', '2026-05-23', '', 0),
('3027dcde-566e-11f1-881f-0242ac130004', NULL, 169, 0, 0, NULL, 11, NULL, 'Di Gudang', '2026-05-23', '', 0),
('3027de06-566e-11f1-881f-0242ac130004', NULL, 169, 0, 0, NULL, 11, NULL, 'Di Gudang', '2026-05-23', '', 0),
('3027df55-566e-11f1-881f-0242ac130004', NULL, 169, 0, 0, NULL, 11, NULL, 'Di Gudang', '2026-05-23', '', 0),
('3027e020-566e-11f1-881f-0242ac130004', NULL, 169, 0, 0, NULL, 11, NULL, 'Di Gudang', '2026-05-23', '', 0),
('3027e0da-566e-11f1-881f-0242ac130004', NULL, 169, 0, 0, NULL, 11, NULL, 'Di Gudang', '2026-05-23', '', 0),
('3027e55c-566e-11f1-881f-0242ac130004', NULL, 169, 0, 0, NULL, 8, NULL, 'Di Gudang', '2026-05-23', '', 0),
('3027e9cb-566e-11f1-881f-0242ac130004', NULL, 170, 0, 0, NULL, 8, NULL, 'Di Gudang', '2026-05-23', '', 0),
('3027ee80-566e-11f1-881f-0242ac130004', NULL, 167, 0, 0, NULL, 6, NULL, 'Di Gudang', '2026-05-23', '', 0),
('30284c1f-566e-11f1-881f-0242ac130004', NULL, 167, 0, 0, NULL, 6, NULL, 'Di Gudang', '2026-05-23', '', 0),
('30284dfd-566e-11f1-881f-0242ac130004', NULL, 167, 0, 0, NULL, 6, NULL, 'Di Gudang', '2026-05-23', '', 0),
('30284ed2-566e-11f1-881f-0242ac130004', NULL, 167, 0, 0, NULL, 6, NULL, 'Di Gudang', '2026-05-23', '', 0),
('3028541e-566e-11f1-881f-0242ac130004', NULL, 171, 0, 0, NULL, 8, NULL, 'Di Gudang', '2026-05-23', '', 0),
('302858e5-566e-11f1-881f-0242ac130004', NULL, 172, 0, 0, NULL, 8, NULL, 'Di Gudang', '2026-05-23', '', 0),
('30285a55-566e-11f1-881f-0242ac130004', NULL, 172, 0, 0, NULL, 8, NULL, 'Di Gudang', '2026-05-23', '', 0),
('30285b3e-566e-11f1-881f-0242ac130004', NULL, 172, 0, 0, NULL, 8, NULL, 'Di Gudang', '2026-05-23', '', 0),
('30285bef-566e-11f1-881f-0242ac130004', NULL, 172, 0, 0, NULL, 8, NULL, 'Di Gudang', '2026-05-23', '', 0),
('30291624-566e-11f1-881f-0242ac130004', NULL, 172, 0, 0, NULL, 8, NULL, 'Di Gudang', '2026-05-23', '', 0),
('30291823-566e-11f1-881f-0242ac130004', NULL, 172, 0, 0, NULL, 8, NULL, 'Di Gudang', '2026-05-23', '', 0),
('302919be-566e-11f1-881f-0242ac130004', NULL, 172, 0, 0, NULL, 8, NULL, 'Di Gudang', '2026-05-23', '', 0),
('30291a9c-566e-11f1-881f-0242ac130004', NULL, 172, 0, 0, NULL, 8, NULL, 'Di Gudang', '2026-05-23', '', 0),
('30291b54-566e-11f1-881f-0242ac130004', NULL, 172, 0, 0, NULL, 8, NULL, 'Di Gudang', '2026-05-23', '', 0),
('30291c45-566e-11f1-881f-0242ac130004', NULL, 172, 0, 0, NULL, 8, NULL, 'Di Gudang', '2026-05-23', '', 0),
('30291cef-566e-11f1-881f-0242ac130004', NULL, 172, 0, 0, NULL, 8, NULL, 'Di Gudang', '2026-05-23', '', 0),
('30291d9e-566e-11f1-881f-0242ac130004', NULL, 172, 0, 0, NULL, 8, NULL, 'Di Gudang', '2026-05-23', '', 0),
('30291e53-566e-11f1-881f-0242ac130004', NULL, 172, 0, 0, NULL, 8, NULL, 'Di Gudang', '2026-05-23', '', 0),
('30291f89-566e-11f1-881f-0242ac130004', NULL, 172, 0, 0, NULL, 8, NULL, 'Di Gudang', '2026-05-23', '', 0),
('30292056-566e-11f1-881f-0242ac130004', NULL, 172, 0, 0, NULL, 8, NULL, 'Di Gudang', '2026-05-23', '', 0),
('302920fe-566e-11f1-881f-0242ac130004', NULL, 172, 0, 0, NULL, 8, NULL, 'Di Gudang', '2026-05-23', '', 0),
('302921a4-566e-11f1-881f-0242ac130004', NULL, 172, 0, 0, NULL, 8, NULL, 'Di Gudang', '2026-05-23', '', 0),
('30292246-566e-11f1-881f-0242ac130004', NULL, 172, 0, 0, NULL, 8, NULL, 'Di Gudang', '2026-05-23', '', 0),
('302922e8-566e-11f1-881f-0242ac130004', NULL, 172, 0, 0, NULL, 8, NULL, 'Di Gudang', '2026-05-23', '', 0),
('302923c4-566e-11f1-881f-0242ac130004', NULL, 172, 0, 0, NULL, 8, NULL, 'Di Gudang', '2026-05-23', '', 0),
('30296f34-566e-11f1-881f-0242ac130004', NULL, 173, 0, 0, NULL, 6, NULL, 'Di Gudang', '2026-05-23', '', 0),
('302970e1-566e-11f1-881f-0242ac130004', NULL, 173, 0, 0, NULL, 6, NULL, 'Di Gudang', '2026-05-23', '', 0),
('30297562-566e-11f1-881f-0242ac130004', NULL, 170, 0, 0, NULL, 8, NULL, 'Di Gudang', '2026-05-23', '', 0),
('302979c5-566e-11f1-881f-0242ac130004', NULL, 178, 0, 0, NULL, 6, NULL, 'Di Gudang', '2026-05-23', 'Stok 3', 0),
('30297a78-566e-11f1-881f-0242ac130004', NULL, 178, 0, 0, NULL, 6, NULL, 'Di Gudang', '2026-05-23', 'Stok 3', 0),
('30297bc8-566e-11f1-881f-0242ac130004', NULL, 178, 0, 0, NULL, 6, NULL, 'Di Gudang', '2026-05-23', 'Stok 3', 0),
('30298086-566e-11f1-881f-0242ac130004', NULL, 178, 0, 0, NULL, 11, 2, 'Di Gudang', '2026-05-23', '-', 0),
('30298146-566e-11f1-881f-0242ac130004', NULL, 178, 0, 0, NULL, 11, 3, 'Di Gudang', '2026-05-23', '-', 0),
('302981f5-566e-11f1-881f-0242ac130004', NULL, 178, 0, 0, NULL, 11, 1, 'Di Gudang', '2026-05-23', '-', 0),
('KB-HP-2026-002-001', 2, 177, 12, 12, NULL, NULL, NULL, 'Tersedia', '2026-06-23', NULL, 0),
('KB-HP-2026-003-001', 3, 12, 100, 100, NULL, NULL, NULL, 'Tersedia', '2026-06-24', NULL, 0);

-- --------------------------------------------------------

--
-- Table structure for table `aset_tanah`
--

CREATE TABLE `aset_tanah` (
  `kode_tanah` int NOT NULL,
  `nama_pemilik` varchar(150) NOT NULL,
  `id_lokasi` int DEFAULT NULL,
  `luas_tanah` int NOT NULL,
  `letak_tanah` text NOT NULL,
  `nomor_sertifikat` varchar(100) DEFAULT NULL,
  `status_hak` enum('Hak Milik','Hak Pakai','Hak Guna Bangunan','Sewa','Lainnya') DEFAULT 'Hak Milik',
  `nilai_aset` decimal(15,2) DEFAULT '0.00',
  `penggunaan` text,
  `tanggal_perolehan` date DEFAULT NULL,
  `sumber_perolehan` enum('Beli','Sumbangan','Hibah','Lainnya') CHARACTER SET utf8mb4 COLLATE utf8mb4_0900_ai_ci DEFAULT NULL,
  `Status` enum('Di Gudang','Aktif','Dipinjam','Nonaktif') DEFAULT 'Aktif'
) ENGINE=InnoDB DEFAULT CHARSET=utf8mb4 COLLATE=utf8mb4_0900_ai_ci;

--
-- Dumping data for table `aset_tanah`
--

INSERT INTO `aset_tanah` (`kode_tanah`, `nama_pemilik`, `id_lokasi`, `luas_tanah`, `letak_tanah`, `nomor_sertifikat`, `status_hak`, `nilai_aset`, `penggunaan`, `tanggal_perolehan`, `sumber_perolehan`, `Status`) VALUES
(1, 'Tanah Dummy 1', 2, 287, 'Alamat Dummy Tanah 1', 'SRT-TNH-1', 'Hak Milik', 56114308.00, 'Test', '2026-06-10', 'Beli', 'Aktif'),
(2, 'Tanah Dummy 2', 1, 413, 'Alamat Dummy Tanah 2', 'SRT-TNH-2', 'Hak Milik', 97701354.00, NULL, '2023-01-01', NULL, 'Nonaktif'),
(3, 'Tanah Dummy 3', 1, 932, 'Alamat Dummy Tanah 3', 'SRT-TNH-3', 'Hak Milik', 54637484.00, NULL, '2024-01-01', NULL, 'Aktif');

-- --------------------------------------------------------

--
-- Table structure for table `bangunan_non_aktif`
--

CREATE TABLE `bangunan_non_aktif` (
  `id_bangunan_non_aktif` int NOT NULL,
  `kode_bangunan` int NOT NULL,
  `id_status` int DEFAULT NULL,
  `tanggal` date NOT NULL,
  `keterangan` text
) ENGINE=InnoDB DEFAULT CHARSET=utf8mb4 COLLATE=utf8mb4_0900_ai_ci;

-- --------------------------------------------------------

--
-- Table structure for table `barang_keluar`
--

CREATE TABLE `barang_keluar` (
  `no_transaksi` int NOT NULL,
  `tanggal_keluar` date NOT NULL,
  `kode_barang` varchar(50) NOT NULL,
  `jumlah_keluar` int NOT NULL,
  `keterangan` text,
  `id_ruang` int DEFAULT NULL,
  `nama_penerima` int NOT NULL,
  `petugas` int NOT NULL,
  `kode_gudang` varchar(20) NOT NULL
) ENGINE=InnoDB DEFAULT CHARSET=utf8mb4 COLLATE=utf8mb4_0900_ai_ci;

--
-- Dumping data for table `barang_keluar`
--

INSERT INTO `barang_keluar` (`no_transaksi`, `tanggal_keluar`, `kode_barang`, `jumlah_keluar`, `keterangan`, `id_ruang`, `nama_penerima`, `petugas`, `kode_gudang`) VALUES
(1, '2026-06-23', '30223160-566e-11f1-881f-0242ac130004', 100, 'test', 1, 1, 4, 'GDG-001');

-- --------------------------------------------------------

--
-- Table structure for table `barang_non_aktif`
--

CREATE TABLE `barang_non_aktif` (
  `id_barang_non_aktif` int NOT NULL,
  `kode_inventaris` varchar(50) NOT NULL,
  `id_status` int DEFAULT NULL,
  `jumlah_nonaktif` int DEFAULT '0',
  `tanggal` date NOT NULL,
  `keterangan` text
) ENGINE=InnoDB DEFAULT CHARSET=utf8mb4 COLLATE=utf8mb4_0900_ai_ci;

-- --------------------------------------------------------

--
-- Table structure for table `cache`
--

CREATE TABLE `cache` (
  `key` varchar(255) CHARACTER SET utf8mb4 COLLATE utf8mb4_unicode_ci NOT NULL,
  `value` mediumtext CHARACTER SET utf8mb4 COLLATE utf8mb4_unicode_ci NOT NULL,
  `expiration` bigint NOT NULL
) ENGINE=InnoDB DEFAULT CHARSET=utf8mb4 COLLATE=utf8mb4_unicode_ci;

-- --------------------------------------------------------

--
-- Table structure for table `cache_locks`
--

CREATE TABLE `cache_locks` (
  `key` varchar(255) CHARACTER SET utf8mb4 COLLATE utf8mb4_unicode_ci NOT NULL,
  `owner` varchar(255) CHARACTER SET utf8mb4 COLLATE utf8mb4_unicode_ci NOT NULL,
  `expiration` bigint NOT NULL
) ENGINE=InnoDB DEFAULT CHARSET=utf8mb4 COLLATE=utf8mb4_unicode_ci;

-- --------------------------------------------------------

--
-- Table structure for table `detail_peminjaman`
--

CREATE TABLE `detail_peminjaman` (
  `id_detail_pinjam` int NOT NULL,
  `nomor_peminjaman` varchar(50) NOT NULL,
  `kode_barang` int NOT NULL
) ENGINE=InnoDB DEFAULT CHARSET=utf8mb4 COLLATE=utf8mb4_0900_ai_ci;

--
-- Dumping data for table `detail_peminjaman`
--

INSERT INTO `detail_peminjaman` (`id_detail_pinjam`, `nomor_peminjaman`, `kode_barang`) VALUES
(1, 'PJM-DUMMY-1', 1),
(2, 'PJM-DUMMY-2', 2),
(3, 'PJM-DUMMY-3', 2),
(7, 'PMJ-20260611-001', 3),
(8, 'PMJ-20260624-001', 1),
(9, 'PMJ-20260624-002', 3);

-- --------------------------------------------------------

--
-- Table structure for table `detail_pengadaan`
--

CREATE TABLE `detail_pengadaan` (
  `id_detail_pengadaan` int NOT NULL,
  `id_pengadaan` int NOT NULL,
  `id_pemasok` int DEFAULT NULL,
  `id_master_barang` int NOT NULL,
  `jumlah_masuk` int NOT NULL,
  `harga_satuan` decimal(15,2) NOT NULL,
  `status` tinyint(1) DEFAULT '0'
) ENGINE=InnoDB DEFAULT CHARSET=utf8mb4 COLLATE=utf8mb4_0900_ai_ci;

--
-- Dumping data for table `detail_pengadaan`
--

INSERT INTO `detail_pengadaan` (`id_detail_pengadaan`, `id_pengadaan`, `id_pemasok`, `id_master_barang`, `jumlah_masuk`, `harga_satuan`, `status`) VALUES
(1, 1, 1, 4, 3, 19269.00, 0),
(2, 2, 3, 2, 5, 21211.00, 0),
(3, 3, 1, 1, 5, 30890.00, 0),
(10, 7, 1, 2, 2, 170000.00, 1),
(11, 7, 3, 53, 3, 170000.00, 0),
(12, 8, 2, 53, 10, 10000000.00, 0),
(13, 8, 3, 2, 10, 5000000.00, 0);

-- --------------------------------------------------------

--
-- Table structure for table `detail_pengadaan_hp`
--

CREATE TABLE `detail_pengadaan_hp` (
  `id_detail_pengadaan_hp` int NOT NULL,
  `id_pengadaan_hp` int NOT NULL,
  `id_pemasok` int DEFAULT NULL,
  `id_master_barang` int NOT NULL,
  `jumlah_masuk` int NOT NULL,
  `harga_satuan` decimal(15,2) NOT NULL
) ENGINE=InnoDB DEFAULT CHARSET=utf8mb4 COLLATE=utf8mb4_0900_ai_ci;

--
-- Dumping data for table `detail_pengadaan_hp`
--

INSERT INTO `detail_pengadaan_hp` (`id_detail_pengadaan_hp`, `id_pengadaan_hp`, `id_pemasok`, `id_master_barang`, `jumlah_masuk`, `harga_satuan`) VALUES
(1, 2, 2, 177, 12, 10000000.00),
(2, 3, 3, 12, 100, 1000000.00);

-- --------------------------------------------------------

--
-- Table structure for table `detail_permintaan`
--

CREATE TABLE `detail_permintaan` (
  `id_detail_permintaan` int NOT NULL,
  `kode_permintaan` varchar(50) NOT NULL,
  `id_master_barang` int NOT NULL,
  `jumlah_diminta` int NOT NULL,
  `alasan_kebutuhan` text
) ENGINE=InnoDB DEFAULT CHARSET=utf8mb4 COLLATE=utf8mb4_0900_ai_ci;

--
-- Dumping data for table `detail_permintaan`
--

INSERT INTO `detail_permintaan` (`id_detail_permintaan`, `kode_permintaan`, `id_master_barang`, `jumlah_diminta`, `alasan_kebutuhan`) VALUES
(1, 'PRM-DUMMY-1', 4, 5, 'Alasan Dummy 1'),
(2, 'PRM-DUMMY-2', 2, 8, 'Alasan Dummy 2'),
(3, 'PRM-DUMMY-3', 1, 10, 'Alasan Dummy 3'),
(4, 'PRM-2026-001', 2, 2, 'Untuk presentasi'),
(5, 'PRM-2026-001', 53, 3, 'Untuk TKA'),
(6, 'PRM-2026-002', 162, 10, 'test'),
(7, 'PRM-2026-002', 179, 10, 'test'),
(8, 'PRM-2026-002', 118, 10, 'test'),
(9, 'PRM-2026-003', 53, 10, 'test'),
(10, 'PRM-2026-003', 2, 10, 'test'),
(11, 'PRM-2026-004', 30, 10, 'est'),
(12, 'PRM-2026-005', 124, 10, 'test'),
(13, 'PRM-2026-005', 162, 100, 'test'),
(14, 'PRM-2026-005', 158, 20, 'test');

-- --------------------------------------------------------

--
-- Table structure for table `detail_permintaan_hp`
--

CREATE TABLE `detail_permintaan_hp` (
  `id_detail_permintaan_hp` int NOT NULL,
  `kode_permintaan_hp` varchar(50) NOT NULL,
  `id_master_barang` int NOT NULL,
  `jumlah_diminta` int NOT NULL,
  `alasan_kebutuhan` text
) ENGINE=InnoDB DEFAULT CHARSET=utf8mb4 COLLATE=utf8mb4_0900_ai_ci;

--
-- Dumping data for table `detail_permintaan_hp`
--

INSERT INTO `detail_permintaan_hp` (`id_detail_permintaan_hp`, `kode_permintaan_hp`, `id_master_barang`, `jumlah_diminta`, `alasan_kebutuhan`) VALUES
(1, 'PRH-2026-001', 177, 12, 'test'),
(2, 'PRH-2026-002', 12, 100, 'test');

-- --------------------------------------------------------

--
-- Table structure for table `failed_jobs`
--

CREATE TABLE `failed_jobs` (
  `id` bigint UNSIGNED NOT NULL,
  `uuid` varchar(255) CHARACTER SET utf8mb4 COLLATE utf8mb4_unicode_ci NOT NULL,
  `connection` text CHARACTER SET utf8mb4 COLLATE utf8mb4_unicode_ci NOT NULL,
  `queue` text CHARACTER SET utf8mb4 COLLATE utf8mb4_unicode_ci NOT NULL,
  `payload` longtext CHARACTER SET utf8mb4 COLLATE utf8mb4_unicode_ci NOT NULL,
  `exception` longtext CHARACTER SET utf8mb4 COLLATE utf8mb4_unicode_ci NOT NULL,
  `failed_at` timestamp NOT NULL DEFAULT CURRENT_TIMESTAMP
) ENGINE=InnoDB DEFAULT CHARSET=utf8mb4 COLLATE=utf8mb4_unicode_ci;

-- --------------------------------------------------------

--
-- Table structure for table `gudang`
--

CREATE TABLE `gudang` (
  `kode_gudang` varchar(20) NOT NULL,
  `nama_gudang` varchar(100) NOT NULL,
  `keterangan` text
) ENGINE=InnoDB DEFAULT CHARSET=utf8mb4 COLLATE=utf8mb4_0900_ai_ci;

--
-- Dumping data for table `gudang`
--

INSERT INTO `gudang` (`kode_gudang`, `nama_gudang`, `keterangan`) VALUES
('GDG-001', 'Gudang 1', 'contoh gudang 1');

-- --------------------------------------------------------

--
-- Table structure for table `jobs`
--

CREATE TABLE `jobs` (
  `id` bigint UNSIGNED NOT NULL,
  `queue` varchar(255) CHARACTER SET utf8mb4 COLLATE utf8mb4_unicode_ci NOT NULL,
  `payload` longtext CHARACTER SET utf8mb4 COLLATE utf8mb4_unicode_ci NOT NULL,
  `attempts` tinyint UNSIGNED NOT NULL,
  `reserved_at` int UNSIGNED DEFAULT NULL,
  `available_at` int UNSIGNED NOT NULL,
  `created_at` int UNSIGNED NOT NULL
) ENGINE=InnoDB DEFAULT CHARSET=utf8mb4 COLLATE=utf8mb4_unicode_ci;

-- --------------------------------------------------------

--
-- Table structure for table `job_batches`
--

CREATE TABLE `job_batches` (
  `id` varchar(255) CHARACTER SET utf8mb4 COLLATE utf8mb4_unicode_ci NOT NULL,
  `name` varchar(255) CHARACTER SET utf8mb4 COLLATE utf8mb4_unicode_ci NOT NULL,
  `total_jobs` int NOT NULL,
  `pending_jobs` int NOT NULL,
  `failed_jobs` int NOT NULL,
  `failed_job_ids` longtext CHARACTER SET utf8mb4 COLLATE utf8mb4_unicode_ci NOT NULL,
  `options` mediumtext CHARACTER SET utf8mb4 COLLATE utf8mb4_unicode_ci,
  `cancelled_at` int DEFAULT NULL,
  `created_at` int NOT NULL,
  `finished_at` int DEFAULT NULL
) ENGINE=InnoDB DEFAULT CHARSET=utf8mb4 COLLATE=utf8mb4_unicode_ci;

-- --------------------------------------------------------

--
-- Table structure for table `jurusan`
--

CREATE TABLE `jurusan` (
  `id_jurusan` int NOT NULL,
  `nama_jurusan` varchar(100) NOT NULL
) ENGINE=InnoDB DEFAULT CHARSET=utf8mb4 COLLATE=utf8mb4_0900_ai_ci;

--
-- Dumping data for table `jurusan`
--

INSERT INTO `jurusan` (`id_jurusan`, `nama_jurusan`) VALUES
(1, 'TKJ'),
(2, 'Listrik'),
(3, 'Elektro'),
(4, 'Busana'),
(5, 'DKV'),
(6, 'PPLG'),
(7, 'BP'),
(8, 'Mekatronika'),
(9, 'Otomotif');

-- --------------------------------------------------------

--
-- Table structure for table `kategori`
--

CREATE TABLE `kategori` (
  `id_kategori` int NOT NULL,
  `nama_kategori` varchar(100) NOT NULL,
  `keterangan` text
) ENGINE=InnoDB DEFAULT CHARSET=utf8mb4 COLLATE=utf8mb4_0900_ai_ci;

--
-- Dumping data for table `kategori`
--

INSERT INTO `kategori` (`id_kategori`, `nama_kategori`, `keterangan`) VALUES
(1, 'Laptop', ''),
(2, 'Kategori Dummy 1', NULL),
(3, 'Kategori Dummy 2', NULL),
(4, 'Kategori Dummy 3', NULL),
(5, 'Elektronik', NULL),
(6, 'Furnitur', NULL),
(18, 'Alat', 'Dari Excel'),
(19, 'Bahan', 'Dari Excel');

-- --------------------------------------------------------

--
-- Table structure for table `kelas`
--

CREATE TABLE `kelas` (
  `id_kelas` int NOT NULL,
  `id_rombel` int NOT NULL,
  `nama_kelas` varchar(50) NOT NULL,
  `tahun_ajaran` varchar(20) NOT NULL
) ENGINE=InnoDB DEFAULT CHARSET=utf8mb4 COLLATE=utf8mb4_0900_ai_ci;

--
-- Dumping data for table `kelas`
--

INSERT INTO `kelas` (`id_kelas`, `id_rombel`, `nama_kelas`, `tahun_ajaran`) VALUES
(1, 1, 'Kelas 1', '2025/2026'),
(2, 2, 'Kelas 2', '2025/2026'),
(3, 2, 'Kelas 3', '2025/2026');

-- --------------------------------------------------------

--
-- Table structure for table `kerusakan`
--

CREATE TABLE `kerusakan` (
  `id_kerusakan` int NOT NULL,
  `kode_barang` int NOT NULL,
  `tanggal_lapor` date NOT NULL,
  `id_pelapor` int NOT NULL,
  `deskripsi_kerusakan` text NOT NULL,
  `tingkat_kerusakan` enum('Ringan','Sedang','Berat') NOT NULL,
  `status_kerusakan` enum('Menunggu Pemeriksaan','Sedang Diperbaiki','Selesai','Tidak Bisa Diperbaiki') DEFAULT 'Menunggu Pemeriksaan'
) ENGINE=InnoDB DEFAULT CHARSET=utf8mb4 COLLATE=utf8mb4_0900_ai_ci;

--
-- Dumping data for table `kerusakan`
--

INSERT INTO `kerusakan` (`id_kerusakan`, `kode_barang`, `tanggal_lapor`, `id_pelapor`, `deskripsi_kerusakan`, `tingkat_kerusakan`, `status_kerusakan`) VALUES
(1, 1, '2026-04-17', 4, 'Kerusakan Dummy 1', 'Ringan', 'Menunggu Pemeriksaan'),
(2, 2, '2026-04-17', 4, 'Kerusakan Dummy 2', 'Ringan', 'Menunggu Pemeriksaan'),
(3, 2, '2026-04-17', 3, 'Kerusakan Dummy 3', 'Ringan', 'Menunggu Pemeriksaan'),
(4, 1, '2026-04-16', 1, 'Layar monitor berkedip-kedip', 'Ringan', 'Sedang Diperbaiki');

-- --------------------------------------------------------

--
-- Table structure for table `kondisi`
--

CREATE TABLE `kondisi` (
  `id_kondisi` int NOT NULL,
  `nama_kondisi` varchar(50) NOT NULL,
  `keterangan` text
) ENGINE=InnoDB DEFAULT CHARSET=utf8mb4 COLLATE=utf8mb4_0900_ai_ci;

--
-- Dumping data for table `kondisi`
--

INSERT INTO `kondisi` (`id_kondisi`, `nama_kondisi`, `keterangan`) VALUES
(1, 'Rusak Berat', NULL),
(2, 'Baik', NULL),
(4, 'Rusak', 'Kondisi barang baik dan layak pakai');

-- --------------------------------------------------------

--
-- Table structure for table `lemari`
--

CREATE TABLE `lemari` (
  `id_lemari` int NOT NULL,
  `kode_lemari` varchar(50) NOT NULL,
  `nama` varchar(150) NOT NULL,
  `id_ruang` int DEFAULT NULL
) ENGINE=InnoDB DEFAULT CHARSET=utf8mb4 COLLATE=utf8mb4_0900_ai_ci;

--
-- Dumping data for table `lemari`
--

INSERT INTO `lemari` (`id_lemari`, `kode_lemari`, `nama`, `id_ruang`) VALUES
(1, 'TEST-001', 'Test', 9),
(2, 'LMR12', 'Lemari 1', 3);

-- --------------------------------------------------------

--
-- Table structure for table `lokasi`
--

CREATE TABLE `lokasi` (
  `id_lokasi` int NOT NULL,
  `kode_lokasi` varchar(50) DEFAULT NULL,
  `nama_lokasi` varchar(100) NOT NULL,
  `keterangan` text
) ENGINE=InnoDB DEFAULT CHARSET=utf8mb4 COLLATE=utf8mb4_0900_ai_ci;

--
-- Dumping data for table `lokasi`
--

INSERT INTO `lokasi` (`id_lokasi`, `kode_lokasi`, `nama_lokasi`, `keterangan`) VALUES
(1, NULL, 'Lokasi Dummy 1', NULL),
(2, NULL, 'Lokasi Dummy 2', NULL),
(3, NULL, 'Lokasi Dummy 3', NULL);

-- --------------------------------------------------------

--
-- Table structure for table `mapel`
--

CREATE TABLE `mapel` (
  `id_mapel` int NOT NULL,
  `nama_mapel` varchar(100) NOT NULL
) ENGINE=InnoDB DEFAULT CHARSET=utf8mb4 COLLATE=utf8mb4_0900_ai_ci;

--
-- Dumping data for table `mapel`
--

INSERT INTO `mapel` (`id_mapel`, `nama_mapel`) VALUES
(1, 'Mapel Dummy 1'),
(2, 'Mapel Dummy 2'),
(3, 'Mapel Dummy 3');

-- --------------------------------------------------------

--
-- Table structure for table `master_barang`
--

CREATE TABLE `master_barang` (
  `id_master_barang` int NOT NULL,
  `nama_barang` varchar(150) NOT NULL,
  `id_kategori` int DEFAULT NULL,
  `id_merek` int DEFAULT NULL,
  `id_satuan` int DEFAULT NULL,
  `jenis_barang` enum('Aset','Habis Pakai') CHARACTER SET utf8mb4 COLLATE utf8mb4_0900_ai_ci DEFAULT NULL,
  `keterangan` text
) ENGINE=InnoDB DEFAULT CHARSET=utf8mb4 COLLATE=utf8mb4_0900_ai_ci;

--
-- Dumping data for table `master_barang`
--

INSERT INTO `master_barang` (`id_master_barang`, `nama_barang`, `id_kategori`, `id_merek`, `id_satuan`, `jenis_barang`, `keterangan`) VALUES
(1, 'contoh', 1, 1, 1, 'Aset', NULL),
(2, 'Proyektor Epson EB-X51', 1, 1, 1, 'Aset', NULL),
(3, 'Barang Dummy 2', 1, 1, 4, 'Aset', NULL),
(4, 'Barang Dummy 3', 4, 4, 2, 'Aset', NULL),
(5, 'LCD', 5, NULL, NULL, 'Aset', 'Test'),
(9, 'Meja Guru', 18, NULL, 5, 'Aset', 'Kayu'),
(10, 'Meja Siswa', 18, NULL, 5, 'Aset', 'Kayu'),
(11, 'PC Core i5', 18, 5, 6, 'Aset', 'HP ProDesk Intel Core i5 4590'),
(12, 'DVD Disk', 19, NULL, 7, 'Habis Pakai', ''),
(13, 'Mini Thermal Printer', 18, 6, 5, 'Aset', 'IWARE Mini Thermal Printer'),
(14, 'Meja Komputer', 18, 7, 8, 'Aset', 'Hardboard'),
(15, 'Vivo Y91C', 18, 8, 5, 'Aset', 'Vivo Y91C'),
(16, 'Almari Pintu Ayun Brother B-204', 18, NULL, 5, 'Aset', 'P : 88, L :45 : T 183'),
(17, 'BARCODE SCANNER', 19, NULL, 5, 'Habis Pakai', '2D IMAGE OMNI QR CODE'),
(18, 'Micro SD', 19, 9, 9, 'Habis Pakai', 'Sandisk 64Gb'),
(19, 'Google Home Assistant Smart', 18, 10, 5, 'Aset', ''),
(20, 'Bardi IPCAM Indoor PTZ', 18, 11, 5, 'Aset', '1080p 2MP'),
(21, 'Bio Finger AC-300', 18, NULL, 5, 'Aset', 'Bio Finger AC-300'),
(22, 'Touchscreen 19 inch + Floor Stand', 18, 12, 5, 'Aset', 'AudioBank'),
(23, 'Bracket TV', 19, NULL, 8, 'Habis Pakai', 'LCD 14-37 \"'),
(24, 'Arduino Uno', 19, NULL, 6, 'Habis Pakai', 'Arduino Uno starter kit'),
(25, 'Switch Gigabit 24 Port', 18, 28, 5, 'Aset', 'TPlink 24-Port'),
(26, 'Keyboard Logitech', 19, 14, 5, 'Habis Pakai', 'Logitech K120'),
(27, 'Keyboard Alcatros', 19, 15, 5, 'Habis Pakai', 'Keyboard Alcatros'),
(28, 'Switch Hub', 19, 16, 9, 'Habis Pakai', 'Switch Hub TPLink 8 Port Gigabit'),
(29, 'Bio Finger TE-500', 18, 17, 8, 'Aset', 'Face & Finger'),
(30, 'AC Panasonic', 18, 18, 5, 'Aset', '1/2PK'),
(31, 'Baterai Laptop HP', 19, NULL, 5, 'Habis Pakai', '14-AC115TX (Laptop HP)'),
(32, 'RAM Laptop', 19, 19, 9, 'Habis Pakai', 'SAMSUNG SODIM DDR4 4GB'),
(33, 'Proyektor', 18, 20, 8, 'Aset', 'Proyektor Epson EB-X500'),
(34, 'Bardi IR Remote', 19, 11, 8, 'Habis Pakai', '10M'),
(35, 'Bardi Portable Plug', 19, 11, 8, 'Habis Pakai', '16A WEM'),
(36, 'Bardi Smart Breaker On Off', 19, 11, 8, 'Habis Pakai', 'ON OFF Breaker SB 10A -Nem'),
(37, 'Bardi Light WallSwitch 3 Gang EU', 19, 11, 8, 'Habis Pakai', 'White'),
(38, 'BARDI Smart Home WIFI Window & Door Sensor', 19, 11, 8, 'Habis Pakai', ''),
(39, 'BARDI Smart Home WIFI Siren Loud Alarm', 19, 11, 8, 'Habis Pakai', 'Support Android'),
(40, 'Bardi Smart Light Bulb', 19, 11, 8, 'Habis Pakai', ''),
(41, 'Logitech M170 Mouse Wireless', 19, 14, 8, 'Habis Pakai', 'Black'),
(42, 'MOUSE LENOVO M20 WIRED MOUSE USB', 19, 21, 8, 'Habis Pakai', 'Wired'),
(43, 'Bio Finger TE-600', 18, 17, 8, 'Aset', 'Face & Finger'),
(44, 'SSD Midasforce 512 Gb', 19, 22, 8, 'Habis Pakai', 'Midasforce'),
(45, 'HDD Case 2.5\"', 19, 23, 8, 'Habis Pakai', 'Orico USB 3.0'),
(46, 'Diganti Epson L121', 19, 20, 8, 'Habis Pakai', 'Diganti Epson L121'),
(47, 'Kabel Kolor', 19, 24, 8, 'Habis Pakai', 'Stop Kontak Colokan Listrik 5 Lubang Panjang Kabel 5Meter Sni -unicorn'),
(48, 'Anycast', 19, NULL, 8, 'Habis Pakai', 'Anycast M100 4K HD Wifi Display TV Dongle Wireless HDMI Dongle Anycast'),
(49, 'Kabel HDMI to HDMI', 19, NULL, 8, 'Habis Pakai', 'Kabel HDMI 5m'),
(50, 'Converter HDMI to VGA', 19, NULL, 8, 'Habis Pakai', 'Full HD'),
(51, 'Chrome Cast', 19, NULL, 8, 'Habis Pakai', 'Google Chromecast 3 Chrome Cast 3rd HDMI'),
(52, 'Soundcard V8', 19, NULL, 8, 'Habis Pakai', 'Sound card V8 Mixer Bluetooth SoundCard V8'),
(53, 'Laptop', 18, 53, 5, 'Aset', 'Acer Core I3'),
(54, 'Smartphone', 18, NULL, 9, 'Aset', 'OPPO Reno4 F Smartphone 8GB/128GB'),
(55, 'Modem Mifi', 18, NULL, 9, 'Aset', 'Huawei Mifi Modem Wifi Router 4G E5577'),
(56, 'Cermin', 19, NULL, 8, 'Habis Pakai', 'Cermin ukuran 3m x 1m dengan frame miring kebawah'),
(57, 'Bardi Wallswitch 2 gang', 18, NULL, 8, 'Aset', 'Bardi Smart WiFi Touch Wallswitch - EU 2 Gang - Putih'),
(58, 'Lampu LED Strip Bardi', 18, NULL, 8, 'Aset', 'Lampu LED Strip RGBWW Wifi 2m + Adaptor'),
(59, 'Bardi Wallsocket', 18, NULL, 8, 'Aset', 'BARDI Smart Wall Socket Wifi EU White For Alexa Google Home Automation - Putih'),
(60, 'Pengkabelan', 19, NULL, 10, 'Habis Pakai', 'Kabel NYYHY 2X1,5 mm ETERNA / NYY HY 2X1,5 / HITAM SERABUT / 1ROLL 50M'),
(61, 'Cable Duct', 19, NULL, 8, 'Habis Pakai', 'floor duct / duct floor 70x20 panjang 2.9m'),
(62, 'Air Conditioner', 19, NULL, 5, 'Habis Pakai', 'Panasonic'),
(63, 'Roller Blind', 19, NULL, 8, 'Habis Pakai', 'Roller Blinds Chain STD Dimout'),
(64, 'PC Unit', 18, NULL, 6, 'Aset', 'PC Unit Core i7, Gen11'),
(65, 'PC Rakitan', 18, NULL, 6, 'Aset', 'PC Unit Core i7, Gen11'),
(66, 'Access Point', 18, 25, 6, 'Aset', 'Unifi AC-LR'),
(67, 'Laser Pointer Logitech', 19, NULL, 8, 'Habis Pakai', 'Logitech Wireless Presenter R400 Remote Control Laser Pointer'),
(68, 'Printer Epson', 18, NULL, 8, 'Aset', 'Epson L3210 Print Scan Copy'),
(69, 'Projector Epson', 18, NULL, 8, 'Aset', 'Epson EB E500'),
(70, 'Screen projector', 18, NULL, 8, 'Aset', 'Wall Screen Projector 70\" 1:1 Inforce'),
(71, 'Tripot + Layar Projector', 18, NULL, 8, 'Aset', 'Layar + Tripod Screen Projector 84 4:3 / Layar Proyektor Inforce 84\"'),
(72, 'Speaker Aktif Advance', 19, NULL, 8, 'Habis Pakai', 'Advance M180BT Bluetooth'),
(73, 'Advance Portable Speaker', 18, NULL, 8, 'Aset', 'Advance Speaker Meeting Blueatooth Portable 12/15 INCH+2 MIC WIRELESS - 12INCH'),
(74, 'Tinta Refill Original', 19, NULL, 8, 'Habis Pakai', 'Tinta 003: Yellow Epson'),
(75, 'Jakemy Obeng Set', 19, NULL, 6, 'Habis Pakai', 'Jakemy 34 in 1 Obeng Set - JM-8160'),
(76, 'Dispenser', 18, NULL, 6, 'Aset', 'Miyako WDP-300 Dispenser Air'),
(77, 'Sofa Bulat Puff', 19, NULL, 8, 'Habis Pakai', 'Sofa Bulat Puff 40x40x30'),
(78, 'Sewa Hosting', 19, NULL, 8, 'Habis Pakai', 'Cloud Hosting + Domain'),
(79, 'RAM PC DDR4 8Gb', 19, NULL, 8, 'Habis Pakai', 'RAM PC LONGDIMM DDR4 8GB 2666Mhz Kingstone Furry'),
(80, 'Meja bulat/coffee table', 19, NULL, 8, 'Habis Pakai', 'Meja kayu besi bulat - Wood gelap, T : 70 /4 kaki'),
(81, 'Kompresor Listrik Angin', 18, NULL, 8, 'Aset', 'Lakoni Fresco 130X Kompresor Listrik Angin Udara Oilless Silent 130 X'),
(82, 'Micro SDXC Extreme Pro', 19, NULL, 8, 'Habis Pakai', 'Sandisk MicroSDXC Extreme Pro A2 256GB 170MB/s Micro SD 256GB 170MB/s'),
(83, 'Air Blow Gun', 19, NULL, 8, 'Habis Pakai', 'TORA ADB201 Heavy Duty AIr Duster - Air Blow Gun 2 WAY'),
(84, 'Mesin Bor Tembok', 18, NULL, 8, 'Aset', 'Makita Mesin Bor Tembok HP 333 DWYE - Cordless Impact Drill 12V'),
(85, 'Monitor', 18, 19, 5, 'Aset', 'MONITOR DISPLAY 19,5'),
(86, 'Keyboard Mouse Wireless', 19, 26, 5, 'Habis Pakai', 'Keyboard Mouse Wireless'),
(87, 'Stavolt', 18, NULL, 8, 'Aset', 'Stabilisator Matsunaga 1000VA'),
(88, 'Kotak Obat Lokal', 18, NULL, 8, 'Aset', 'Kayu Kaca'),
(89, 'NVR', NULL, 27, 5, 'Aset', 'HKVision 8 Channel NVR DS 7600'),
(90, 'Network Cable Tester', 18, 29, NULL, 'Aset', 'Network Cable Tester'),
(91, 'RAM PC DDR3 8Gb', 19, NULL, 8, 'Habis Pakai', 'RAM PC LONGDIMM DDR3 8GB'),
(92, 'RAM Laptop DDR 3 8Gb', 19, NULL, 8, 'Habis Pakai', 'Samsung DDR3L 8GB'),
(93, 'SSD M2 NVME', 19, 30, 8, 'Habis Pakai', 'SSD M2 NVME 512Gb'),
(94, 'CCTV', 18, NULL, 5, 'Aset', 'Bardi'),
(95, 'Baterai Laptop', 19, NULL, 8, 'Habis Pakai', 'Baterai Laptop Acer'),
(96, 'Adaptor Laptop', 19, NULL, 8, 'Habis Pakai', 'Adaptor Laptop Acer'),
(97, 'Power Supply', 19, NULL, 8, 'Habis Pakai', 'Digital Alliance 650Watt PSU Bronze 80+'),
(98, 'Kipas Angin Dinding 16 inch', 18, NULL, 5, 'Aset', 'NGY-2601WF 16 inch'),
(99, 'Kipas Angin Maspion 20\"', 18, NULL, 5, 'Aset', 'Kipas Angin MASPION PW-2002-RC REMOT Wall Fan (20\"Inch)'),
(100, 'HDMI Splitter', 19, 31, 5, 'Habis Pakai', 'Swicher Splitter HDMI 1-2 NYK (4K + Adaptor 2A)'),
(101, 'USB HUB 3.0', 19, 32, 8, 'Habis Pakai', 'USB HUB 4 Ports 3.0'),
(102, 'Data Switch Printer Usb 1-4', 19, NULL, 8, 'Habis Pakai', 'Switch Printer Usb'),
(103, 'Exhaust Fan 16 Inch', 18, NULL, 5, 'Aset', 'Exhaust Fan CKE Shutter 16 Inch'),
(104, 'Keyboard Laptop Lenovo', NULL, NULL, 8, 'Aset', 'Lenovo IdeaPad 5 14IIL05'),
(105, 'Tas Arctic Hunter Pria Ransel', 18, NULL, 8, 'Aset', ''),
(106, 'PC Rakitan i9 Gen12', 18, 33, 8, 'Aset', 'PC Rakitan i9 Gen12'),
(107, 'Lemari Arsip 2 Pintu', NULL, NULL, 8, 'Aset', 'Bahan Besi Dan Kaca , Uk. 45 X 90 X 183 Cm Filling Cabinet KRS-003'),
(108, 'Loker 4 Susun', NULL, NULL, 5, 'Aset', 'Loker 4 Susun'),
(109, 'Avo Meter Analog', 19, NULL, 8, 'Habis Pakai', 'Yx-393'),
(110, 'Avo Multimeter Digital', 19, NULL, 8, 'Habis Pakai', ''),
(111, 'Televisi (Sharp)', NULL, NULL, 5, 'Aset', 'Uk. 32 Inch, Smart TV'),
(112, 'Microphone Rapat (Kenwood)', 18, NULL, 5, 'Aset', 'Frequency Responce: 60Hz - 16KHz'),
(113, 'AC Split', 18, 34, 5, 'Aset', 'Kap. 2 PK'),
(114, 'Webcam Razer HD', 18, 35, 5, 'Aset', 'Camera Razer Kio'),
(115, 'Printer Epson L3250', NULL, NULL, 8, 'Aset', 'Wi-Fi And Wi-Fi Direct Connectivity, Built In Battery'),
(116, 'Lemari Besi', 18, 36, 9, 'Aset', 'Lemari Besi Kaca Sliding Topas 019'),
(117, 'Kabel HDMI', NULL, 37, 8, 'Aset', 'Uk. 20 Meter'),
(118, 'Kursi Staff', NULL, NULL, 5, 'Aset', 'Bisa naik turun, Putar 360 derajat, Kaki Stainless kualitas kuat dan kokoh dengan Model Kaki Putar, Tangan Plastic'),
(119, 'Tangga Teleskopik', NULL, NULL, 5, 'Aset', 'Tangga Lipat Tinggi Max 6.3m, Bahan Aluminium Heavy Duty, Tinggi Terlipat : 120cm, Kapasitas 150kg'),
(120, 'Proyektor / Infocus (Viewsonic)', NULL, NULL, 5, 'Aset', 'Koneksi Analog, Kecerahan 3800 Lumens'),
(121, 'Vacum Cleaner', 18, 38, 5, 'Aset', '3 In 1 Multifungsi'),
(122, 'Benih Kangkung', NULL, NULL, 11, 'Aset', 'Uk. 1 Kg'),
(123, 'Jam', NULL, NULL, 8, 'Aset', 'Jam Dinding'),
(124, 'Kunci Set Perkakas', NULL, 39, 6, 'Aset', '28 Pcs Perkakas Mekanik'),
(125, 'Charger Baterai', NULL, NULL, 5, 'Aset', 'Untuk ukuran AA dan AAA'),
(126, 'Roll Banner', NULL, NULL, 5, 'Aset', 'Vinyl , Uk 200 x 180 cm'),
(127, 'Baterai AAA Cas Isi Ulang', NULL, NULL, 7, 'Aset', 'Kapasitas 493 - 1,000 mAh Isi 2 Pcs'),
(128, 'Baterai AA Cas Isi Ulang', NULL, NULL, 7, 'Aset', 'Kapasitas 800 - 2,500 mAh Isi 4 Pcs'),
(129, 'Meta Quest 3', 18, NULL, 8, 'Aset', '128 GB 512 GB Virtual Reality VR Headset Metaverse - 512 GB'),
(130, 'One Pen Tablet', 18, 40, 8, 'Aset', 'Wacom One Pen Tablet Small CTC-4110WL Wireless Bluetooh CTC 4110'),
(131, 'Gamepad Joystick Stik Gaming', 18, 41, 8, 'Aset', ''),
(132, 'Logitech M275', 19, 14, 8, 'Habis Pakai', 'Logitech M275 Wireless Mouse - Black'),
(133, 'Bardi Smart WiFi Touch Wallswitch', 19, NULL, 8, 'Habis Pakai', 'Bardi Smart WiFi Touch Wallswitch - EU 2 Gang - Putih'),
(134, 'BARDI Smart IR Remote Control 12M', 19, NULL, 8, 'Habis Pakai', 'BARDI Smart IR Remote Control 12M with Temperature & Humidity Display'),
(135, 'BARDI Smart Wall Socket EU Stop Kontak', 19, NULL, 8, 'Habis Pakai', 'BARDI Smart Wall Socket EU Stop Kontak Wifi Pintar Home Automation IoT - Putih'),
(136, 'HDMI Splitter 4 Port', 19, NULL, 8, 'Habis Pakai', 'HDMI Splitter 4 Port VENTION ACCG0 1 In 4 Out 4K V2.0 Spliter'),
(137, 'SSD Sata', 19, 42, 8, 'Habis Pakai', 'Kap. 256 Gb'),
(138, 'Kabel VGA', 19, NULL, 8, 'Habis Pakai', 'Kabel VGA'),
(139, 'Power Supplay', 19, 43, 8, 'Habis Pakai', 'Power Supplay 650W'),
(140, 'Converter Hdmi Male to Vga', 19, NULL, 8, 'Habis Pakai', 'Converter Hdmi Male to Vga Female with Audio Output Kabel Konverter'),
(141, 'Paket Arduino Firefighter', 19, NULL, 8, 'Habis Pakai', 'Firefighter arduino bluetooth control'),
(142, 'Motor Gearbox Vending', 19, NULL, 6, 'Habis Pakai', 'Motor Gearbox Vending'),
(143, 'ESP32 NODEMCU TIPE C', 19, NULL, 8, 'Habis Pakai', 'ESP32 NODEMCU TIPE C Development Board DevKit ESP 32'),
(144, 'Kabel Jumper Male to Female', 19, NULL, 8, 'Habis Pakai', 'Dupont Male Female Pelangi Rainbow 40pin 10CM 40pcs'),
(145, 'Kabel Jumper Male to Male', 19, NULL, 8, 'Habis Pakai', 'Dupont Male Male Pelangi Rainbow 40pin 10CM 40pcs'),
(146, 'Kabel Jumper Female to Female', 19, NULL, 8, 'Habis Pakai', 'Dupont Female Female Pelangi Rainbow 40pin 10CM 40pcs'),
(147, 'Push Button', 19, NULL, 8, 'Habis Pakai', 'Tombol PUSH BUTTON 10MM RESET SWITCH Saklar DS314'),
(148, 'RAM Laptop DDR3L 8Gb', 19, NULL, 8, 'Habis Pakai', 'Samsung DDR3L 8GB'),
(149, 'VGA Card', 19, NULL, 8, 'Habis Pakai', 'VGA Card 2Gb'),
(150, 'MC KIT Arduino Nano Sensor Basic', 19, NULL, 8, 'Habis Pakai', 'MC KIT NANO SENSOR BASIC ARDUINO NANO DIY'),
(151, 'Stop Kontak Isi 6', 19, NULL, 8, 'Habis Pakai', 'Stop Kontak Isi 6'),
(152, 'Kabel listrik 2x1.5', 19, NULL, 10, 'Habis Pakai', 'Kabel listrik 2x1.5 NYM'),
(153, 'Steker Kepala Colokan Listrik', 19, NULL, 8, 'Habis Pakai', 'Steker Kepala Colokan Listrik'),
(154, 'Adaptor Multi output Digital', 19, NULL, 8, 'Habis Pakai', 'Adaptor Multi output Digital'),
(155, 'Iron Tool Kit 220V 60W', 19, NULL, 8, 'Habis Pakai', 'Solder Listrik Set Tas 15 Pcs Lengkap Iron Tool Kit 220V 60W'),
(156, 'Timah Solder', 19, NULL, 8, 'Habis Pakai', 'Timah Solder 0.8mm'),
(157, 'Loadcell Capasitas 180Kg', 19, NULL, 8, 'Habis Pakai', 'Loadcell Capasitas 180Kg'),
(158, 'Televisi', 18, 19, 5, 'Aset', 'Samsung Uk. 65 Inch, Smart TV'),
(159, 'Scanner Plustek', 18, 44, 5, 'Aset', 'Mobile Series AD480'),
(160, 'SFP Mikrotik 1.2 Gb', 19, 45, 9, 'Habis Pakai', 'SFP 1,25G'),
(161, 'Meja Kayu', 18, NULL, 8, 'Aset', 'Meja Kayu'),
(162, 'Kursi Guru', 18, 46, 5, 'Aset', 'Kayu'),
(163, 'Adapter SC', 19, NULL, 9, 'Habis Pakai', ''),
(164, 'Printer Thermal', 18, NULL, 5, 'Aset', ''),
(165, 'Media Converter FO', 19, 16, 5, 'Habis Pakai', 'Tplink MC210 CS 1.25G'),
(166, 'Media Converter FO - B', 19, 47, 5, 'Habis Pakai', 'Netlink'),
(167, 'Raspberry', 19, 48, 9, 'Habis Pakai', 'Raspberry PI 3 B+'),
(168, 'Flashdisk', 19, 9, 5, 'Habis Pakai', 'Sandisk'),
(169, 'Paper roll', 19, 49, 9, 'Habis Pakai', 'Paper Roll Thermal'),
(170, 'Crimping RJ45', 19, 50, 9, 'Habis Pakai', 'Crimping TY-315'),
(171, 'Direct Sfp+', 19, NULL, 9, 'Habis Pakai', '6come'),
(172, 'Rfid card', 19, NULL, 9, 'Habis Pakai', ''),
(173, 'Rfid reader', 19, NULL, 5, 'Habis Pakai', ''),
(174, 'Switch Mikrotik', 18, 45, 5, 'Aset', 'CRS326-24G-2S+'),
(175, 'ONT Ufiber', 18, NULL, 5, 'Aset', 'Unifi 4 Port'),
(176, 'Unifi U-6 Lite', 18, NULL, 5, 'Aset', ''),
(177, 'Unifi AC Lite', 18, NULL, 5, 'Aset', ''),
(178, 'Lampu', 19, 52, 5, 'Habis Pakai', 'Philips'),
(179, 'Kursi SIswa', 18, NULL, 5, 'Aset', 'Kayu'),
(180, 'Papan Tulis', 18, NULL, 5, 'Aset', ''),
(181, 'Kipas Angin Maspion', 18, NULL, 5, 'Aset', ''),
(182, 'PC UNIT Monitor', 18, 53, NULL, 'Aset', 'Monitor Acer 23,8\"'),
(183, 'Modem', 18, 54, 5, 'Aset', 'D-Link 4G LTE Mobile Router'),
(184, 'Router Board', 18, 45, 5, 'Aset', 'MIkrotik RB 450Gx4');

-- --------------------------------------------------------

--
-- Table structure for table `merek`
--

CREATE TABLE `merek` (
  `id_merek` int NOT NULL,
  `nama_merek` varchar(100) NOT NULL,
  `keterangan` text
) ENGINE=InnoDB DEFAULT CHARSET=utf8mb4 COLLATE=utf8mb4_0900_ai_ci;

--
-- Dumping data for table `merek`
--

INSERT INTO `merek` (`id_merek`, `nama_merek`, `keterangan`) VALUES
(1, 'Asus', NULL),
(2, 'Merek Dummy 1', NULL),
(3, 'Merek Dummy 2', NULL),
(4, 'Merek Dummy 3', NULL),
(5, 'HP', 'Dari Excel'),
(6, 'IWARE', 'Dari Excel'),
(7, 'Activ Furnitur', 'Dari Excel'),
(8, 'VIVO', 'Dari Excel'),
(9, 'Sandisk', 'Dari Excel'),
(10, 'Google', 'Dari Excel'),
(11, 'Bardi', 'Dari Excel'),
(12, 'AudioBank', 'Dari Excel'),
(13, 'Gigabit', 'Dari Excel'),
(14, 'Logitech', 'Dari Excel'),
(15, 'Alcatros', 'Dari Excel'),
(16, 'TP-Link', 'Dari Excel'),
(17, 'Bio Finger', 'Dari Excel'),
(18, 'Panasonic', 'Dari Excel'),
(19, 'Samsung', 'Dari Excel'),
(20, 'Epson', 'Dari Excel'),
(21, 'Lenovo', 'Dari Excel'),
(22, 'Midas Force', 'Dari Excel'),
(23, 'Orico', 'Dari Excel'),
(24, 'Unicorn', 'Dari Excel'),
(25, 'Ubiquiti', 'Dari Excel'),
(26, 'Lecoo', 'Dari Excel'),
(27, 'HKvision', 'Dari Excel'),
(28, 'TPLik', 'Dari Excel'),
(29, 'NF', 'Dari Excel'),
(30, 'RX7', 'Dari Excel'),
(31, 'NYK', 'Dari Excel'),
(32, 'Vention', 'Dari Excel'),
(33, 'Aero Cool', 'Dari Excel'),
(34, 'Sharp', 'Dari Excel'),
(35, 'Razer', 'Dari Excel'),
(36, 'TOPAS', 'Dari Excel'),
(37, 'Jasoz', 'Dari Excel'),
(38, 'Tixx', 'Dari Excel'),
(39, 'Krisbow', 'Dari Excel'),
(40, 'Wacom', 'Dari Excel'),
(41, 'Rexus', 'Dari Excel'),
(42, 'Force', 'Dari Excel'),
(43, 'XPG', 'Dari Excel'),
(44, 'Plustek', 'Dari Excel'),
(45, 'MIKROTIK', 'Dari Excel'),
(46, 'Masterindo', 'Dari Excel'),
(47, 'Netlink', 'Dari Excel'),
(48, 'Raspberry', 'Dari Excel'),
(49, 'Panda', 'Dari Excel'),
(50, 'AMP', 'Dari Excel'),
(51, 'Matsuka', 'Dari Excel'),
(52, 'Philips', 'Dari Excel'),
(53, 'Acer', 'Dari Excel'),
(54, 'D-Link', 'Dari Excel');

-- --------------------------------------------------------

--
-- Table structure for table `migrations`
--

CREATE TABLE `migrations` (
  `id` int UNSIGNED NOT NULL,
  `migration` varchar(255) CHARACTER SET utf8mb4 COLLATE utf8mb4_unicode_ci NOT NULL,
  `batch` int NOT NULL
) ENGINE=InnoDB DEFAULT CHARSET=utf8mb4 COLLATE=utf8mb4_unicode_ci;

--
-- Dumping data for table `migrations`
--

INSERT INTO `migrations` (`id`, `migration`, `batch`) VALUES
(1, '0001_01_01_000001_create_cache_table', 1),
(2, '0001_01_01_000002_create_jobs_table', 1),
(3, '2026_04_15_064709_create_personal_access_tokens_table', 1),
(4, '2026_04_16_015440_create_sessions_table', 2);

-- --------------------------------------------------------

--
-- Table structure for table `mutasi`
--

CREATE TABLE `mutasi` (
  `id_mutasi` int NOT NULL,
  `kode_inventaris` varchar(50) NOT NULL,
  `id_jurusan_asal` int DEFAULT NULL,
  `id_jurusan_tujuan` int NOT NULL,
  `tanggal_mutasi` date NOT NULL,
  `alasan_mutasi` text,
  `is_approved` tinyint(1) DEFAULT '0'
) ENGINE=InnoDB DEFAULT CHARSET=utf8mb4 COLLATE=utf8mb4_0900_ai_ci;

--
-- Dumping data for table `mutasi`
--

INSERT INTO `mutasi` (`id_mutasi`, `kode_inventaris`, `id_jurusan_asal`, `id_jurusan_tujuan`, `tanggal_mutasi`, `alasan_mutasi`, `is_approved`) VALUES
(5, 'ASET-DUMMY-3', 2, 6, '2026-06-10', 'Test', 0),
(6, 'ASET-DUMMY-3', 6, 4, '2026-06-13', 'test', 0),
(7, 'ASET-DUMMY-3', 4, 3, '2026-06-17', 'test', 0),
(8, 'ASET-DUMMY-3', 3, 4, '2026-06-24', 'test123', 0),
(9, 'ASET-DUMMY-3', 4, 6, '2026-06-24', 'Permintaan Barang', 0);

-- --------------------------------------------------------

--
-- Table structure for table `opname_aset`
--

CREATE TABLE `opname_aset` (
  `id_opname_aset` int NOT NULL,
  `kode_inventaris` varchar(50) NOT NULL,
  `tanggal_opname` date NOT NULL,
  `keterangan` text,
  `id_kondisi` int DEFAULT NULL
) ENGINE=InnoDB DEFAULT CHARSET=utf8mb4 COLLATE=utf8mb4_0900_ai_ci;

--
-- Dumping data for table `opname_aset`
--

INSERT INTO `opname_aset` (`id_opname_aset`, `kode_inventaris`, `tanggal_opname`, `keterangan`, `id_kondisi`) VALUES
(5, 'INV-1996-9-001-001', '2026-06-10', 'test', 4);

-- --------------------------------------------------------

--
-- Table structure for table `opname_stok`
--

CREATE TABLE `opname_stok` (
  `id_opname_stok` int NOT NULL,
  `id_master_barang` int NOT NULL,
  `tanggal_opname` date NOT NULL,
  `stok_sistem` int NOT NULL,
  `stok_fisik` int NOT NULL,
  `selisih` int NOT NULL,
  `keterangan` text,
  `id_pemeriksa` int NOT NULL
) ENGINE=InnoDB DEFAULT CHARSET=utf8mb4 COLLATE=utf8mb4_0900_ai_ci;

--
-- Dumping data for table `opname_stok`
--

INSERT INTO `opname_stok` (`id_opname_stok`, `id_master_barang`, `tanggal_opname`, `stok_sistem`, `stok_fisik`, `selisih`, `keterangan`, `id_pemeriksa`) VALUES
(1, 4, '2026-04-17', 10, 10, 0, 'Opname Stok Dummy 1', 4),
(2, 2, '2026-04-17', 10, 10, 0, 'Opname Stok Dummy 2', 1),
(3, 1, '2026-04-17', 10, 10, 0, 'Opname Stok Dummy 3', 3);

-- --------------------------------------------------------

--
-- Table structure for table `pemasok`
--

CREATE TABLE `pemasok` (
  `id_pemasok` int NOT NULL,
  `nama_pemasok` varchar(150) NOT NULL,
  `nomor_telepon` varchar(20) DEFAULT NULL,
  `alamat` text,
  `keterangan` text
) ENGINE=InnoDB DEFAULT CHARSET=utf8mb4 COLLATE=utf8mb4_0900_ai_ci;

--
-- Dumping data for table `pemasok`
--

INSERT INTO `pemasok` (`id_pemasok`, `nama_pemasok`, `nomor_telepon`, `alamat`, `keterangan`) VALUES
(1, 'Pemasok Dummy 1', '08123456781', 'Alamat Pemasok 1', 'Test'),
(2, 'Pemasok Dummy 2', '08123456782', 'Alamat Pemasok 2', NULL),
(3, 'Pemasok Dummy 3', '08123456783', 'Alamat Pemasok 3', NULL);

-- --------------------------------------------------------

--
-- Table structure for table `peminjaman`
--

CREATE TABLE `peminjaman` (
  `nomor_peminjaman` varchar(50) NOT NULL,
  `tanggal_pinjam` date NOT NULL,
  `nama_peminjam` varchar(150) NOT NULL,
  `nomor_telepon` varchar(20) DEFAULT NULL,
  `lama_pinjam_hari` int NOT NULL,
  `keterangan` text,
  `status_peminjaman` enum('Sedang Dipinjam','Dikembalikan') DEFAULT 'Sedang Dipinjam'
) ENGINE=InnoDB DEFAULT CHARSET=utf8mb4 COLLATE=utf8mb4_0900_ai_ci;

--
-- Dumping data for table `peminjaman`
--

INSERT INTO `peminjaman` (`nomor_peminjaman`, `tanggal_pinjam`, `nama_peminjam`, `nomor_telepon`, `lama_pinjam_hari`, `keterangan`, `status_peminjaman`) VALUES
('PJM-DUMMY-1', '2026-04-07', '4', '08988771', 14, 'Peminjaman Dummy 1', 'Dikembalikan'),
('PJM-DUMMY-2', '2026-04-07', '4', '08988772', 14, 'Peminjaman Dummy 2', 'Dikembalikan'),
('PJM-DUMMY-3', '2026-04-07', '3', '08988773', 14, 'Peminjaman Dummy 3', 'Dikembalikan'),
('PMJ-20260611-001', '2026-06-11', 'admin2', '12312313', 10, 'test', 'Dikembalikan'),
('PMJ-20260624-001', '2026-06-24', 'admin', '', 1, 'test', 'Sedang Dipinjam'),
('PMJ-20260624-002', '2026-06-24', 'admin2', '', 1, 'test', 'Sedang Dipinjam');

-- --------------------------------------------------------

--
-- Table structure for table `pengadaan`
--

CREATE TABLE `pengadaan` (
  `id_pengadaan` int NOT NULL,
  `tanggal_pengadaan` date NOT NULL,
  `id_tahun_ajaran` int DEFAULT NULL,
  `total_harga` decimal(15,2) DEFAULT '0.00',
  `keterangan` text,
  `kode_gudang` varchar(20) DEFAULT NULL,
  `id_sumber_perolehan` int DEFAULT NULL,
  `status` enum('Menunggu Proses','Sedang Dibelanjakan','Selesai Dibelanjakan') CHARACTER SET utf8mb4 COLLATE utf8mb4_0900_ai_ci DEFAULT 'Menunggu Proses'
) ENGINE=InnoDB DEFAULT CHARSET=utf8mb4 COLLATE=utf8mb4_0900_ai_ci;

--
-- Dumping data for table `pengadaan`
--

INSERT INTO `pengadaan` (`id_pengadaan`, `tanggal_pengadaan`, `id_tahun_ajaran`, `total_harga`, `keterangan`, `kode_gudang`, `id_sumber_perolehan`, `status`) VALUES
(1, '2026-04-17', NULL, 355478.00, 'Keterangan Dummy Pengadaan 1', 'GDG-001', 1, 'Selesai Dibelanjakan'),
(2, '2026-04-17', NULL, 498442.00, 'Keterangan Dummy Pengadaan 2', 'GDG-001', 1, 'Selesai Dibelanjakan'),
(3, '2026-04-17', NULL, 427970.00, 'Keterangan Dummy Pengadaan 3', 'GDG-001', 1, 'Selesai Dibelanjakan'),
(7, '2026-06-12', 2, 850000.00, 'test', 'GDG-001', 1, 'Sedang Dibelanjakan'),
(8, '2026-06-24', 2, 150000000.00, '', 'GDG-001', 1, 'Selesai Dibelanjakan');

-- --------------------------------------------------------

--
-- Table structure for table `pengadaan_habis_pakai`
--

CREATE TABLE `pengadaan_habis_pakai` (
  `id_pengadaan` int NOT NULL,
  `tanggal_pengadaan` date NOT NULL,
  `id_tahun_ajaran` int DEFAULT NULL,
  `total_harga` decimal(15,2) DEFAULT '0.00',
  `kode_gudang` varchar(20) DEFAULT NULL,
  `id_sumber_perolehan` int DEFAULT NULL,
  `status` enum('Menunggu Proses','Dibelanjakan','Selesai') DEFAULT 'Menunggu Proses',
  `keterangan` text
) ENGINE=InnoDB DEFAULT CHARSET=utf8mb4 COLLATE=utf8mb4_0900_ai_ci;

--
-- Dumping data for table `pengadaan_habis_pakai`
--

INSERT INTO `pengadaan_habis_pakai` (`id_pengadaan`, `tanggal_pengadaan`, `id_tahun_ajaran`, `total_harga`, `kode_gudang`, `id_sumber_perolehan`, `status`, `keterangan`) VALUES
(2, '2026-06-23', 2, 120000000.00, 'GDG-001', 1, 'Dibelanjakan', 'test'),
(3, '2026-06-24', 2, 100000000.00, 'GDG-001', 1, 'Dibelanjakan', 'test');

-- --------------------------------------------------------

--
-- Table structure for table `pengadaan_permintaan`
--

CREATE TABLE `pengadaan_permintaan` (
  `id_pengadaan` int NOT NULL,
  `kode_permintaan` varchar(50) NOT NULL
) ENGINE=InnoDB DEFAULT CHARSET=utf8mb4 COLLATE=utf8mb4_0900_ai_ci;

--
-- Dumping data for table `pengadaan_permintaan`
--

INSERT INTO `pengadaan_permintaan` (`id_pengadaan`, `kode_permintaan`) VALUES
(7, 'PRM-2026-001'),
(8, 'PRM-2026-003'),
(1, 'PRM-DUMMY-1'),
(2, 'PRM-DUMMY-2'),
(3, 'PRM-DUMMY-3');

-- --------------------------------------------------------

--
-- Table structure for table `pengadaan_permintaan_hp`
--

CREATE TABLE `pengadaan_permintaan_hp` (
  `id_pengadaan_hp` int NOT NULL,
  `kode_permintaan_hp` varchar(50) NOT NULL
) ENGINE=InnoDB DEFAULT CHARSET=utf8mb4 COLLATE=utf8mb4_0900_ai_ci;

--
-- Dumping data for table `pengadaan_permintaan_hp`
--

INSERT INTO `pengadaan_permintaan_hp` (`id_pengadaan_hp`, `kode_permintaan_hp`) VALUES
(2, 'PRH-2026-001'),
(3, 'PRH-2026-002');

-- --------------------------------------------------------

--
-- Table structure for table `pengaturan`
--

CREATE TABLE `pengaturan` (
  `id_pengaturan` int NOT NULL,
  `nama_instansi` varchar(150) NOT NULL,
  `alamat_instansi` text,
  `logo_instansi` varchar(255) DEFAULT NULL,
  `wallpaper_aplikasi` varchar(255) DEFAULT NULL,
  `telpon` int DEFAULT NULL,
  `website` varchar(100) DEFAULT NULL,
  `email` varchar(100) DEFAULT NULL,
  `kota` varchar(100) DEFAULT NULL,
  `kepala_sekolah` varchar(100) DEFAULT NULL,
  `NIP` varchar(25) DEFAULT NULL,
  `bagian_inventaris` varchar(100) DEFAULT NULL,
  `paket_golongan` varchar(100) DEFAULT NULL,
  `kustom_prefix` varchar(10) DEFAULT 'INV'
) ENGINE=InnoDB DEFAULT CHARSET=utf8mb4 COLLATE=utf8mb4_0900_ai_ci;

--
-- Dumping data for table `pengaturan`
--

INSERT INTO `pengaturan` (`id_pengaturan`, `nama_instansi`, `alamat_instansi`, `logo_instansi`, `wallpaper_aplikasi`, `telpon`, `website`, `email`, `kota`, `kepala_sekolah`, `NIP`, `bagian_inventaris`, `paket_golongan`, `kustom_prefix`) VALUES
(1, 'SMKN 1 Bangil', 'Jl. Tongkol No. 3', 'smkn1bangil-logo.png', 'default_wallpaper.jpg', 1234567, 'https://smkn1bangil.sch.id/', 'smknesaba@yahoo.com', 'Pasuruan', 'A SYAMSUL HADI, S.Pd, M.Si.', '197104061998021003', 'Nama Bagian Inventaris', NULL, 'INV'),
(2, 'Instansi Dummy 1', NULL, NULL, NULL, NULL, NULL, NULL, NULL, NULL, NULL, NULL, NULL, 'INV'),
(3, 'Instansi Dummy 2', NULL, NULL, NULL, NULL, NULL, NULL, NULL, NULL, NULL, NULL, NULL, 'INV'),
(4, 'Instansi Dummy 3', NULL, NULL, NULL, NULL, NULL, NULL, NULL, NULL, NULL, NULL, NULL, 'INV'),
(5, 'SMK Negeri 1 Contoh Updated', NULL, NULL, NULL, NULL, NULL, NULL, 'Jakarta', NULL, NULL, NULL, NULL, 'INV');

-- --------------------------------------------------------

--
-- Table structure for table `pengembalian`
--

CREATE TABLE `pengembalian` (
  `id_pengembalian` int NOT NULL,
  `nomor_peminjaman` varchar(50) NOT NULL,
  `tanggal_kembali` date NOT NULL
) ENGINE=InnoDB DEFAULT CHARSET=utf8mb4 COLLATE=utf8mb4_0900_ai_ci;

--
-- Dumping data for table `pengembalian`
--

INSERT INTO `pengembalian` (`id_pengembalian`, `nomor_peminjaman`, `tanggal_kembali`) VALUES
(1, 'PJM-DUMMY-1', '2026-04-17'),
(2, 'PJM-DUMMY-2', '2026-04-17'),
(3, 'PJM-DUMMY-3', '2026-04-17'),
(4, 'PMJ-20260611-001', '2026-06-11');

-- --------------------------------------------------------

--
-- Table structure for table `pengguna`
--

CREATE TABLE `pengguna` (
  `id_pengguna` int NOT NULL,
  `username` varchar(100) CHARACTER SET utf8mb4 COLLATE utf8mb4_0900_ai_ci NOT NULL,
  `full_name` varchar(150) CHARACTER SET utf8mb4 COLLATE utf8mb4_0900_ai_ci NOT NULL,
  `password` varchar(255) CHARACTER SET utf8mb4 COLLATE utf8mb4_0900_ai_ci NOT NULL,
  `id_peran` int NOT NULL,
  `id_kelas` int DEFAULT NULL,
  `id_mapel` int DEFAULT NULL,
  `id_jurusan` int DEFAULT NULL
) ENGINE=InnoDB DEFAULT CHARSET=utf8mb4 COLLATE=utf8mb4_0900_ai_ci;

--
-- Dumping data for table `pengguna`
--

INSERT INTO `pengguna` (`id_pengguna`, `username`, `full_name`, `password`, `id_peran`, `id_kelas`, `id_mapel`, `id_jurusan`) VALUES
(1, 'admin', 'Sahrul Ramadhan', '$2y$12$9nCKqOXUH1aZHiNgO/2juegf5G.yOOr9u3Aot/mMzBVDJiPGB9Y7K', 1, NULL, NULL, 1),
(2, 'user_murid', 'Fadhil Wijaksono', '$2y$12$9nCKqOXUH1aZHiNgO/2juegf5G.yOOr9u3Aot/mMzBVDJiPGB9Y7K', 4, 3, NULL, 2),
(3, 'user_guru', 'Shakti Yudistira', '$2y$12$9nCKqOXUH1aZHiNgO/2juegf5G.yOOr9u3Aot/mMzBVDJiPGB9Y7K', 3, NULL, 2, 3),
(4, 'admin2', 'Ibnu Ubaidillah', '$2y$12$9nCKqOXUH1aZHiNgO/2juegf5G.yOOr9u3Aot/mMzBVDJiPGB9Y7K', 1, 1, 3, 4),
(5, 'user_tatausaha', 'Azzam', '$2y$12$9nCKqOXUH1aZHiNgO/2juegf5G.yOOr9u3Aot/mMzBVDJiPGB9Y7K', 2, NULL, NULL, 1),
(6, 'user_kepala_bengkel', 'Budi Santoso', '$2y$12$9nCKqOXUH1aZHiNgO/2juegf5G.yOOr9u3Aot/mMzBVDJiPGB9Y7K', 5, NULL, NULL, 1),
(7, 'user_masjid', 'Siti Aminah', '$2y$12$9nCKqOXUH1aZHiNgO/2juegf5G.yOOr9u3Aot/mMzBVDJiPGB9Y7K', 6, NULL, NULL, 2),
(8, 'user_perpustakaan', 'Andi Darmawan', '$2y$12$9nCKqOXUH1aZHiNgO/2juegf5G.yOOr9u3Aot/mMzBVDJiPGB9Y7K', 7, NULL, NULL, 3),
(9, 'user_bendahara_barang', 'Rina Melati', '$2y$12$9nCKqOXUH1aZHiNgO/2juegf5G.yOOr9u3Aot/mMzBVDJiPGB9Y7K', 8, NULL, NULL, 4),
(10, 'user_server', 'Agung Setiawan', '$2y$12$9nCKqOXUH1aZHiNgO/2juegf5G.yOOr9u3Aot/mMzBVDJiPGB9Y7K', 9, NULL, NULL, 5),
(11, 'user_kepala_sekolah', 'Sri Wahyuni', '$2y$12$9nCKqOXUH1aZHiNgO/2juegf5G.yOOr9u3Aot/mMzBVDJiPGB9Y7K', 10, NULL, NULL, 6),
(12, 'user_lsp', 'Hendro Siswanto', '$2y$12$9nCKqOXUH1aZHiNgO/2juegf5G.yOOr9u3Aot/mMzBVDJiPGB9Y7K', 11, NULL, NULL, 7),
(13, 'user_keuangan', 'Maya Sari', '$2y$12$9nCKqOXUH1aZHiNgO/2juegf5G.yOOr9u3Aot/mMzBVDJiPGB9Y7K', 12, NULL, NULL, 8),
(14, 'user_wk1', 'Bagus Prabowo', '$2y$12$9nCKqOXUH1aZHiNgO/2juegf5G.yOOr9u3Aot/mMzBVDJiPGB9Y7K', 13, NULL, NULL, 9),
(15, 'user_wk2', 'Ratna Galih', '$2y$12$9nCKqOXUH1aZHiNgO/2juegf5G.yOOr9u3Aot/mMzBVDJiPGB9Y7K', 14, NULL, NULL, 1),
(16, 'user_wk3', 'Dedi Mulyadi', '$2y$12$9nCKqOXUH1aZHiNgO/2juegf5G.yOOr9u3Aot/mMzBVDJiPGB9Y7K', 15, NULL, NULL, 2),
(17, 'user_wk4', 'Fitriani', '$2y$12$9nCKqOXUH1aZHiNgO/2juegf5G.yOOr9u3Aot/mMzBVDJiPGB9Y7K', 16, NULL, NULL, 3),
(18, 'user_gudang', 'Wahyu Hidayat', '$2y$12$9nCKqOXUH1aZHiNgO/2juegf5G.yOOr9u3Aot/mMzBVDJiPGB9Y7K', 17, NULL, NULL, 4);

-- --------------------------------------------------------

--
-- Table structure for table `penghapusan_aset`
--

CREATE TABLE `penghapusan_aset` (
  `id_penghapusan` int NOT NULL,
  `kode_barang` int NOT NULL,
  `tanggal_hapus` date NOT NULL,
  `alasan_hapus` text NOT NULL,
  `id_penyetuju` int NOT NULL
) ENGINE=InnoDB DEFAULT CHARSET=utf8mb4 COLLATE=utf8mb4_0900_ai_ci;

--
-- Dumping data for table `penghapusan_aset`
--

INSERT INTO `penghapusan_aset` (`id_penghapusan`, `kode_barang`, `tanggal_hapus`, `alasan_hapus`, `id_penyetuju`) VALUES
(1, 1, '2026-04-17', 'Penghapusan Dummy 1', 1),
(2, 2, '2026-04-17', 'Penghapusan Dummy 2', 1),
(3, 2, '2026-04-17', 'Penghapusan Dummy 3', 1);

-- --------------------------------------------------------

--
-- Table structure for table `peran`
--

CREATE TABLE `peran` (
  `id_peran` int NOT NULL,
  `nama_peran` varchar(50) NOT NULL
) ENGINE=InnoDB DEFAULT CHARSET=utf8mb4 COLLATE=utf8mb4_0900_ai_ci;

--
-- Dumping data for table `peran`
--

INSERT INTO `peran` (`id_peran`, `nama_peran`) VALUES
(1, 'admin'),
(2, 'Tata Usaha'),
(3, 'Guru'),
(4, 'Murid'),
(5, 'Kepala Bengkel'),
(6, 'Masjid'),
(7, 'Perpustakaan'),
(8, 'Bendahara Barang'),
(9, 'Server'),
(10, 'Kepala Sekolah'),
(11, 'LSP'),
(12, 'Keuangan'),
(13, 'WK1'),
(14, 'WK2'),
(15, 'WK3'),
(16, 'WK4'),
(17, 'Gudang');

-- --------------------------------------------------------

--
-- Table structure for table `peran_akses`
--

CREATE TABLE `peran_akses` (
  `id_peran_akses` int NOT NULL,
  `id_peran` int NOT NULL,
  `id_akses` int NOT NULL,
  `hak_buat` tinyint(1) DEFAULT '0',
  `hak_baca` tinyint(1) DEFAULT '0',
  `hak_ubah` tinyint(1) DEFAULT '0',
  `hak_hapus` tinyint(1) DEFAULT '0'
) ENGINE=InnoDB DEFAULT CHARSET=utf8mb4 COLLATE=utf8mb4_0900_ai_ci;

--
-- Dumping data for table `peran_akses`
--

INSERT INTO `peran_akses` (`id_peran_akses`, `id_peran`, `id_akses`, `hak_buat`, `hak_baca`, `hak_ubah`, `hak_hapus`) VALUES
(72, 1, 8, 1, 1, 1, 1),
(73, 1, 9, 1, 1, 1, 1),
(74, 1, 10, 1, 1, 1, 1),
(75, 1, 11, 1, 1, 1, 1),
(76, 1, 12, 1, 1, 1, 1),
(77, 1, 13, 1, 1, 1, 1),
(78, 1, 14, 1, 1, 1, 1),
(79, 1, 15, 1, 1, 1, 1),
(80, 1, 16, 1, 1, 1, 1),
(81, 1, 17, 1, 1, 1, 1),
(82, 1, 18, 1, 1, 1, 1),
(83, 1, 19, 1, 1, 1, 1),
(84, 1, 20, 1, 1, 1, 1),
(85, 1, 21, 1, 1, 1, 1),
(86, 1, 22, 1, 1, 1, 1),
(87, 1, 23, 1, 1, 1, 1),
(88, 1, 24, 1, 1, 1, 1),
(89, 1, 25, 1, 1, 1, 1),
(90, 1, 26, 1, 1, 1, 1),
(91, 1, 27, 1, 1, 1, 1),
(92, 1, 28, 1, 1, 1, 1),
(93, 1, 29, 1, 1, 1, 1),
(94, 1, 30, 1, 1, 1, 1),
(95, 1, 1, 1, 1, 1, 1),
(96, 1, 2, 1, 1, 1, 1),
(97, 1, 3, 1, 1, 1, 1),
(98, 1, 4, 1, 1, 1, 1),
(99, 1, 5, 1, 1, 1, 1),
(100, 1, 6, 1, 1, 1, 1),
(101, 1, 7, 1, 1, 1, 1),
(102, 1, 50, 1, 1, 1, 1),
(103, 1, 51, 1, 1, 1, 1),
(104, 1, 52, 1, 1, 1, 1),
(105, 1, 53, 1, 1, 1, 1),
(106, 1, 54, 1, 1, 1, 1),
(107, 1, 55, 1, 1, 1, 1),
(108, 1, 56, 1, 1, 1, 1),
(109, 1, 57, 1, 1, 1, 1),
(110, 1, 58, 1, 1, 1, 1),
(111, 1, 59, 1, 1, 1, 1),
(112, 1, 60, 1, 1, 1, 1);

-- --------------------------------------------------------

--
-- Table structure for table `perbaikan`
--

CREATE TABLE `perbaikan` (
  `id_perbaikan` int NOT NULL,
  `id_kerusakan` int NOT NULL,
  `tanggal_perbaikan` date NOT NULL,
  `teknisi` varchar(150) DEFAULT NULL,
  `biaya_perbaikan` decimal(15,2) DEFAULT '0.00',
  `tindakan_perbaikan` text NOT NULL
) ENGINE=InnoDB DEFAULT CHARSET=utf8mb4 COLLATE=utf8mb4_0900_ai_ci;

--
-- Dumping data for table `perbaikan`
--

INSERT INTO `perbaikan` (`id_perbaikan`, `id_kerusakan`, `tanggal_perbaikan`, `teknisi`, `biaya_perbaikan`, `tindakan_perbaikan`) VALUES
(1, 1, '2026-04-17', 'Teknisi Dummy 1', 79863.00, 'Tindakan Dummy 1'),
(2, 2, '2026-04-17', 'Teknisi Dummy 2', 147573.00, 'Tindakan Dummy 2'),
(3, 3, '2026-04-17', 'Teknisi Dummy 3', 147241.00, 'Tindakan Dummy 3'),
(4, 4, '2026-04-17', 'CV Teknik Jaya', 500000.00, 'Ganti layar LCD');

-- --------------------------------------------------------

--
-- Table structure for table `permintaan`
--

CREATE TABLE `permintaan` (
  `kode_permintaan` varchar(50) NOT NULL,
  `id_pengguna` int DEFAULT NULL,
  `id_jurusan` int DEFAULT NULL,
  `tanggal_permintaan` date NOT NULL,
  `id_tahun_ajaran` int DEFAULT NULL,
  `keterangan_keperluan` text NOT NULL,
  `status_persetujuan` enum('Menunggu','Disetujui','Ditolak') DEFAULT 'Menunggu',
  `tanggal_persetujuan` date DEFAULT NULL,
  `id_penyetuju` int DEFAULT NULL,
  `alasan_disetujui` text
) ENGINE=InnoDB DEFAULT CHARSET=utf8mb4 COLLATE=utf8mb4_0900_ai_ci;

--
-- Dumping data for table `permintaan`
--

INSERT INTO `permintaan` (`kode_permintaan`, `id_pengguna`, `id_jurusan`, `tanggal_permintaan`, `id_tahun_ajaran`, `keterangan_keperluan`, `status_persetujuan`, `tanggal_persetujuan`, `id_penyetuju`, `alasan_disetujui`) VALUES
('PRM-2026-001', 4, 4, '2026-06-10', 1, 'Test123', 'Disetujui', '2026-06-10', 4, 'Test2'),
('PRM-2026-002', 4, 4, '2026-06-15', 2, 'test', 'Ditolak', '2026-06-24', 4, NULL),
('PRM-2026-003', 4, 4, '2026-06-24', 2, 'test', 'Disetujui', '2026-06-24', 4, 'Sesuai'),
('PRM-2026-004', 4, 4, '2026-06-24', 2, 'test', 'Disetujui', '2026-06-24', 4, 'test'),
('PRM-2026-005', 4, 4, '2026-06-25', 2, 'test', 'Disetujui', '2026-06-25', 4, 'test'),
('PRM-DUMMY-1', 5, 2, '2026-04-16', 1, 'Keperluan Dummy 1', 'Disetujui', '2026-05-06', 1, 'kebutuhan belajar'),
('PRM-DUMMY-2', 2, 1, '2026-04-11', 1, 'Keperluan Dummy 2', 'Disetujui', NULL, 1, NULL),
('PRM-DUMMY-3', 3, 4, '2026-04-13', 2, 'Keperluan Dummy 3', 'Ditolak', '2026-06-12', 4, NULL);

-- --------------------------------------------------------

--
-- Table structure for table `permintaan_hp`
--

CREATE TABLE `permintaan_hp` (
  `kode_permintaan_hp` varchar(50) NOT NULL,
  `id_pengguna` int DEFAULT NULL,
  `id_jurusan` int DEFAULT NULL,
  `tanggal_permintaan` date NOT NULL,
  `id_tahun_ajaran` int DEFAULT NULL,
  `keterangan_keperluan` text NOT NULL,
  `status_persetujuan` enum('Menunggu','Disetujui','Ditolak') DEFAULT 'Menunggu',
  `tanggal_persetujuan` date DEFAULT NULL,
  `id_penyetuju` int DEFAULT NULL,
  `alasan_disetujui` text
) ENGINE=InnoDB DEFAULT CHARSET=utf8mb4 COLLATE=utf8mb4_0900_ai_ci;

--
-- Dumping data for table `permintaan_hp`
--

INSERT INTO `permintaan_hp` (`kode_permintaan_hp`, `id_pengguna`, `id_jurusan`, `tanggal_permintaan`, `id_tahun_ajaran`, `keterangan_keperluan`, `status_persetujuan`, `tanggal_persetujuan`, `id_penyetuju`, `alasan_disetujui`) VALUES
('PRH-2026-001', 4, 4, '2026-06-22', 2, 'test', 'Disetujui', '2026-06-23', 4, 'TEST'),
('PRH-2026-002', 4, 4, '2026-06-24', 2, 'test', 'Disetujui', '2026-06-24', 4, 'test\r\n');

-- --------------------------------------------------------

--
-- Table structure for table `personal_access_tokens`
--

CREATE TABLE `personal_access_tokens` (
  `id` bigint UNSIGNED NOT NULL,
  `tokenable_type` varchar(255) CHARACTER SET utf8mb4 COLLATE utf8mb4_unicode_ci NOT NULL,
  `tokenable_id` bigint UNSIGNED NOT NULL,
  `name` text CHARACTER SET utf8mb4 COLLATE utf8mb4_unicode_ci NOT NULL,
  `token` varchar(64) CHARACTER SET utf8mb4 COLLATE utf8mb4_unicode_ci NOT NULL,
  `abilities` text CHARACTER SET utf8mb4 COLLATE utf8mb4_unicode_ci,
  `last_used_at` timestamp NULL DEFAULT NULL,
  `expires_at` timestamp NULL DEFAULT NULL,
  `created_at` timestamp NULL DEFAULT NULL,
  `updated_at` timestamp NULL DEFAULT NULL
) ENGINE=InnoDB DEFAULT CHARSET=utf8mb4 COLLATE=utf8mb4_unicode_ci;

--
-- Dumping data for table `personal_access_tokens`
--

INSERT INTO `personal_access_tokens` (`id`, `tokenable_type`, `tokenable_id`, `name`, `token`, `abilities`, `last_used_at`, `expires_at`, `created_at`, `updated_at`) VALUES
(1, 'App\\Models\\Pengguna', 1, 'auth_token', '594c0e5579aa43424ba00f6f81cb57b2b95286ff8027ba0502c60d25e725a718', '[\"*\"]', NULL, NULL, '2026-04-15 19:33:20', '2026-04-15 19:33:20'),
(2, 'App\\Models\\Pengguna', 1, 'auth_token', 'f7be14c8661360014b501819d4089c7e05f369ac3afeb202b3f92c2710ea0d28', '[\"*\"]', NULL, NULL, '2026-04-15 19:44:22', '2026-04-15 19:44:22'),
(3, 'App\\Models\\Pengguna', 1, 'auth_token', '9de343e3f893b17ddf4d18f5386ec75f93bed08a1e3b5b1828b9c7fd7dbf1683', '[\"*\"]', '2026-04-15 20:02:09', NULL, '2026-04-15 19:58:40', '2026-04-15 20:02:09'),
(4, 'App\\Models\\Pengguna', 1, 'auth_token', 'f9d2b5931c011d4f3dd49ba3c6d9c1ab40a74e10ecf7024205e81b33504a6da0', '[\"*\"]', '2026-04-15 23:51:50', NULL, '2026-04-15 23:44:52', '2026-04-15 23:51:50'),
(5, 'App\\Models\\Pengguna', 1, 'auth_token', '156e6f1c27225e8ca2c98baa2daa97fc71e7e2475a0b4fce3ec822c39db74536', '[\"*\"]', '2026-04-16 00:33:58', NULL, '2026-04-16 00:11:47', '2026-04-16 00:33:58'),
(6, 'App\\Models\\Pengguna', 1, 'auth_token', '47cdd5f5466a0a07c17b630e29a70d50741b13edbf20bed90b3e221843563930', '[\"*\"]', NULL, NULL, '2026-04-16 00:28:42', '2026-04-16 00:28:42'),
(7, 'App\\Models\\Pengguna', 1, 'auth_token', 'ca7d9a38474742900005a22f2efc236de1515a8cfb5a36b97f7be247dad8f47b', '[\"*\"]', NULL, NULL, '2026-04-16 00:31:59', '2026-04-16 00:31:59'),
(8, 'App\\Models\\Pengguna', 1, 'auth_token', '42325189a2cbe761df497d5688ee216512cd0bc366d7b9ee5f9ff44f4c5b782e', '[\"*\"]', '2026-04-16 00:42:40', NULL, '2026-04-16 00:34:38', '2026-04-16 00:42:40'),
(9, 'App\\Models\\Pengguna', 1, 'auth_token', 'c192c464a12cf0f721f1ca324d0d2719ab23c1e7f5f507d341fa64cbc6554ff0', '[\"*\"]', '2026-04-16 09:13:00', NULL, '2026-04-16 09:11:00', '2026-04-16 09:13:00'),
(10, 'App\\Models\\Pengguna', 1, 'auth_token', '554abb5696ccf4ecf248a5810b89390bffb723643e5f436569e9a8d53cb44efd', '[\"*\"]', '2026-04-16 20:55:02', NULL, '2026-04-16 20:48:56', '2026-04-16 20:55:02'),
(11, 'App\\Models\\Pengguna', 1, 'auth_token', '24db8714ed3a5d17586243cb0b6084e112585b880bb69caf591bb7eae97f0541', '[\"*\"]', '2026-04-16 22:36:15', NULL, '2026-04-16 21:09:22', '2026-04-16 22:36:15'),
(12, 'App\\Models\\Pengguna', 1, 'auth_token', '1c30045f29ae0b99f0a4c869766655cfab47d76892b2f36851c393d6973ad6fd', '[\"*\"]', '2026-04-17 07:35:37', NULL, '2026-04-17 07:22:44', '2026-04-17 07:35:37'),
(13, 'App\\Models\\Pengguna', 1, 'auth_token', '4046f65d617ccadfbb65a66ab8af4cf814d2b0c053b33e94c162a0f60035bfe5', '[\"*\"]', '2026-04-19 07:19:19', NULL, '2026-04-19 06:58:28', '2026-04-19 07:19:19'),
(14, 'App\\Models\\Pengguna', 1, 'auth_token', 'ea1e9ae0696e13c7771e3e9947b4b52a3f667d2d8d6aa9ad4a3bfe3545ad8b19', '[\"*\"]', '2026-04-19 08:01:30', NULL, '2026-04-19 08:01:21', '2026-04-19 08:01:30'),
(15, 'App\\Models\\Pengguna', 1, 'auth_token', '5365011b1ff44f9cc5f90d80710edaa6397ce3136ed03757d004cd6281f86a21', '[\"*\"]', NULL, NULL, '2026-04-19 08:19:42', '2026-04-19 08:19:42'),
(16, 'App\\Models\\Pengguna', 1, 'auth_token', 'c5f72d551df4c04c723835e9f028883b5efe9b5c15950643d0377e738da02004', '[\"*\"]', NULL, NULL, '2026-04-19 19:07:03', '2026-04-19 19:07:03'),
(17, 'App\\Models\\Pengguna', 1, 'auth_token', 'f4bc1df587423afd6add51eb12214d786732f4d46f056932487bff86a50fa256', '[\"*\"]', NULL, NULL, '2026-04-19 19:07:56', '2026-04-19 19:07:56'),
(18, 'App\\Models\\Pengguna', 1, 'auth_token', '911ceb54cc159c807c89e536d620eebdca9494c839465030f58f444c8baa824f', '[\"*\"]', NULL, NULL, '2026-04-19 19:08:05', '2026-04-19 19:08:05'),
(19, 'App\\Models\\Pengguna', 1, 'auth_token', '95fadd18ae066c53265255c5df8f6f5602b8d2e7ba4b23faa0d993c4d8d50783', '[\"*\"]', NULL, NULL, '2026-04-19 19:09:55', '2026-04-19 19:09:55'),
(20, 'App\\Models\\Pengguna', 1, 'auth_token', '21105da6cb72d20da4f18189b71f1754aa4fcecb9614a37f8366c1418f3aa540', '[\"*\"]', NULL, NULL, '2026-04-19 19:10:02', '2026-04-19 19:10:02'),
(21, 'App\\Models\\Pengguna', 1, 'auth_token', '4166f2380fe04a665e6c63298278c8c67621576b42e3ef927b394035d1db0de2', '[\"*\"]', NULL, NULL, '2026-04-19 19:10:10', '2026-04-19 19:10:10'),
(22, 'App\\Models\\Pengguna', 1, 'auth_token', '6c059445cc53adc112810d093316b845974de6ae00336d0c1bf8bbef4bebfdee', '[\"*\"]', '2026-04-19 19:16:34', NULL, '2026-04-19 19:13:15', '2026-04-19 19:16:34'),
(23, 'App\\Models\\Pengguna', 1, 'auth_token', 'e287ff33edde49ff118eae069d41e798b44e9241f94d54a561bac8748046666c', '[\"*\"]', NULL, NULL, '2026-04-19 19:17:05', '2026-04-19 19:17:05'),
(24, 'App\\Models\\Pengguna', 1, 'auth_token', '3831029fa144ad3902aa50e9633900c33c75c99d39d5fcf2e349c16599db1733', '[\"*\"]', NULL, NULL, '2026-04-19 19:17:53', '2026-04-19 19:17:53'),
(25, 'App\\Models\\Pengguna', 1, 'auth_token', '8181c25d6fc617bc664584280ed3227dfcdce061991b513f8b183deb34405189', '[\"*\"]', NULL, NULL, '2026-04-19 19:25:45', '2026-04-19 19:25:45'),
(27, 'App\\Models\\Pengguna', 1, 'auth_token', 'b831510aeaa68b6b03a3e80763accd53e38d7d483dacc7fed4593c588a3523fd', '[\"*\"]', '2026-04-19 19:27:41', NULL, '2026-04-19 19:27:30', '2026-04-19 19:27:41'),
(28, 'App\\Models\\Pengguna', 1, 'auth_token', '8e461a865576ccdeb56b973b33df4f5dc16683bd36cd31e111fb3435993fb2e5', '[\"*\"]', NULL, NULL, '2026-04-19 19:28:11', '2026-04-19 19:28:11'),
(31, 'App\\Models\\Pengguna', 1, 'auth_token', 'cedeeb2ce67f8483121fb584c693652e229615ee40e3501723ad5ebcd5d7a4d7', '[\"*\"]', '2026-04-19 20:53:32', NULL, '2026-04-19 19:44:39', '2026-04-19 20:53:32'),
(33, 'App\\Models\\Pengguna', 1, 'auth_token', '717aa706636e1bb8133ebec016c967a21e0d327fc4f0bdceb3ea98910ab9c7dd', '[\"*\"]', NULL, NULL, '2026-04-19 20:11:35', '2026-04-19 20:11:35'),
(34, 'App\\Models\\Pengguna', 1, 'auth_token', 'e7763ef3cc1eb1a76574cd4518d875789bfb12568e23506fcebf10917f25ca4c', '[\"*\"]', NULL, NULL, '2026-04-19 20:23:55', '2026-04-19 20:23:55'),
(36, 'App\\Models\\Pengguna', 1, 'auth_token', '00e0e8e182fff487b5c77b2b135454028a09dbc263aa4db47af7a0004423dccd', '[\"*\"]', NULL, NULL, '2026-04-19 20:27:12', '2026-04-19 20:27:12'),
(37, 'App\\Models\\Pengguna', 1, 'auth_token', '190100ca52b1cb130458a3a9ba96de3537a8bb3c49188d7e629f9f27ecf0bba1', '[\"*\"]', '2026-04-19 20:33:36', NULL, '2026-04-19 20:31:10', '2026-04-19 20:33:36'),
(38, 'App\\Models\\Pengguna', 2, 'auth_token', '61b81fb1025569917a17c12cabb4d720730d42d02a9e7fc5c2a7fab359dea57a', '[\"*\"]', NULL, NULL, '2026-04-19 20:45:09', '2026-04-19 20:45:09'),
(39, 'App\\Models\\Pengguna', 4, 'auth_token', '55b94db5eb15cfac02a9b5e03ada944493715f4caa79447398dc77dbba6369fc', '[\"*\"]', '2026-04-19 20:56:02', NULL, '2026-04-19 20:55:46', '2026-04-19 20:56:02'),
(40, 'App\\Models\\Pengguna', 4, 'auth_token', '69c9be3b677fdd8889bf224b196fbcaebe663a5f8eddcba22c2f8387a9251e46', '[\"*\"]', NULL, NULL, '2026-04-19 20:56:32', '2026-04-19 20:56:32'),
(43, 'App\\Models\\Pengguna', 4, 'auth_token', '1be262e13fd8dd438a2542923fbed8dcfc95e6f4b950a08f61426216bf9f033c', '[\"*\"]', '2026-04-20 08:46:30', NULL, '2026-04-20 08:46:15', '2026-04-20 08:46:30'),
(44, 'App\\Models\\Pengguna', 4, 'auth_token', '0374676596733970ad34e3004a3bc1c3e23c55b508f2e3838808b3ac5c2717f2', '[\"*\"]', '2026-04-21 09:41:53', NULL, '2026-04-21 08:24:41', '2026-04-21 09:41:53'),
(45, 'App\\Models\\Pengguna', 4, 'auth_token', 'e34251da385037387cf55a04ac92a08d91937133a4c591f7baf1e4d20cfdfae7', '[\"*\"]', '2026-04-21 18:58:37', NULL, '2026-04-21 17:22:23', '2026-04-21 18:58:37'),
(46, 'App\\Models\\Pengguna', 4, 'auth_token', '6a29eaf27f2cd530e7ce1f56fbd6f64db606dc9e961902e4d403fd46973afb66', '[\"*\"]', '2026-04-21 20:56:30', NULL, '2026-04-21 20:54:25', '2026-04-21 20:56:30'),
(47, 'App\\Models\\Pengguna', 4, 'auth_token', 'cf693ff46ed65b7678fe69d1a7ce99d99fecda8eddf36e5f6542ae92b49bdc5c', '[\"*\"]', '2026-04-22 08:08:47', NULL, '2026-04-22 07:59:26', '2026-04-22 08:08:47'),
(48, 'App\\Models\\Pengguna', 4, 'auth_token', '1faf26e04cf33f8f06fc7bc2c96c1dc560a6044e3ce1d9868b1e1bab5d97de4b', '[\"*\"]', '2026-04-25 18:16:19', NULL, '2026-04-22 08:09:58', '2026-04-25 18:16:19'),
(49, 'App\\Models\\Pengguna', 4, 'auth_token', '0080b2c7b072e58950866cb7fe5f4c30c52e731b6d93949a345e73e8b98ec7b1', '[\"*\"]', '2026-04-22 18:28:49', NULL, '2026-04-22 18:01:37', '2026-04-22 18:28:49'),
(50, 'App\\Models\\Pengguna', 4, 'auth_token', '46743be10579a4fd5fb883083ed14478cbd0a30b1948202224a6918eae404c21', '[\"*\"]', '2026-04-25 18:33:48', NULL, '2026-04-25 18:16:23', '2026-04-25 18:33:48'),
(51, 'App\\Models\\Pengguna', 4, 'auth_token', 'dcab1788603a0b309a86d55fad53cdfec16e2c6fd8cafbb7b2a8a97065eea60e', '[\"*\"]', '2026-04-26 09:30:42', NULL, '2026-04-26 09:05:30', '2026-04-26 09:30:42'),
(52, 'App\\Models\\Pengguna', 4, 'auth_token', '8bd255b3694b080391eecf8131f48e9d41779fec352936cc505709802a61e9b3', '[\"*\"]', '2026-04-27 02:30:10', NULL, '2026-04-27 02:12:50', '2026-04-27 02:30:10'),
(53, 'App\\Models\\Pengguna', 4, 'auth_token', 'baaaffb80f58919888679a256b1ff4ef2231f2cad06439a9dccefbecddde54f2', '[\"*\"]', '2026-04-27 06:20:54', NULL, '2026-04-27 06:20:26', '2026-04-27 06:20:54'),
(54, 'App\\Models\\Pengguna', 4, 'auth_token', '31b6b51878f809b4ef719579ea9f37038d6159a1b6b59f3118d9952bc988d804', '[\"*\"]', '2026-04-27 06:30:38', NULL, '2026-04-27 06:30:33', '2026-04-27 06:30:38'),
(55, 'App\\Models\\Pengguna', 4, 'auth_token', 'fb23813d1d8a46392d1be0070fe0d61b0768cd760377fbc90b09b257fee9387b', '[\"*\"]', '2026-04-27 06:49:11', NULL, '2026-04-27 06:46:23', '2026-04-27 06:49:11'),
(56, 'App\\Models\\Pengguna', 4, 'auth_token', '8c311051e609ed445af0582780f36388867d6e803534d2bb626710d0e089b6a5', '[\"*\"]', '2026-04-27 06:54:43', NULL, '2026-04-27 06:54:38', '2026-04-27 06:54:43'),
(57, 'App\\Models\\Pengguna', 4, 'auth_token', '071af28706687b297a42faca18dda84f0cba1e554e7692a64531d406237ba812', '[\"*\"]', '2026-04-27 07:02:13', NULL, '2026-04-27 06:59:08', '2026-04-27 07:02:13'),
(58, 'App\\Models\\Pengguna', 4, 'auth_token', '2ae95d4fd4be16f46222db6515a5dfa96c8f8fafdcfd04f7ec72c8e00aacf723', '[\"*\"]', '2026-05-10 20:27:02', NULL, '2026-05-10 20:06:03', '2026-05-10 20:27:02'),
(59, 'App\\Models\\Pengguna', 4, 'auth_token', '49b00c6851d8de37d6e398568ad79504a2ed5cee8d71233b678f4b1ceb470478', '[\"*\"]', '2026-05-13 00:58:36', NULL, '2026-05-13 00:55:23', '2026-05-13 00:58:36'),
(60, 'App\\Models\\Pengguna', 4, 'auth_token', '6c64a234730f2d36e38e8a013658b3fdecaddf77e5b6087f36baacfaf7dacf91', '[\"*\"]', '2026-05-13 01:03:34', NULL, '2026-05-13 01:02:43', '2026-05-13 01:03:34'),
(61, 'App\\Models\\Pengguna', 4, 'auth_token', 'c5a08b65a2f8cb1d5fd43268c2630b206697093dfab6dea78a0c1d02677d5b98', '[\"*\"]', '2026-05-13 01:06:19', NULL, '2026-05-13 01:04:53', '2026-05-13 01:06:19'),
(62, 'App\\Models\\Pengguna', 4, 'auth_token', 'ef527d4056c3ccb55ae42356d0469c8c08826e7698dc0dea255d26ec1a1110fa', '[\"*\"]', '2026-05-13 01:19:47', NULL, '2026-05-13 01:15:43', '2026-05-13 01:19:47'),
(63, 'App\\Models\\Pengguna', 4, 'auth_token', 'fe89bc699ace1ddebadaa805cc7d6bbe50175a81e32e1349a9d9b00b38cadf4e', '[\"*\"]', '2026-05-13 01:26:16', NULL, '2026-05-13 01:24:53', '2026-05-13 01:26:16'),
(64, 'App\\Models\\Pengguna', 4, 'auth_token', '30bcd2bfd59228c99ba0fcd0fae607c0da008ee62efadaab810644a1899ec5a2', '[\"*\"]', '2026-05-13 01:28:32', NULL, '2026-05-13 01:26:41', '2026-05-13 01:28:32');

-- --------------------------------------------------------

--
-- Table structure for table `rombel`
--

CREATE TABLE `rombel` (
  `id_rombel` int NOT NULL,
  `kode_rombel` varchar(50) DEFAULT NULL,
  `id_jurusan` int NOT NULL,
  `nama_rombel` varchar(100) NOT NULL,
  `tingkat` varchar(20) DEFAULT NULL,
  `is_active` tinyint(1) DEFAULT '1'
) ENGINE=InnoDB DEFAULT CHARSET=utf8mb4 COLLATE=utf8mb4_0900_ai_ci;

--
-- Dumping data for table `rombel`
--

INSERT INTO `rombel` (`id_rombel`, `kode_rombel`, `id_jurusan`, `nama_rombel`, `tingkat`, `is_active`) VALUES
(1, NULL, 2, 'Rombel Dummy 1', NULL, 1),
(2, NULL, 3, 'Rombel Dummy 2', NULL, 1),
(3, NULL, 3, 'Rombel Dummy 3', NULL, 1);

-- --------------------------------------------------------

--
-- Table structure for table `ruang`
--

CREATE TABLE `ruang` (
  `id_ruang` int NOT NULL,
  `kode_ruang` varchar(50) DEFAULT NULL,
  `id_lokasi` int DEFAULT NULL,
  `nama_ruang` varchar(100) NOT NULL,
  `lantai` varchar(20) DEFAULT NULL,
  `keterangan` text,
  `is_active` tinyint(1) DEFAULT '1'
) ENGINE=InnoDB DEFAULT CHARSET=utf8mb4 COLLATE=utf8mb4_0900_ai_ci;

--
-- Dumping data for table `ruang`
--

INSERT INTO `ruang` (`id_ruang`, `kode_ruang`, `id_lokasi`, `nama_ruang`, `lantai`, `keterangan`, `is_active`) VALUES
(1, NULL, 3, 'WK1', NULL, NULL, 1),
(2, NULL, 1, 'WK2', NULL, NULL, 1),
(3, NULL, 1, 'WK3', NULL, NULL, 1),
(4, NULL, NULL, 'WK4', NULL, 'Dari Excel', 1),
(5, NULL, NULL, 'Bendahara Barang', NULL, 'Dari Excel', 1),
(6, NULL, NULL, 'Tata Usaha', NULL, 'Dari Excel', 1),
(7, NULL, NULL, 'Perpustakaan', NULL, 'Dari Excel', 1),
(8, NULL, NULL, 'Gudang', NULL, 'Dari Excel', 1),
(9, NULL, NULL, 'Masjid', NULL, 'Dari Excel', 1),
(10, NULL, NULL, 'Kepala Bengkel', NULL, 'Dari Excel', 1),
(11, NULL, NULL, 'Server', NULL, 'Dari Excel', 1),
(12, NULL, NULL, 'LSP', NULL, 'Dari Excel', 1),
(14, NULL, NULL, 'Keuangan', NULL, 'Dari Excel', 1);

-- --------------------------------------------------------

--
-- Table structure for table `satuan`
--

CREATE TABLE `satuan` (
  `id_satuan` int NOT NULL,
  `kode_satuan` varchar(50) DEFAULT NULL,
  `nama_satuan` varchar(50) NOT NULL,
  `keterangan` text
) ENGINE=InnoDB DEFAULT CHARSET=utf8mb4 COLLATE=utf8mb4_0900_ai_ci;

--
-- Dumping data for table `satuan`
--

INSERT INTO `satuan` (`id_satuan`, `kode_satuan`, `nama_satuan`, `keterangan`) VALUES
(1, NULL, 'contoh', NULL),
(2, NULL, 'Satuan 1', NULL),
(3, NULL, 'Satuan 2', NULL),
(4, NULL, 'Satuan 3', NULL),
(5, NULL, 'Unit', 'Dari Excel'),
(6, NULL, 'Set', 'Dari Excel'),
(7, NULL, 'Pack', 'Dari Excel'),
(8, NULL, 'Buah', 'Dari Excel'),
(9, NULL, 'Pcs', 'Dari Excel'),
(10, NULL, 'roll', 'Dari Excel'),
(11, NULL, 'Per Bungkus', 'Dari Excel');

-- --------------------------------------------------------

--
-- Table structure for table `sessions`
--

CREATE TABLE `sessions` (
  `id` varchar(255) CHARACTER SET utf8mb4 COLLATE utf8mb4_unicode_ci NOT NULL,
  `user_id` bigint UNSIGNED DEFAULT NULL,
  `ip_address` varchar(45) CHARACTER SET utf8mb4 COLLATE utf8mb4_unicode_ci DEFAULT NULL,
  `user_agent` text CHARACTER SET utf8mb4 COLLATE utf8mb4_unicode_ci,
  `payload` longtext CHARACTER SET utf8mb4 COLLATE utf8mb4_unicode_ci NOT NULL,
  `last_activity` int NOT NULL
) ENGINE=InnoDB DEFAULT CHARSET=utf8mb4 COLLATE=utf8mb4_unicode_ci;

--
-- Dumping data for table `sessions`
--

INSERT INTO `sessions` (`id`, `user_id`, `ip_address`, `user_agent`, `payload`, `last_activity`) VALUES
('BfDGNOWE3mrBWBlIcxLx3UAQMOZv9r4u2wwwmMUE', NULL, '127.0.0.1', 'Mozilla/5.0 (Windows NT 10.0; Win64; x64) AppleWebKit/537.36 (KHTML, like Gecko) Chrome/147.0.0.0 Safari/537.36', 'eyJfdG9rZW4iOiJmOHpaZmZRdHhBamo1Q2dVbFZEakJ3a0VqOEZTWG5QYzA0SVJQV0pUIiwiX3ByZXZpb3VzIjp7InVybCI6Imh0dHA6XC9cLzEyNy4wLjAuMTo4MDAwIiwicm91dGUiOm51bGx9LCJfZmxhc2giOnsib2xkIjpbXSwibmV3IjpbXX19', 1777431353);

-- --------------------------------------------------------

--
-- Table structure for table `status_barang`
--

CREATE TABLE `status_barang` (
  `id_status` int NOT NULL,
  `nama_status` varchar(50) NOT NULL,
  `keterangan` text
) ENGINE=InnoDB DEFAULT CHARSET=utf8mb4 COLLATE=utf8mb4_0900_ai_ci;

--
-- Dumping data for table `status_barang`
--

INSERT INTO `status_barang` (`id_status`, `nama_status`, `keterangan`) VALUES
(1, 'Non-Aktif', NULL),
(2, 'Tersedia', NULL),
(4, 'Dihapus', 'Barang yang sudah di hapus dari aset');

-- --------------------------------------------------------

--
-- Table structure for table `sumber_perolehan`
--

CREATE TABLE `sumber_perolehan` (
  `id_sumber_perolehan` int NOT NULL,
  `kode_sumber` varchar(50) DEFAULT NULL,
  `nama_sumber` varchar(255) NOT NULL,
  `keterangan` text,
  `is_active` tinyint(1) DEFAULT '1'
) ENGINE=InnoDB DEFAULT CHARSET=utf8mb4 COLLATE=utf8mb4_0900_ai_ci;

--
-- Dumping data for table `sumber_perolehan`
--

INSERT INTO `sumber_perolehan` (`id_sumber_perolehan`, `kode_sumber`, `nama_sumber`, `keterangan`, `is_active`) VALUES
(1, 'SMBR-BOS', 'Dana BOS', NULL, 1);

-- --------------------------------------------------------

--
-- Table structure for table `tahun_ajaran`
--

CREATE TABLE `tahun_ajaran` (
  `id_tahun_ajaran` int NOT NULL,
  `tahun_ajaran` varchar(20) NOT NULL,
  `semester` varchar(20) NOT NULL,
  `tanggal_mulai` date DEFAULT NULL,
  `tanggal_selesai` date DEFAULT NULL,
  `is_active` tinyint(1) DEFAULT '0'
) ENGINE=InnoDB DEFAULT CHARSET=utf8mb4 COLLATE=utf8mb4_0900_ai_ci;

--
-- Dumping data for table `tahun_ajaran`
--

INSERT INTO `tahun_ajaran` (`id_tahun_ajaran`, `tahun_ajaran`, `semester`, `tanggal_mulai`, `tanggal_selesai`, `is_active`) VALUES
(1, '2025', '1', '2026-06-12', '2026-06-12', 1),
(2, '2025', '2', '2026-06-12', '2026-06-12', 1);

-- --------------------------------------------------------

--
-- Table structure for table `tanah_non_aktif`
--

CREATE TABLE `tanah_non_aktif` (
  `id_tanah_non_aktif` int NOT NULL,
  `kode_tanah` int NOT NULL,
  `id_status` int DEFAULT NULL,
  `tanggal` date NOT NULL,
  `keterangan` text
) ENGINE=InnoDB DEFAULT CHARSET=utf8mb4 COLLATE=utf8mb4_0900_ai_ci;

--
-- Dumping data for table `tanah_non_aktif`
--

INSERT INTO `tanah_non_aktif` (`id_tanah_non_aktif`, `kode_tanah`, `id_status`, `tanggal`, `keterangan`) VALUES
(1, 1, 2, '2026-06-11', 'test'),
(2, 2, 1, '2026-06-11', 'test');

-- --------------------------------------------------------

--
-- Stand-in structure for view `v_aset`
-- (See below for the actual view)
--
CREATE TABLE `v_aset` (
`kode_barang` int
,`kode_inventaris` varchar(50)
,`nama_barang` varchar(150)
,`nama_kategori` varchar(100)
,`nama_merek` varchar(100)
,`nama_satuan` varchar(50)
,`nama_jurusan` varchar(100)
,`nama_ruang` varchar(100)
,`nama_lokasi` varchar(100)
,`nama_kondisi` varchar(50)
,`no_seri` varchar(100)
,`harga_satuan` decimal(15,2)
,`nilai_residu` decimal(15,2)
,`umur_ekonomi` int
,`tanggal_registrasi` date
,`status` enum('Di Gudang','Aktif','Dipinjam','Nonaktif')
,`keterangan` text
);

-- --------------------------------------------------------

--
-- Stand-in structure for view `v_aset_bangunan`
-- (See below for the actual view)
--
CREATE TABLE `v_aset_bangunan` (
`kode_bangunan` int
,`nama_bangunan` varchar(150)
,`luas_bangunan` int
,`ukuran_p` decimal(10,2)
,`ukuran_l` decimal(10,2)
,`konstruksi` varchar(255)
,`status_bangunan` enum('Milik Sendiri','Sewa','Lainnya')
,`nilai_aset` decimal(15,2)
,`tanggal_bangunan` date
,`nama_kondisi` varchar(50)
,`status` enum('Di Gudang','Aktif','Dipinjam','Nonaktif')
,`keterangan` text
);

-- --------------------------------------------------------

--
-- Stand-in structure for view `v_aset_habis_pakai`
-- (See below for the actual view)
--
CREATE TABLE `v_aset_habis_pakai` (
`kode_barang` varchar(50)
,`nama_barang` varchar(150)
,`nama_kategori` varchar(100)
,`stok_awal` int
,`stok_aktual` int
,`nama_jurusan` varchar(100)
,`nama_ruang` varchar(100)
,`nama_lokasi` varchar(100)
,`is_returnable` tinyint(1)
,`tanggal_registrasi` date
,`status` enum('Di Gudang','Aktif','Dipinjam','Nonaktif','Keluar','Tersedia')
,`keterangan` text
);

-- --------------------------------------------------------

--
-- Stand-in structure for view `v_aset_tanah`
-- (See below for the actual view)
--
CREATE TABLE `v_aset_tanah` (
`kode_tanah` int
,`nama_pemilik` varchar(150)
,`nomor_sertifikat` varchar(100)
,`luas_tanah` int
,`letak_tanah` text
,`nama_lokasi` varchar(100)
,`status_hak` enum('Hak Milik','Hak Pakai','Hak Guna Bangunan','Sewa','Lainnya')
,`nilai_aset` decimal(15,2)
,`penggunaan` text
,`tanggal_perolehan` date
,`sumber_perolehan` enum('Beli','Sumbangan','Hibah','Lainnya')
,`status` enum('Di Gudang','Aktif','Dipinjam','Nonaktif')
);

-- --------------------------------------------------------

--
-- Stand-in structure for view `v_bangunan_non_aktif`
-- (See below for the actual view)
--
CREATE TABLE `v_bangunan_non_aktif` (
`id_bangunan_non_aktif` int
,`kode_bangunan` int
,`nama_bangunan` varchar(150)
,`luas_bangunan` int
,`tanggal_nonaktif` date
,`penyebab` varchar(50)
,`keterangan` text
);

-- --------------------------------------------------------

--
-- Stand-in structure for view `v_barang_keluar`
-- (See below for the actual view)
--
CREATE TABLE `v_barang_keluar` (
`no_transaksi` int
,`tanggal_keluar` date
,`kode_barang` varchar(50)
,`nama_barang` varchar(150)
,`jumlah_keluar` int
,`nama_gudang` varchar(100)
,`nama_ruang` varchar(100)
,`nama_penerima` varchar(150)
,`nama_petugas` varchar(150)
,`keterangan` text
);

-- --------------------------------------------------------

--
-- Stand-in structure for view `v_barang_non_aktif`
-- (See below for the actual view)
--
CREATE TABLE `v_barang_non_aktif` (
`id_barang_non_aktif` int
,`tanggal_nonaktif` date
,`kode_inventaris` varchar(50)
,`nama_barang` varchar(150)
,`nama_kategori` varchar(100)
,`nama_lokasi` varchar(100)
,`nama_ruang` varchar(100)
,`jumlah` int
,`penyebab` varchar(50)
,`keterangan` text
);

-- --------------------------------------------------------

--
-- Stand-in structure for view `v_laporan_kerusakan`
-- (See below for the actual view)
--
CREATE TABLE `v_laporan_kerusakan` (
`id_kerusakan` int
,`tanggal_lapor` date
,`kode_barang` int
,`kode_inventaris` varchar(50)
,`nama_barang` varchar(150)
,`nama_pelapor` varchar(150)
,`deskripsi_kerusakan` text
,`tingkat_kerusakan` enum('Ringan','Sedang','Berat')
,`status_kerusakan` enum('Menunggu Pemeriksaan','Sedang Diperbaiki','Selesai','Tidak Bisa Diperbaiki')
);

-- --------------------------------------------------------

--
-- Stand-in structure for view `v_laporan_peminjaman`
-- (See below for the actual view)
--
CREATE TABLE `v_laporan_peminjaman` (
`nomor_peminjaman` varchar(50)
,`tanggal_pinjam` date
,`nama_peminjam` varchar(150)
,`nomor_telepon` varchar(20)
,`lama_pinjam_hari` int
,`tanggal_jatuh_tempo` date
,`kode_barang` int
,`kode_inventaris` varchar(50)
,`nama_barang` varchar(150)
,`status_peminjaman` enum('Sedang Dipinjam','Dikembalikan')
,`keterangan` text
);

-- --------------------------------------------------------

--
-- Stand-in structure for view `v_laporan_pengembalian`
-- (See below for the actual view)
--
CREATE TABLE `v_laporan_pengembalian` (
`id_pengembalian` int
,`nomor_peminjaman` varchar(50)
,`nama_peminjam` varchar(150)
,`tanggal_pinjam` date
,`batas_waktu` date
,`tanggal_kembali` date
,`telat_hari` int
);

-- --------------------------------------------------------

--
-- Stand-in structure for view `v_laporan_perbaikan`
-- (See below for the actual view)
--
CREATE TABLE `v_laporan_perbaikan` (
`id_perbaikan` int
,`tanggal_perbaikan` date
,`kode_barang` int
,`kode_inventaris` varchar(50)
,`nama_barang` varchar(150)
,`deskripsi_kerusakan` text
,`teknisi` varchar(150)
,`tindakan_perbaikan` text
,`biaya_perbaikan` decimal(15,2)
);

-- --------------------------------------------------------

--
-- Stand-in structure for view `v_laporan_permintaan`
-- (See below for the actual view)
--
CREATE TABLE `v_laporan_permintaan` (
`kode_permintaan` varchar(50)
,`tanggal_permintaan` date
,`nama_jurusan` varchar(100)
,`nama_peminta` varchar(150)
,`nama_barang` varchar(150)
,`jumlah_diminta` int
,`alasan_kebutuhan` text
,`status_persetujuan` enum('Menunggu','Disetujui','Ditolak')
,`tanggal_persetujuan` date
,`nama_penyetuju` varchar(150)
,`alasan_disetujui` text
);

-- --------------------------------------------------------

--
-- Stand-in structure for view `v_mutasi`
-- (See below for the actual view)
--
CREATE TABLE `v_mutasi` (
`id_mutasi` int
,`tanggal_mutasi` date
,`kode_inventaris` varchar(50)
,`nama_barang` varchar(150)
,`jurusan_asal` varchar(100)
,`jurusan_tujuan` varchar(100)
,`alasan_mutasi` text
);

-- --------------------------------------------------------

--
-- Stand-in structure for view `v_opname_aset`
-- (See below for the actual view)
--
CREATE TABLE `v_opname_aset` (
`id_opname_aset` int
,`tanggal_opname` date
,`kode_inventaris` varchar(50)
,`nama_barang` varchar(150)
,`nama_ruang` varchar(100)
,`kondisi_terkini` varchar(50)
,`keterangan` text
);

-- --------------------------------------------------------

--
-- Stand-in structure for view `v_pengadaan_aset`
-- (See below for the actual view)
--
CREATE TABLE `v_pengadaan_aset` (
`id_pengadaan` int
,`tanggal_pengadaan` date
,`tahun_ajaran` varchar(20)
,`nama_sumber` varchar(255)
,`nama_gudang` varchar(100)
,`nama_barang` varchar(150)
,`nama_kategori` varchar(100)
,`jumlah_masuk` int
,`harga_satuan` decimal(15,2)
,`sub_total` decimal(25,2)
,`nama_pemasok` varchar(150)
,`status` enum('Menunggu Proses','Sedang Dibelanjakan','Selesai Dibelanjakan')
,`keterangan` text
);

-- --------------------------------------------------------

--
-- Stand-in structure for view `v_penghapusan_aset`
-- (See below for the actual view)
--
CREATE TABLE `v_penghapusan_aset` (
`id_penghapusan` int
,`tanggal_hapus` date
,`kode_barang` int
,`kode_inventaris` varchar(50)
,`nama_barang` varchar(150)
,`alasan_hapus` text
,`nama_penyetuju` varchar(150)
);

-- --------------------------------------------------------

--
-- Stand-in structure for view `v_tanah_non_aktif`
-- (See below for the actual view)
--
CREATE TABLE `v_tanah_non_aktif` (
`id_tanah_non_aktif` int
,`kode_tanah` int
,`nomor_sertifikat` varchar(100)
,`nama_pemilik` varchar(150)
,`luas_tanah` int
,`tanggal_nonaktif` date
,`penyebab` varchar(50)
,`keterangan` text
);

--
-- Indexes for dumped tables
--

--
-- Indexes for table `akses`
--
ALTER TABLE `akses`
  ADD PRIMARY KEY (`id_akses`),
  ADD KEY `fk_akses_parent` (`id_parent`);

--
-- Indexes for table `aset`
--
ALTER TABLE `aset`
  ADD PRIMARY KEY (`kode_barang`),
  ADD UNIQUE KEY `uk_aset_kode_inventaris` (`kode_inventaris`),
  ADD KEY `id_master_barang` (`id_master_barang`),
  ADD KEY `fk_aset_detail_pengadaan` (`id_detail_pengadaan`),
  ADD KEY `fk_aset_jurusan` (`id_jurusan`),
  ADD KEY `fk_aset_ruang` (`id_ruang`),
  ADD KEY `fk_aset_lokasi` (`id_lokasi`),
  ADD KEY `fk_aset_kondisi` (`id_kondisi`),
  ADD KEY `fk_aset_lemari` (`id_lemari`);

--
-- Indexes for table `aset_bangunan`
--
ALTER TABLE `aset_bangunan`
  ADD PRIMARY KEY (`kode_bangunan`),
  ADD KEY `fk_bangunan_kondisi` (`id_kondisi`);

--
-- Indexes for table `aset_habis_pakai`
--
ALTER TABLE `aset_habis_pakai`
  ADD PRIMARY KEY (`kode_barang`),
  ADD KEY `fk_ahp_master` (`id_master_barang`),
  ADD KEY `fk_ahp_jurusan` (`id_jurusan`),
  ADD KEY `fk_ahp_ruang` (`id_ruang`),
  ADD KEY `fk_ahp_lokasi` (`id_lokasi`),
  ADD KEY `fk_ahp_pengadaanhp` (`id_pengadaan_hp`);

--
-- Indexes for table `aset_tanah`
--
ALTER TABLE `aset_tanah`
  ADD PRIMARY KEY (`kode_tanah`),
  ADD KEY `id_lokasi` (`id_lokasi`);

--
-- Indexes for table `bangunan_non_aktif`
--
ALTER TABLE `bangunan_non_aktif`
  ADD PRIMARY KEY (`id_bangunan_non_aktif`),
  ADD KEY `fk_bgna_bangunan` (`kode_bangunan`),
  ADD KEY `fk_bgna_status` (`id_status`);

--
-- Indexes for table `barang_keluar`
--
ALTER TABLE `barang_keluar`
  ADD PRIMARY KEY (`no_transaksi`),
  ADD KEY `fk_barang_keluar_ruang` (`id_ruang`),
  ADD KEY `fk_bk_inventaris` (`kode_barang`),
  ADD KEY `fk_barang_keluar_pengguna` (`nama_penerima`),
  ADD KEY `fk_barang_keluar_petugas` (`petugas`),
  ADD KEY `fk_barang_keluar_gudang` (`kode_gudang`);

--
-- Indexes for table `barang_non_aktif`
--
ALTER TABLE `barang_non_aktif`
  ADD PRIMARY KEY (`id_barang_non_aktif`),
  ADD KEY `fk_bna_inventaris` (`kode_inventaris`),
  ADD KEY `fk_bna_status` (`id_status`);

--
-- Indexes for table `cache`
--
ALTER TABLE `cache`
  ADD PRIMARY KEY (`key`),
  ADD KEY `cache_expiration_index` (`expiration`);

--
-- Indexes for table `cache_locks`
--
ALTER TABLE `cache_locks`
  ADD PRIMARY KEY (`key`),
  ADD KEY `cache_locks_expiration_index` (`expiration`);

--
-- Indexes for table `detail_peminjaman`
--
ALTER TABLE `detail_peminjaman`
  ADD PRIMARY KEY (`id_detail_pinjam`),
  ADD KEY `nomor_peminjaman` (`nomor_peminjaman`),
  ADD KEY `detail_peminjaman_ibfk_2` (`kode_barang`);

--
-- Indexes for table `detail_pengadaan`
--
ALTER TABLE `detail_pengadaan`
  ADD PRIMARY KEY (`id_detail_pengadaan`),
  ADD KEY `idx_pengadaan` (`id_pengadaan`),
  ADD KEY `idx_master` (`id_master_barang`),
  ADD KEY `fk_detail_pengadaan_pemasok` (`id_pemasok`);

--
-- Indexes for table `detail_pengadaan_hp`
--
ALTER TABLE `detail_pengadaan_hp`
  ADD PRIMARY KEY (`id_detail_pengadaan_hp`),
  ADD KEY `fk_dp_hp_pengadaan` (`id_pengadaan_hp`),
  ADD KEY `fk_dp_hp_pemasok` (`id_pemasok`),
  ADD KEY `fk_dp_hp_master` (`id_master_barang`);

--
-- Indexes for table `detail_permintaan`
--
ALTER TABLE `detail_permintaan`
  ADD PRIMARY KEY (`id_detail_permintaan`),
  ADD KEY `nomor_permintaan` (`kode_permintaan`),
  ADD KEY `id_master_barang` (`id_master_barang`);

--
-- Indexes for table `detail_permintaan_hp`
--
ALTER TABLE `detail_permintaan_hp`
  ADD PRIMARY KEY (`id_detail_permintaan_hp`),
  ADD KEY `fk_dphp_kodeprm` (`kode_permintaan_hp`),
  ADD KEY `fk_dphp_master` (`id_master_barang`);

--
-- Indexes for table `failed_jobs`
--
ALTER TABLE `failed_jobs`
  ADD PRIMARY KEY (`id`),
  ADD UNIQUE KEY `failed_jobs_uuid_unique` (`uuid`);

--
-- Indexes for table `gudang`
--
ALTER TABLE `gudang`
  ADD PRIMARY KEY (`kode_gudang`);

--
-- Indexes for table `jobs`
--
ALTER TABLE `jobs`
  ADD PRIMARY KEY (`id`),
  ADD KEY `jobs_queue_index` (`queue`);

--
-- Indexes for table `job_batches`
--
ALTER TABLE `job_batches`
  ADD PRIMARY KEY (`id`);

--
-- Indexes for table `jurusan`
--
ALTER TABLE `jurusan`
  ADD PRIMARY KEY (`id_jurusan`);

--
-- Indexes for table `kategori`
--
ALTER TABLE `kategori`
  ADD PRIMARY KEY (`id_kategori`);

--
-- Indexes for table `kelas`
--
ALTER TABLE `kelas`
  ADD PRIMARY KEY (`id_kelas`),
  ADD KEY `id_rombel` (`id_rombel`);

--
-- Indexes for table `kerusakan`
--
ALTER TABLE `kerusakan`
  ADD PRIMARY KEY (`id_kerusakan`),
  ADD KEY `id_pelapor` (`id_pelapor`),
  ADD KEY `kerusakan_ibfk_1` (`kode_barang`);

--
-- Indexes for table `kondisi`
--
ALTER TABLE `kondisi`
  ADD PRIMARY KEY (`id_kondisi`);

--
-- Indexes for table `lemari`
--
ALTER TABLE `lemari`
  ADD PRIMARY KEY (`id_lemari`),
  ADD KEY `fk_lemari_ruang` (`id_ruang`);

--
-- Indexes for table `lokasi`
--
ALTER TABLE `lokasi`
  ADD PRIMARY KEY (`id_lokasi`);

--
-- Indexes for table `mapel`
--
ALTER TABLE `mapel`
  ADD PRIMARY KEY (`id_mapel`);

--
-- Indexes for table `master_barang`
--
ALTER TABLE `master_barang`
  ADD PRIMARY KEY (`id_master_barang`),
  ADD KEY `id_kategori` (`id_kategori`),
  ADD KEY `id_merek` (`id_merek`),
  ADD KEY `id_satuan` (`id_satuan`);

--
-- Indexes for table `merek`
--
ALTER TABLE `merek`
  ADD PRIMARY KEY (`id_merek`);

--
-- Indexes for table `migrations`
--
ALTER TABLE `migrations`
  ADD PRIMARY KEY (`id`);

--
-- Indexes for table `mutasi`
--
ALTER TABLE `mutasi`
  ADD PRIMARY KEY (`id_mutasi`),
  ADD KEY `kode_barang` (`kode_inventaris`),
  ADD KEY `fk_mutasi_jurusan_asal` (`id_jurusan_asal`),
  ADD KEY `fk_mutasi_jurusan_tujuan` (`id_jurusan_tujuan`);

--
-- Indexes for table `opname_aset`
--
ALTER TABLE `opname_aset`
  ADD PRIMARY KEY (`id_opname_aset`),
  ADD KEY `fk_opname_kondisi` (`id_kondisi`),
  ADD KEY `fk_opname_inventaris` (`kode_inventaris`);

--
-- Indexes for table `opname_stok`
--
ALTER TABLE `opname_stok`
  ADD PRIMARY KEY (`id_opname_stok`),
  ADD KEY `id_master_barang` (`id_master_barang`),
  ADD KEY `id_pemeriksa` (`id_pemeriksa`);

--
-- Indexes for table `pemasok`
--
ALTER TABLE `pemasok`
  ADD PRIMARY KEY (`id_pemasok`);

--
-- Indexes for table `peminjaman`
--
ALTER TABLE `peminjaman`
  ADD PRIMARY KEY (`nomor_peminjaman`),
  ADD KEY `id_peminjam` (`nama_peminjam`);

--
-- Indexes for table `pengadaan`
--
ALTER TABLE `pengadaan`
  ADD PRIMARY KEY (`id_pengadaan`),
  ADD KEY `idx_gudang` (`kode_gudang`),
  ADD KEY `fk_pengadaan_sumber` (`id_sumber_perolehan`),
  ADD KEY `fk_pengadaan_ta` (`id_tahun_ajaran`);

--
-- Indexes for table `pengadaan_habis_pakai`
--
ALTER TABLE `pengadaan_habis_pakai`
  ADD PRIMARY KEY (`id_pengadaan`),
  ADD KEY `fk_php_gudang` (`kode_gudang`),
  ADD KEY `fk_php_ta` (`id_tahun_ajaran`);

--
-- Indexes for table `pengadaan_permintaan`
--
ALTER TABLE `pengadaan_permintaan`
  ADD PRIMARY KEY (`id_pengadaan`,`kode_permintaan`),
  ADD KEY `fk_pp_permintaan` (`kode_permintaan`);

--
-- Indexes for table `pengadaan_permintaan_hp`
--
ALTER TABLE `pengadaan_permintaan_hp`
  ADD PRIMARY KEY (`id_pengadaan_hp`,`kode_permintaan_hp`),
  ADD KEY `fk_jembatan_hp_permintaan` (`kode_permintaan_hp`);

--
-- Indexes for table `pengaturan`
--
ALTER TABLE `pengaturan`
  ADD PRIMARY KEY (`id_pengaturan`);

--
-- Indexes for table `pengembalian`
--
ALTER TABLE `pengembalian`
  ADD PRIMARY KEY (`id_pengembalian`),
  ADD KEY `nomor_peminjaman` (`nomor_peminjaman`);

--
-- Indexes for table `pengguna`
--
ALTER TABLE `pengguna`
  ADD PRIMARY KEY (`id_pengguna`),
  ADD KEY `id_peran` (`id_peran`),
  ADD KEY `id_kelas` (`id_kelas`),
  ADD KEY `id_mapel` (`id_mapel`),
  ADD KEY `fk_pengguna_jurusan` (`id_jurusan`);

--
-- Indexes for table `penghapusan_aset`
--
ALTER TABLE `penghapusan_aset`
  ADD PRIMARY KEY (`id_penghapusan`),
  ADD KEY `id_penyetuju` (`id_penyetuju`),
  ADD KEY `penghapusan_aset_ibfk_1` (`kode_barang`);

--
-- Indexes for table `peran`
--
ALTER TABLE `peran`
  ADD PRIMARY KEY (`id_peran`);

--
-- Indexes for table `peran_akses`
--
ALTER TABLE `peran_akses`
  ADD PRIMARY KEY (`id_peran_akses`),
  ADD KEY `id_peran` (`id_peran`),
  ADD KEY `id_akses` (`id_akses`);

--
-- Indexes for table `perbaikan`
--
ALTER TABLE `perbaikan`
  ADD PRIMARY KEY (`id_perbaikan`),
  ADD KEY `id_kerusakan` (`id_kerusakan`);

--
-- Indexes for table `permintaan`
--
ALTER TABLE `permintaan`
  ADD PRIMARY KEY (`kode_permintaan`),
  ADD KEY `id_penyetuju` (`id_penyetuju`),
  ADD KEY `fk_permintaan_pengguna` (`id_pengguna`),
  ADD KEY `fk_permintaan_jurusan` (`id_jurusan`),
  ADD KEY `fk_permintaan_ta` (`id_tahun_ajaran`);

--
-- Indexes for table `permintaan_hp`
--
ALTER TABLE `permintaan_hp`
  ADD PRIMARY KEY (`kode_permintaan_hp`),
  ADD KEY `fk_permintaannhp_pengguna` (`id_pengguna`),
  ADD KEY `fk_permintaanhp_jurusan` (`id_jurusan`),
  ADD KEY `fk_permintaanhp_ta` (`id_tahun_ajaran`),
  ADD KEY `fk_permintaanhp_penyetuju` (`id_penyetuju`);

--
-- Indexes for table `personal_access_tokens`
--
ALTER TABLE `personal_access_tokens`
  ADD PRIMARY KEY (`id`),
  ADD UNIQUE KEY `personal_access_tokens_token_unique` (`token`),
  ADD KEY `personal_access_tokens_tokenable_type_tokenable_id_index` (`tokenable_type`,`tokenable_id`),
  ADD KEY `personal_access_tokens_expires_at_index` (`expires_at`);

--
-- Indexes for table `rombel`
--
ALTER TABLE `rombel`
  ADD PRIMARY KEY (`id_rombel`),
  ADD KEY `id_jurusan` (`id_jurusan`);

--
-- Indexes for table `ruang`
--
ALTER TABLE `ruang`
  ADD PRIMARY KEY (`id_ruang`),
  ADD KEY `id_lokasi` (`id_lokasi`);

--
-- Indexes for table `satuan`
--
ALTER TABLE `satuan`
  ADD PRIMARY KEY (`id_satuan`);

--
-- Indexes for table `sessions`
--
ALTER TABLE `sessions`
  ADD PRIMARY KEY (`id`),
  ADD KEY `sessions_user_id_index` (`user_id`),
  ADD KEY `sessions_last_activity_index` (`last_activity`);

--
-- Indexes for table `status_barang`
--
ALTER TABLE `status_barang`
  ADD PRIMARY KEY (`id_status`);

--
-- Indexes for table `sumber_perolehan`
--
ALTER TABLE `sumber_perolehan`
  ADD PRIMARY KEY (`id_sumber_perolehan`);

--
-- Indexes for table `tahun_ajaran`
--
ALTER TABLE `tahun_ajaran`
  ADD PRIMARY KEY (`id_tahun_ajaran`);

--
-- Indexes for table `tanah_non_aktif`
--
ALTER TABLE `tanah_non_aktif`
  ADD PRIMARY KEY (`id_tanah_non_aktif`),
  ADD KEY `fk_tna_tanah` (`kode_tanah`),
  ADD KEY `fk_tna_status` (`id_status`);

--
-- AUTO_INCREMENT for dumped tables
--

--
-- AUTO_INCREMENT for table `akses`
--
ALTER TABLE `akses`
  MODIFY `id_akses` int NOT NULL AUTO_INCREMENT, AUTO_INCREMENT=61;

--
-- AUTO_INCREMENT for table `aset`
--
ALTER TABLE `aset`
  MODIFY `kode_barang` int NOT NULL AUTO_INCREMENT, AUTO_INCREMENT=401;

--
-- AUTO_INCREMENT for table `aset_bangunan`
--
ALTER TABLE `aset_bangunan`
  MODIFY `kode_bangunan` int NOT NULL AUTO_INCREMENT, AUTO_INCREMENT=7;

--
-- AUTO_INCREMENT for table `aset_tanah`
--
ALTER TABLE `aset_tanah`
  MODIFY `kode_tanah` int NOT NULL AUTO_INCREMENT, AUTO_INCREMENT=5;

--
-- AUTO_INCREMENT for table `bangunan_non_aktif`
--
ALTER TABLE `bangunan_non_aktif`
  MODIFY `id_bangunan_non_aktif` int NOT NULL AUTO_INCREMENT, AUTO_INCREMENT=3;

--
-- AUTO_INCREMENT for table `barang_keluar`
--
ALTER TABLE `barang_keluar`
  MODIFY `no_transaksi` int NOT NULL AUTO_INCREMENT, AUTO_INCREMENT=2;

--
-- AUTO_INCREMENT for table `barang_non_aktif`
--
ALTER TABLE `barang_non_aktif`
  MODIFY `id_barang_non_aktif` int NOT NULL AUTO_INCREMENT, AUTO_INCREMENT=2;

--
-- AUTO_INCREMENT for table `detail_peminjaman`
--
ALTER TABLE `detail_peminjaman`
  MODIFY `id_detail_pinjam` int NOT NULL AUTO_INCREMENT, AUTO_INCREMENT=10;

--
-- AUTO_INCREMENT for table `detail_pengadaan`
--
ALTER TABLE `detail_pengadaan`
  MODIFY `id_detail_pengadaan` int NOT NULL AUTO_INCREMENT, AUTO_INCREMENT=14;

--
-- AUTO_INCREMENT for table `detail_pengadaan_hp`
--
ALTER TABLE `detail_pengadaan_hp`
  MODIFY `id_detail_pengadaan_hp` int NOT NULL AUTO_INCREMENT, AUTO_INCREMENT=3;

--
-- AUTO_INCREMENT for table `detail_permintaan`
--
ALTER TABLE `detail_permintaan`
  MODIFY `id_detail_permintaan` int NOT NULL AUTO_INCREMENT, AUTO_INCREMENT=15;

--
-- AUTO_INCREMENT for table `detail_permintaan_hp`
--
ALTER TABLE `detail_permintaan_hp`
  MODIFY `id_detail_permintaan_hp` int NOT NULL AUTO_INCREMENT, AUTO_INCREMENT=3;

--
-- AUTO_INCREMENT for table `failed_jobs`
--
ALTER TABLE `failed_jobs`
  MODIFY `id` bigint UNSIGNED NOT NULL AUTO_INCREMENT;

--
-- AUTO_INCREMENT for table `jobs`
--
ALTER TABLE `jobs`
  MODIFY `id` bigint UNSIGNED NOT NULL AUTO_INCREMENT;

--
-- AUTO_INCREMENT for table `jurusan`
--
ALTER TABLE `jurusan`
  MODIFY `id_jurusan` int NOT NULL AUTO_INCREMENT, AUTO_INCREMENT=11;

--
-- AUTO_INCREMENT for table `kategori`
--
ALTER TABLE `kategori`
  MODIFY `id_kategori` int NOT NULL AUTO_INCREMENT, AUTO_INCREMENT=20;

--
-- AUTO_INCREMENT for table `kelas`
--
ALTER TABLE `kelas`
  MODIFY `id_kelas` int NOT NULL AUTO_INCREMENT, AUTO_INCREMENT=4;

--
-- AUTO_INCREMENT for table `kerusakan`
--
ALTER TABLE `kerusakan`
  MODIFY `id_kerusakan` int NOT NULL AUTO_INCREMENT, AUTO_INCREMENT=5;

--
-- AUTO_INCREMENT for table `kondisi`
--
ALTER TABLE `kondisi`
  MODIFY `id_kondisi` int NOT NULL AUTO_INCREMENT, AUTO_INCREMENT=5;

--
-- AUTO_INCREMENT for table `lemari`
--
ALTER TABLE `lemari`
  MODIFY `id_lemari` int NOT NULL AUTO_INCREMENT, AUTO_INCREMENT=3;

--
-- AUTO_INCREMENT for table `lokasi`
--
ALTER TABLE `lokasi`
  MODIFY `id_lokasi` int NOT NULL AUTO_INCREMENT, AUTO_INCREMENT=1003;

--
-- AUTO_INCREMENT for table `mapel`
--
ALTER TABLE `mapel`
  MODIFY `id_mapel` int NOT NULL AUTO_INCREMENT, AUTO_INCREMENT=4;

--
-- AUTO_INCREMENT for table `master_barang`
--
ALTER TABLE `master_barang`
  MODIFY `id_master_barang` int NOT NULL AUTO_INCREMENT, AUTO_INCREMENT=185;

--
-- AUTO_INCREMENT for table `merek`
--
ALTER TABLE `merek`
  MODIFY `id_merek` int NOT NULL AUTO_INCREMENT, AUTO_INCREMENT=55;

--
-- AUTO_INCREMENT for table `migrations`
--
ALTER TABLE `migrations`
  MODIFY `id` int UNSIGNED NOT NULL AUTO_INCREMENT, AUTO_INCREMENT=5;

--
-- AUTO_INCREMENT for table `mutasi`
--
ALTER TABLE `mutasi`
  MODIFY `id_mutasi` int NOT NULL AUTO_INCREMENT, AUTO_INCREMENT=10;

--
-- AUTO_INCREMENT for table `opname_aset`
--
ALTER TABLE `opname_aset`
  MODIFY `id_opname_aset` int NOT NULL AUTO_INCREMENT, AUTO_INCREMENT=6;

--
-- AUTO_INCREMENT for table `opname_stok`
--
ALTER TABLE `opname_stok`
  MODIFY `id_opname_stok` int NOT NULL AUTO_INCREMENT, AUTO_INCREMENT=4;

--
-- AUTO_INCREMENT for table `pemasok`
--
ALTER TABLE `pemasok`
  MODIFY `id_pemasok` int NOT NULL AUTO_INCREMENT, AUTO_INCREMENT=5;

--
-- AUTO_INCREMENT for table `pengadaan`
--
ALTER TABLE `pengadaan`
  MODIFY `id_pengadaan` int NOT NULL AUTO_INCREMENT, AUTO_INCREMENT=9;

--
-- AUTO_INCREMENT for table `pengadaan_habis_pakai`
--
ALTER TABLE `pengadaan_habis_pakai`
  MODIFY `id_pengadaan` int NOT NULL AUTO_INCREMENT, AUTO_INCREMENT=4;

--
-- AUTO_INCREMENT for table `pengaturan`
--
ALTER TABLE `pengaturan`
  MODIFY `id_pengaturan` int NOT NULL AUTO_INCREMENT, AUTO_INCREMENT=6;

--
-- AUTO_INCREMENT for table `pengembalian`
--
ALTER TABLE `pengembalian`
  MODIFY `id_pengembalian` int NOT NULL AUTO_INCREMENT, AUTO_INCREMENT=5;

--
-- AUTO_INCREMENT for table `pengguna`
--
ALTER TABLE `pengguna`
  MODIFY `id_pengguna` int NOT NULL AUTO_INCREMENT, AUTO_INCREMENT=19;

--
-- AUTO_INCREMENT for table `penghapusan_aset`
--
ALTER TABLE `penghapusan_aset`
  MODIFY `id_penghapusan` int NOT NULL AUTO_INCREMENT, AUTO_INCREMENT=4;

--
-- AUTO_INCREMENT for table `peran`
--
ALTER TABLE `peran`
  MODIFY `id_peran` int NOT NULL AUTO_INCREMENT, AUTO_INCREMENT=18;

--
-- AUTO_INCREMENT for table `peran_akses`
--
ALTER TABLE `peran_akses`
  MODIFY `id_peran_akses` int NOT NULL AUTO_INCREMENT, AUTO_INCREMENT=113;

--
-- AUTO_INCREMENT for table `perbaikan`
--
ALTER TABLE `perbaikan`
  MODIFY `id_perbaikan` int NOT NULL AUTO_INCREMENT, AUTO_INCREMENT=5;

--
-- AUTO_INCREMENT for table `personal_access_tokens`
--
ALTER TABLE `personal_access_tokens`
  MODIFY `id` bigint UNSIGNED NOT NULL AUTO_INCREMENT, AUTO_INCREMENT=65;

--
-- AUTO_INCREMENT for table `rombel`
--
ALTER TABLE `rombel`
  MODIFY `id_rombel` int NOT NULL AUTO_INCREMENT, AUTO_INCREMENT=4;

--
-- AUTO_INCREMENT for table `ruang`
--
ALTER TABLE `ruang`
  MODIFY `id_ruang` int NOT NULL AUTO_INCREMENT, AUTO_INCREMENT=17;

--
-- AUTO_INCREMENT for table `satuan`
--
ALTER TABLE `satuan`
  MODIFY `id_satuan` int NOT NULL AUTO_INCREMENT, AUTO_INCREMENT=12;

--
-- AUTO_INCREMENT for table `status_barang`
--
ALTER TABLE `status_barang`
  MODIFY `id_status` int NOT NULL AUTO_INCREMENT, AUTO_INCREMENT=5;

--
-- AUTO_INCREMENT for table `sumber_perolehan`
--
ALTER TABLE `sumber_perolehan`
  MODIFY `id_sumber_perolehan` int NOT NULL AUTO_INCREMENT, AUTO_INCREMENT=3;

--
-- AUTO_INCREMENT for table `tahun_ajaran`
--
ALTER TABLE `tahun_ajaran`
  MODIFY `id_tahun_ajaran` int NOT NULL AUTO_INCREMENT, AUTO_INCREMENT=3;

--
-- AUTO_INCREMENT for table `tanah_non_aktif`
--
ALTER TABLE `tanah_non_aktif`
  MODIFY `id_tanah_non_aktif` int NOT NULL AUTO_INCREMENT, AUTO_INCREMENT=3;

-- --------------------------------------------------------

--
-- Structure for view `v_aset`
--
DROP TABLE IF EXISTS `v_aset`;

CREATE ALGORITHM=UNDEFINED DEFINER=`root`@`%` SQL SECURITY DEFINER VIEW `v_aset`  AS SELECT `a`.`kode_barang` AS `kode_barang`, `a`.`kode_inventaris` AS `kode_inventaris`, `mb`.`nama_barang` AS `nama_barang`, `k`.`nama_kategori` AS `nama_kategori`, `m`.`nama_merek` AS `nama_merek`, `s`.`nama_satuan` AS `nama_satuan`, `j`.`nama_jurusan` AS `nama_jurusan`, `r`.`nama_ruang` AS `nama_ruang`, `l`.`nama_lokasi` AS `nama_lokasi`, `ko`.`nama_kondisi` AS `nama_kondisi`, `a`.`no_seri` AS `no_seri`, `a`.`harga_satuan` AS `harga_satuan`, `a`.`nilai_residu` AS `nilai_residu`, `a`.`umur_ekonomi` AS `umur_ekonomi`, `a`.`tanggal_registrasi` AS `tanggal_registrasi`, `a`.`status` AS `status`, `a`.`keterangan` AS `keterangan` FROM ((((((((`aset` `a` left join `master_barang` `mb` on((`a`.`id_master_barang` = `mb`.`id_master_barang`))) left join `kategori` `k` on((`mb`.`id_kategori` = `k`.`id_kategori`))) left join `merek` `m` on((`mb`.`id_merek` = `m`.`id_merek`))) left join `satuan` `s` on((`mb`.`id_satuan` = `s`.`id_satuan`))) left join `jurusan` `j` on((`a`.`id_jurusan` = `j`.`id_jurusan`))) left join `ruang` `r` on((`a`.`id_ruang` = `r`.`id_ruang`))) left join `lokasi` `l` on((`a`.`id_lokasi` = `l`.`id_lokasi`))) left join `kondisi` `ko` on((`a`.`id_kondisi` = `ko`.`id_kondisi`))) ;

-- --------------------------------------------------------

--
-- Structure for view `v_aset_bangunan`
--
DROP TABLE IF EXISTS `v_aset_bangunan`;

CREATE ALGORITHM=UNDEFINED DEFINER=`root`@`%` SQL SECURITY DEFINER VIEW `v_aset_bangunan`  AS SELECT `ab`.`kode_bangunan` AS `kode_bangunan`, `ab`.`nama_bangunan` AS `nama_bangunan`, `ab`.`luas_bangunan` AS `luas_bangunan`, `ab`.`ukuran_p` AS `ukuran_p`, `ab`.`ukuran_l` AS `ukuran_l`, `ab`.`konstruksi` AS `konstruksi`, `ab`.`status_bangunan` AS `status_bangunan`, `ab`.`nilai_aset` AS `nilai_aset`, `ab`.`tanggal_bangunan` AS `tanggal_bangunan`, `ko`.`nama_kondisi` AS `nama_kondisi`, `ab`.`Status` AS `status`, `ab`.`keterangan` AS `keterangan` FROM (`aset_bangunan` `ab` left join `kondisi` `ko` on((`ab`.`id_kondisi` = `ko`.`id_kondisi`))) WHERE (`ab`.`Status` = 'Aktif') ;

-- --------------------------------------------------------

--
-- Structure for view `v_aset_habis_pakai`
--
DROP TABLE IF EXISTS `v_aset_habis_pakai`;

CREATE ALGORITHM=UNDEFINED DEFINER=`root`@`%` SQL SECURITY DEFINER VIEW `v_aset_habis_pakai`  AS SELECT `ahp`.`kode_barang` AS `kode_barang`, `mb`.`nama_barang` AS `nama_barang`, `k`.`nama_kategori` AS `nama_kategori`, `ahp`.`stok` AS `stok_awal`, `ahp`.`stok_aktual` AS `stok_aktual`, `j`.`nama_jurusan` AS `nama_jurusan`, `r`.`nama_ruang` AS `nama_ruang`, `l`.`nama_lokasi` AS `nama_lokasi`, `ahp`.`is_returnable` AS `is_returnable`, `ahp`.`tanggal_registrasi` AS `tanggal_registrasi`, `ahp`.`status` AS `status`, `ahp`.`keterangan` AS `keterangan` FROM (((((`aset_habis_pakai` `ahp` left join `master_barang` `mb` on((`ahp`.`id_master_barang` = `mb`.`id_master_barang`))) left join `kategori` `k` on((`mb`.`id_kategori` = `k`.`id_kategori`))) left join `jurusan` `j` on((`ahp`.`id_jurusan` = `j`.`id_jurusan`))) left join `ruang` `r` on((`ahp`.`id_ruang` = `r`.`id_ruang`))) left join `lokasi` `l` on((`ahp`.`id_lokasi` = `l`.`id_lokasi`))) ;

-- --------------------------------------------------------

--
-- Structure for view `v_aset_tanah`
--
DROP TABLE IF EXISTS `v_aset_tanah`;

CREATE ALGORITHM=UNDEFINED DEFINER=`root`@`%` SQL SECURITY DEFINER VIEW `v_aset_tanah`  AS SELECT `at`.`kode_tanah` AS `kode_tanah`, `at`.`nama_pemilik` AS `nama_pemilik`, `at`.`nomor_sertifikat` AS `nomor_sertifikat`, `at`.`luas_tanah` AS `luas_tanah`, `at`.`letak_tanah` AS `letak_tanah`, `l`.`nama_lokasi` AS `nama_lokasi`, `at`.`status_hak` AS `status_hak`, `at`.`nilai_aset` AS `nilai_aset`, `at`.`penggunaan` AS `penggunaan`, `at`.`tanggal_perolehan` AS `tanggal_perolehan`, `at`.`sumber_perolehan` AS `sumber_perolehan`, `at`.`Status` AS `status` FROM (`aset_tanah` `at` left join `lokasi` `l` on((`at`.`id_lokasi` = `l`.`id_lokasi`))) WHERE (`at`.`Status` = 'Aktif') ;

-- --------------------------------------------------------

--
-- Structure for view `v_bangunan_non_aktif`
--
DROP TABLE IF EXISTS `v_bangunan_non_aktif`;

CREATE ALGORITHM=UNDEFINED DEFINER=`root`@`%` SQL SECURITY DEFINER VIEW `v_bangunan_non_aktif`  AS SELECT `bgna`.`id_bangunan_non_aktif` AS `id_bangunan_non_aktif`, `ab`.`kode_bangunan` AS `kode_bangunan`, `ab`.`nama_bangunan` AS `nama_bangunan`, `ab`.`luas_bangunan` AS `luas_bangunan`, `bgna`.`tanggal` AS `tanggal_nonaktif`, `sb`.`nama_status` AS `penyebab`, `bgna`.`keterangan` AS `keterangan` FROM ((`bangunan_non_aktif` `bgna` left join `aset_bangunan` `ab` on((`bgna`.`kode_bangunan` = `ab`.`kode_bangunan`))) left join `status_barang` `sb` on((`bgna`.`id_status` = `sb`.`id_status`))) ;

-- --------------------------------------------------------

--
-- Structure for view `v_barang_keluar`
--
DROP TABLE IF EXISTS `v_barang_keluar`;

CREATE ALGORITHM=UNDEFINED DEFINER=`root`@`%` SQL SECURITY DEFINER VIEW `v_barang_keluar`  AS SELECT `bk`.`no_transaksi` AS `no_transaksi`, `bk`.`tanggal_keluar` AS `tanggal_keluar`, `bk`.`kode_barang` AS `kode_barang`, `mb`.`nama_barang` AS `nama_barang`, `bk`.`jumlah_keluar` AS `jumlah_keluar`, `g`.`nama_gudang` AS `nama_gudang`, `r`.`nama_ruang` AS `nama_ruang`, `p1`.`full_name` AS `nama_penerima`, `p2`.`full_name` AS `nama_petugas`, `bk`.`keterangan` AS `keterangan` FROM ((((((`barang_keluar` `bk` left join `aset_habis_pakai` `ahp` on((`bk`.`kode_barang` = `ahp`.`kode_barang`))) left join `master_barang` `mb` on((`ahp`.`id_master_barang` = `mb`.`id_master_barang`))) left join `gudang` `g` on((`bk`.`kode_gudang` = `g`.`kode_gudang`))) left join `ruang` `r` on((`bk`.`id_ruang` = `r`.`id_ruang`))) left join `pengguna` `p1` on((`bk`.`nama_penerima` = `p1`.`id_pengguna`))) left join `pengguna` `p2` on((`bk`.`petugas` = `p2`.`id_pengguna`))) ;

-- --------------------------------------------------------

--
-- Structure for view `v_barang_non_aktif`
--
DROP TABLE IF EXISTS `v_barang_non_aktif`;

CREATE ALGORITHM=UNDEFINED DEFINER=`root`@`%` SQL SECURITY DEFINER VIEW `v_barang_non_aktif`  AS SELECT `bna`.`id_barang_non_aktif` AS `id_barang_non_aktif`, `bna`.`tanggal` AS `tanggal_nonaktif`, `bna`.`kode_inventaris` AS `kode_inventaris`, `mb`.`nama_barang` AS `nama_barang`, `k`.`nama_kategori` AS `nama_kategori`, `l`.`nama_lokasi` AS `nama_lokasi`, `r`.`nama_ruang` AS `nama_ruang`, `bna`.`jumlah_nonaktif` AS `jumlah`, `sb`.`nama_status` AS `penyebab`, `bna`.`keterangan` AS `keterangan` FROM ((((((`barang_non_aktif` `bna` left join `aset` `a` on((`bna`.`kode_inventaris` = `a`.`kode_inventaris`))) left join `master_barang` `mb` on((`a`.`id_master_barang` = `mb`.`id_master_barang`))) left join `kategori` `k` on((`mb`.`id_kategori` = `k`.`id_kategori`))) left join `lokasi` `l` on((`a`.`id_lokasi` = `l`.`id_lokasi`))) left join `ruang` `r` on((`a`.`id_ruang` = `r`.`id_ruang`))) left join `status_barang` `sb` on((`bna`.`id_status` = `sb`.`id_status`))) ;

-- --------------------------------------------------------

--
-- Structure for view `v_laporan_kerusakan`
--
DROP TABLE IF EXISTS `v_laporan_kerusakan`;

CREATE ALGORITHM=UNDEFINED DEFINER=`root`@`%` SQL SECURITY DEFINER VIEW `v_laporan_kerusakan`  AS SELECT `k`.`id_kerusakan` AS `id_kerusakan`, `k`.`tanggal_lapor` AS `tanggal_lapor`, `k`.`kode_barang` AS `kode_barang`, `a`.`kode_inventaris` AS `kode_inventaris`, `mb`.`nama_barang` AS `nama_barang`, `u`.`full_name` AS `nama_pelapor`, `k`.`deskripsi_kerusakan` AS `deskripsi_kerusakan`, `k`.`tingkat_kerusakan` AS `tingkat_kerusakan`, `k`.`status_kerusakan` AS `status_kerusakan` FROM (((`kerusakan` `k` left join `aset` `a` on((`k`.`kode_barang` = `a`.`kode_barang`))) left join `master_barang` `mb` on((`a`.`id_master_barang` = `mb`.`id_master_barang`))) left join `pengguna` `u` on((`k`.`id_pelapor` = `u`.`id_pengguna`))) ;

-- --------------------------------------------------------

--
-- Structure for view `v_laporan_peminjaman`
--
DROP TABLE IF EXISTS `v_laporan_peminjaman`;

CREATE ALGORITHM=UNDEFINED DEFINER=`root`@`%` SQL SECURITY DEFINER VIEW `v_laporan_peminjaman`  AS SELECT `p`.`nomor_peminjaman` AS `nomor_peminjaman`, `p`.`tanggal_pinjam` AS `tanggal_pinjam`, `p`.`nama_peminjam` AS `nama_peminjam`, `p`.`nomor_telepon` AS `nomor_telepon`, `p`.`lama_pinjam_hari` AS `lama_pinjam_hari`, (`p`.`tanggal_pinjam` + interval `p`.`lama_pinjam_hari` day) AS `tanggal_jatuh_tempo`, `dp`.`kode_barang` AS `kode_barang`, `a`.`kode_inventaris` AS `kode_inventaris`, `mb`.`nama_barang` AS `nama_barang`, `p`.`status_peminjaman` AS `status_peminjaman`, `p`.`keterangan` AS `keterangan` FROM (((`detail_peminjaman` `dp` join `peminjaman` `p` on((`dp`.`nomor_peminjaman` = `p`.`nomor_peminjaman`))) left join `aset` `a` on((`dp`.`kode_barang` = `a`.`kode_barang`))) left join `master_barang` `mb` on((`a`.`id_master_barang` = `mb`.`id_master_barang`))) ;

-- --------------------------------------------------------

--
-- Structure for view `v_laporan_pengembalian`
--
DROP TABLE IF EXISTS `v_laporan_pengembalian`;

CREATE ALGORITHM=UNDEFINED DEFINER=`root`@`%` SQL SECURITY DEFINER VIEW `v_laporan_pengembalian`  AS SELECT `pg`.`id_pengembalian` AS `id_pengembalian`, `pg`.`nomor_peminjaman` AS `nomor_peminjaman`, `p`.`nama_peminjam` AS `nama_peminjam`, `p`.`tanggal_pinjam` AS `tanggal_pinjam`, (`p`.`tanggal_pinjam` + interval `p`.`lama_pinjam_hari` day) AS `batas_waktu`, `pg`.`tanggal_kembali` AS `tanggal_kembali`, greatest(0,(to_days(`pg`.`tanggal_kembali`) - to_days((`p`.`tanggal_pinjam` + interval `p`.`lama_pinjam_hari` day)))) AS `telat_hari` FROM (`pengembalian` `pg` join `peminjaman` `p` on((`pg`.`nomor_peminjaman` = `p`.`nomor_peminjaman`))) ;

-- --------------------------------------------------------

--
-- Structure for view `v_laporan_perbaikan`
--
DROP TABLE IF EXISTS `v_laporan_perbaikan`;

CREATE ALGORITHM=UNDEFINED DEFINER=`root`@`%` SQL SECURITY DEFINER VIEW `v_laporan_perbaikan`  AS SELECT `pb`.`id_perbaikan` AS `id_perbaikan`, `pb`.`tanggal_perbaikan` AS `tanggal_perbaikan`, `k`.`kode_barang` AS `kode_barang`, `a`.`kode_inventaris` AS `kode_inventaris`, `mb`.`nama_barang` AS `nama_barang`, `k`.`deskripsi_kerusakan` AS `deskripsi_kerusakan`, `pb`.`teknisi` AS `teknisi`, `pb`.`tindakan_perbaikan` AS `tindakan_perbaikan`, `pb`.`biaya_perbaikan` AS `biaya_perbaikan` FROM (((`perbaikan` `pb` join `kerusakan` `k` on((`pb`.`id_kerusakan` = `k`.`id_kerusakan`))) left join `aset` `a` on((`k`.`kode_barang` = `a`.`kode_barang`))) left join `master_barang` `mb` on((`a`.`id_master_barang` = `mb`.`id_master_barang`))) ;

-- --------------------------------------------------------

--
-- Structure for view `v_laporan_permintaan`
--
DROP TABLE IF EXISTS `v_laporan_permintaan`;

CREATE ALGORITHM=UNDEFINED DEFINER=`root`@`%` SQL SECURITY DEFINER VIEW `v_laporan_permintaan`  AS SELECT `p`.`kode_permintaan` AS `kode_permintaan`, `p`.`tanggal_permintaan` AS `tanggal_permintaan`, `j`.`nama_jurusan` AS `nama_jurusan`, `u1`.`full_name` AS `nama_peminta`, `mb`.`nama_barang` AS `nama_barang`, `dp`.`jumlah_diminta` AS `jumlah_diminta`, `dp`.`alasan_kebutuhan` AS `alasan_kebutuhan`, `p`.`status_persetujuan` AS `status_persetujuan`, `p`.`tanggal_persetujuan` AS `tanggal_persetujuan`, `u2`.`full_name` AS `nama_penyetuju`, `p`.`alasan_disetujui` AS `alasan_disetujui` FROM (((((`detail_permintaan` `dp` join `permintaan` `p` on((`dp`.`kode_permintaan` = `p`.`kode_permintaan`))) left join `master_barang` `mb` on((`dp`.`id_master_barang` = `mb`.`id_master_barang`))) left join `jurusan` `j` on((`p`.`id_jurusan` = `j`.`id_jurusan`))) left join `pengguna` `u1` on((`p`.`id_pengguna` = `u1`.`id_pengguna`))) left join `pengguna` `u2` on((`p`.`id_penyetuju` = `u2`.`id_pengguna`))) ;

-- --------------------------------------------------------

--
-- Structure for view `v_mutasi`
--
DROP TABLE IF EXISTS `v_mutasi`;

CREATE ALGORITHM=UNDEFINED DEFINER=`root`@`%` SQL SECURITY DEFINER VIEW `v_mutasi`  AS SELECT `m`.`id_mutasi` AS `id_mutasi`, `m`.`tanggal_mutasi` AS `tanggal_mutasi`, `m`.`kode_inventaris` AS `kode_inventaris`, `mb`.`nama_barang` AS `nama_barang`, `ja`.`nama_jurusan` AS `jurusan_asal`, `jt`.`nama_jurusan` AS `jurusan_tujuan`, `m`.`alasan_mutasi` AS `alasan_mutasi` FROM ((((`mutasi` `m` left join `aset` `a` on((`m`.`kode_inventaris` = `a`.`kode_inventaris`))) left join `master_barang` `mb` on((`a`.`id_master_barang` = `mb`.`id_master_barang`))) left join `jurusan` `ja` on((`m`.`id_jurusan_asal` = `ja`.`id_jurusan`))) left join `jurusan` `jt` on((`m`.`id_jurusan_tujuan` = `jt`.`id_jurusan`))) ;

-- --------------------------------------------------------

--
-- Structure for view `v_opname_aset`
--
DROP TABLE IF EXISTS `v_opname_aset`;

CREATE ALGORITHM=UNDEFINED DEFINER=`root`@`%` SQL SECURITY DEFINER VIEW `v_opname_aset`  AS SELECT `oa`.`id_opname_aset` AS `id_opname_aset`, `oa`.`tanggal_opname` AS `tanggal_opname`, `oa`.`kode_inventaris` AS `kode_inventaris`, `mb`.`nama_barang` AS `nama_barang`, `r`.`nama_ruang` AS `nama_ruang`, `ko`.`nama_kondisi` AS `kondisi_terkini`, `oa`.`keterangan` AS `keterangan` FROM ((((`opname_aset` `oa` left join `aset` `a` on((`oa`.`kode_inventaris` = `a`.`kode_inventaris`))) left join `master_barang` `mb` on((`a`.`id_master_barang` = `mb`.`id_master_barang`))) left join `ruang` `r` on((`a`.`id_ruang` = `r`.`id_ruang`))) left join `kondisi` `ko` on((`oa`.`id_kondisi` = `ko`.`id_kondisi`))) ;

-- --------------------------------------------------------

--
-- Structure for view `v_pengadaan_aset`
--
DROP TABLE IF EXISTS `v_pengadaan_aset`;

CREATE ALGORITHM=UNDEFINED DEFINER=`root`@`%` SQL SECURITY DEFINER VIEW `v_pengadaan_aset`  AS SELECT `p`.`id_pengadaan` AS `id_pengadaan`, `p`.`tanggal_pengadaan` AS `tanggal_pengadaan`, `ta`.`tahun_ajaran` AS `tahun_ajaran`, `sp`.`nama_sumber` AS `nama_sumber`, `g`.`nama_gudang` AS `nama_gudang`, `mb`.`nama_barang` AS `nama_barang`, `k`.`nama_kategori` AS `nama_kategori`, `dp`.`jumlah_masuk` AS `jumlah_masuk`, `dp`.`harga_satuan` AS `harga_satuan`, (`dp`.`jumlah_masuk` * `dp`.`harga_satuan`) AS `sub_total`, `pem`.`nama_pemasok` AS `nama_pemasok`, `p`.`status` AS `status`, `p`.`keterangan` AS `keterangan` FROM (((((((`detail_pengadaan` `dp` join `pengadaan` `p` on((`dp`.`id_pengadaan` = `p`.`id_pengadaan`))) left join `master_barang` `mb` on((`dp`.`id_master_barang` = `mb`.`id_master_barang`))) left join `kategori` `k` on((`mb`.`id_kategori` = `k`.`id_kategori`))) left join `pemasok` `pem` on((`dp`.`id_pemasok` = `pem`.`id_pemasok`))) left join `sumber_perolehan` `sp` on((`p`.`id_sumber_perolehan` = `sp`.`id_sumber_perolehan`))) left join `gudang` `g` on((`p`.`kode_gudang` = `g`.`kode_gudang`))) left join `tahun_ajaran` `ta` on((`p`.`id_tahun_ajaran` = `ta`.`id_tahun_ajaran`))) ;

-- --------------------------------------------------------

--
-- Structure for view `v_penghapusan_aset`
--
DROP TABLE IF EXISTS `v_penghapusan_aset`;

CREATE ALGORITHM=UNDEFINED DEFINER=`root`@`%` SQL SECURITY DEFINER VIEW `v_penghapusan_aset`  AS SELECT `pa`.`id_penghapusan` AS `id_penghapusan`, `pa`.`tanggal_hapus` AS `tanggal_hapus`, `pa`.`kode_barang` AS `kode_barang`, `a`.`kode_inventaris` AS `kode_inventaris`, `mb`.`nama_barang` AS `nama_barang`, `pa`.`alasan_hapus` AS `alasan_hapus`, `p`.`full_name` AS `nama_penyetuju` FROM (((`penghapusan_aset` `pa` left join `aset` `a` on((`pa`.`kode_barang` = `a`.`kode_barang`))) left join `master_barang` `mb` on((`a`.`id_master_barang` = `mb`.`id_master_barang`))) left join `pengguna` `p` on((`pa`.`id_penyetuju` = `p`.`id_pengguna`))) ;

-- --------------------------------------------------------

--
-- Structure for view `v_tanah_non_aktif`
--
DROP TABLE IF EXISTS `v_tanah_non_aktif`;

CREATE ALGORITHM=UNDEFINED DEFINER=`root`@`%` SQL SECURITY DEFINER VIEW `v_tanah_non_aktif`  AS SELECT `tna`.`id_tanah_non_aktif` AS `id_tanah_non_aktif`, `at`.`kode_tanah` AS `kode_tanah`, `at`.`nomor_sertifikat` AS `nomor_sertifikat`, `at`.`nama_pemilik` AS `nama_pemilik`, `at`.`luas_tanah` AS `luas_tanah`, `tna`.`tanggal` AS `tanggal_nonaktif`, `sb`.`nama_status` AS `penyebab`, `tna`.`keterangan` AS `keterangan` FROM ((`tanah_non_aktif` `tna` left join `aset_tanah` `at` on((`tna`.`kode_tanah` = `at`.`kode_tanah`))) left join `status_barang` `sb` on((`tna`.`id_status` = `sb`.`id_status`))) ;

--
-- Constraints for dumped tables
--

--
-- Constraints for table `akses`
--
ALTER TABLE `akses`
  ADD CONSTRAINT `fk_akses_parent` FOREIGN KEY (`id_parent`) REFERENCES `akses` (`id_akses`) ON DELETE CASCADE;

--
-- Constraints for table `aset`
--
ALTER TABLE `aset`
  ADD CONSTRAINT `aset_ibfk_1` FOREIGN KEY (`id_master_barang`) REFERENCES `master_barang` (`id_master_barang`) ON DELETE CASCADE,
  ADD CONSTRAINT `fk_aset_detail_pengadaan` FOREIGN KEY (`id_detail_pengadaan`) REFERENCES `detail_pengadaan` (`id_detail_pengadaan`) ON DELETE SET NULL,
  ADD CONSTRAINT `fk_aset_jurusan` FOREIGN KEY (`id_jurusan`) REFERENCES `jurusan` (`id_jurusan`) ON DELETE SET NULL,
  ADD CONSTRAINT `fk_aset_kondisi` FOREIGN KEY (`id_kondisi`) REFERENCES `kondisi` (`id_kondisi`) ON DELETE SET NULL,
  ADD CONSTRAINT `fk_aset_lemari` FOREIGN KEY (`id_lemari`) REFERENCES `lemari` (`id_lemari`) ON DELETE SET NULL ON UPDATE CASCADE,
  ADD CONSTRAINT `fk_aset_lokasi` FOREIGN KEY (`id_lokasi`) REFERENCES `lokasi` (`id_lokasi`) ON DELETE SET NULL,
  ADD CONSTRAINT `fk_aset_ruang` FOREIGN KEY (`id_ruang`) REFERENCES `ruang` (`id_ruang`) ON DELETE SET NULL;

--
-- Constraints for table `aset_bangunan`
--
ALTER TABLE `aset_bangunan`
  ADD CONSTRAINT `fk_bangunan_kondisi` FOREIGN KEY (`id_kondisi`) REFERENCES `kondisi` (`id_kondisi`) ON DELETE SET NULL;

--
-- Constraints for table `aset_habis_pakai`
--
ALTER TABLE `aset_habis_pakai`
  ADD CONSTRAINT `fk_ahp_jurusan` FOREIGN KEY (`id_jurusan`) REFERENCES `jurusan` (`id_jurusan`) ON DELETE SET NULL,
  ADD CONSTRAINT `fk_ahp_lokasi` FOREIGN KEY (`id_lokasi`) REFERENCES `lokasi` (`id_lokasi`) ON DELETE SET NULL,
  ADD CONSTRAINT `fk_ahp_master` FOREIGN KEY (`id_master_barang`) REFERENCES `master_barang` (`id_master_barang`) ON DELETE CASCADE,
  ADD CONSTRAINT `fk_ahp_pengadaanhp` FOREIGN KEY (`id_pengadaan_hp`) REFERENCES `pengadaan_habis_pakai` (`id_pengadaan`) ON DELETE RESTRICT ON UPDATE CASCADE,
  ADD CONSTRAINT `fk_ahp_ruang` FOREIGN KEY (`id_ruang`) REFERENCES `ruang` (`id_ruang`) ON DELETE SET NULL;

--
-- Constraints for table `aset_tanah`
--
ALTER TABLE `aset_tanah`
  ADD CONSTRAINT `aset_tanah_ibfk_1` FOREIGN KEY (`id_lokasi`) REFERENCES `lokasi` (`id_lokasi`) ON DELETE SET NULL;

--
-- Constraints for table `bangunan_non_aktif`
--
ALTER TABLE `bangunan_non_aktif`
  ADD CONSTRAINT `fk_bgna_bangunan` FOREIGN KEY (`kode_bangunan`) REFERENCES `aset_bangunan` (`kode_bangunan`) ON DELETE CASCADE,
  ADD CONSTRAINT `fk_bgna_status` FOREIGN KEY (`id_status`) REFERENCES `status_barang` (`id_status`) ON DELETE SET NULL;

--
-- Constraints for table `barang_keluar`
--
ALTER TABLE `barang_keluar`
  ADD CONSTRAINT `fk_barang_keluar_gudang` FOREIGN KEY (`kode_gudang`) REFERENCES `gudang` (`kode_gudang`) ON DELETE RESTRICT ON UPDATE CASCADE,
  ADD CONSTRAINT `fk_barang_keluar_pengguna` FOREIGN KEY (`nama_penerima`) REFERENCES `pengguna` (`id_pengguna`) ON DELETE RESTRICT ON UPDATE CASCADE,
  ADD CONSTRAINT `fk_barang_keluar_petugas` FOREIGN KEY (`petugas`) REFERENCES `pengguna` (`id_pengguna`) ON DELETE RESTRICT ON UPDATE CASCADE,
  ADD CONSTRAINT `fk_barang_keluar_ruang` FOREIGN KEY (`id_ruang`) REFERENCES `ruang` (`id_ruang`),
  ADD CONSTRAINT `fk_bk_kode_barang` FOREIGN KEY (`kode_barang`) REFERENCES `aset_habis_pakai` (`kode_barang`) ON DELETE RESTRICT ON UPDATE CASCADE;

--
-- Constraints for table `barang_non_aktif`
--
ALTER TABLE `barang_non_aktif`
  ADD CONSTRAINT `fk_bna_aset` FOREIGN KEY (`kode_inventaris`) REFERENCES `aset` (`kode_inventaris`) ON DELETE CASCADE,
  ADD CONSTRAINT `fk_bna_status` FOREIGN KEY (`id_status`) REFERENCES `status_barang` (`id_status`) ON DELETE SET NULL;

--
-- Constraints for table `detail_peminjaman`
--
ALTER TABLE `detail_peminjaman`
  ADD CONSTRAINT `detail_peminjaman_ibfk_1` FOREIGN KEY (`nomor_peminjaman`) REFERENCES `peminjaman` (`nomor_peminjaman`) ON DELETE CASCADE,
  ADD CONSTRAINT `detail_peminjaman_ibfk_2` FOREIGN KEY (`kode_barang`) REFERENCES `aset` (`kode_barang`) ON DELETE CASCADE;

--
-- Constraints for table `detail_pengadaan`
--
ALTER TABLE `detail_pengadaan`
  ADD CONSTRAINT `fk_detail_pengadaan_master` FOREIGN KEY (`id_master_barang`) REFERENCES `master_barang` (`id_master_barang`) ON DELETE CASCADE,
  ADD CONSTRAINT `fk_detail_pengadaan_pemasok` FOREIGN KEY (`id_pemasok`) REFERENCES `pemasok` (`id_pemasok`) ON DELETE SET NULL,
  ADD CONSTRAINT `fk_detail_pengadaan_pengadaan` FOREIGN KEY (`id_pengadaan`) REFERENCES `pengadaan` (`id_pengadaan`) ON DELETE CASCADE;

--
-- Constraints for table `detail_pengadaan_hp`
--
ALTER TABLE `detail_pengadaan_hp`
  ADD CONSTRAINT `fk_dp_hp_master` FOREIGN KEY (`id_master_barang`) REFERENCES `master_barang` (`id_master_barang`) ON DELETE RESTRICT ON UPDATE CASCADE,
  ADD CONSTRAINT `fk_dp_hp_pemasok` FOREIGN KEY (`id_pemasok`) REFERENCES `pemasok` (`id_pemasok`) ON DELETE RESTRICT ON UPDATE CASCADE,
  ADD CONSTRAINT `fk_dp_hp_pengadaan` FOREIGN KEY (`id_pengadaan_hp`) REFERENCES `pengadaan_habis_pakai` (`id_pengadaan`) ON DELETE CASCADE ON UPDATE CASCADE;

--
-- Constraints for table `detail_permintaan`
--
ALTER TABLE `detail_permintaan`
  ADD CONSTRAINT `detail_permintaan_ibfk_1` FOREIGN KEY (`kode_permintaan`) REFERENCES `permintaan` (`kode_permintaan`) ON DELETE CASCADE,
  ADD CONSTRAINT `detail_permintaan_ibfk_2` FOREIGN KEY (`id_master_barang`) REFERENCES `master_barang` (`id_master_barang`) ON DELETE CASCADE;

--
-- Constraints for table `detail_permintaan_hp`
--
ALTER TABLE `detail_permintaan_hp`
  ADD CONSTRAINT `fk_dphp_kodeprm` FOREIGN KEY (`kode_permintaan_hp`) REFERENCES `permintaan_hp` (`kode_permintaan_hp`) ON DELETE CASCADE ON UPDATE CASCADE,
  ADD CONSTRAINT `fk_dphp_master` FOREIGN KEY (`id_master_barang`) REFERENCES `master_barang` (`id_master_barang`) ON DELETE RESTRICT ON UPDATE CASCADE;

--
-- Constraints for table `kelas`
--
ALTER TABLE `kelas`
  ADD CONSTRAINT `kelas_ibfk_1` FOREIGN KEY (`id_rombel`) REFERENCES `rombel` (`id_rombel`) ON DELETE CASCADE;

--
-- Constraints for table `kerusakan`
--
ALTER TABLE `kerusakan`
  ADD CONSTRAINT `kerusakan_ibfk_1` FOREIGN KEY (`kode_barang`) REFERENCES `aset` (`kode_barang`) ON DELETE CASCADE,
  ADD CONSTRAINT `kerusakan_ibfk_2` FOREIGN KEY (`id_pelapor`) REFERENCES `pengguna` (`id_pengguna`) ON DELETE CASCADE;

--
-- Constraints for table `lemari`
--
ALTER TABLE `lemari`
  ADD CONSTRAINT `fk_lemari_ruang` FOREIGN KEY (`id_ruang`) REFERENCES `ruang` (`id_ruang`) ON DELETE SET NULL;

--
-- Constraints for table `master_barang`
--
ALTER TABLE `master_barang`
  ADD CONSTRAINT `master_barang_ibfk_1` FOREIGN KEY (`id_kategori`) REFERENCES `kategori` (`id_kategori`) ON DELETE SET NULL,
  ADD CONSTRAINT `master_barang_ibfk_2` FOREIGN KEY (`id_merek`) REFERENCES `merek` (`id_merek`) ON DELETE SET NULL,
  ADD CONSTRAINT `master_barang_ibfk_3` FOREIGN KEY (`id_satuan`) REFERENCES `satuan` (`id_satuan`) ON DELETE SET NULL;

--
-- Constraints for table `mutasi`
--
ALTER TABLE `mutasi`
  ADD CONSTRAINT `fk_mutasi_aset` FOREIGN KEY (`kode_inventaris`) REFERENCES `aset` (`kode_inventaris`) ON DELETE CASCADE,
  ADD CONSTRAINT `fk_mutasi_jurusan_asal` FOREIGN KEY (`id_jurusan_asal`) REFERENCES `jurusan` (`id_jurusan`) ON DELETE SET NULL,
  ADD CONSTRAINT `fk_mutasi_jurusan_tujuan` FOREIGN KEY (`id_jurusan_tujuan`) REFERENCES `jurusan` (`id_jurusan`) ON DELETE RESTRICT;

--
-- Constraints for table `opname_aset`
--
ALTER TABLE `opname_aset`
  ADD CONSTRAINT `fk_opname_aset` FOREIGN KEY (`kode_inventaris`) REFERENCES `aset` (`kode_inventaris`) ON DELETE CASCADE,
  ADD CONSTRAINT `fk_opname_kondisi` FOREIGN KEY (`id_kondisi`) REFERENCES `kondisi` (`id_kondisi`) ON DELETE SET NULL;

--
-- Constraints for table `opname_stok`
--
ALTER TABLE `opname_stok`
  ADD CONSTRAINT `opname_stok_ibfk_1` FOREIGN KEY (`id_master_barang`) REFERENCES `master_barang` (`id_master_barang`) ON DELETE CASCADE,
  ADD CONSTRAINT `opname_stok_ibfk_2` FOREIGN KEY (`id_pemeriksa`) REFERENCES `pengguna` (`id_pengguna`) ON DELETE RESTRICT;

--
-- Constraints for table `pengadaan`
--
ALTER TABLE `pengadaan`
  ADD CONSTRAINT `fk_pengadaan_gudang` FOREIGN KEY (`kode_gudang`) REFERENCES `gudang` (`kode_gudang`),
  ADD CONSTRAINT `fk_pengadaan_sumber` FOREIGN KEY (`id_sumber_perolehan`) REFERENCES `sumber_perolehan` (`id_sumber_perolehan`) ON DELETE SET NULL,
  ADD CONSTRAINT `fk_pengadaan_ta` FOREIGN KEY (`id_tahun_ajaran`) REFERENCES `tahun_ajaran` (`id_tahun_ajaran`) ON DELETE RESTRICT ON UPDATE CASCADE;

--
-- Constraints for table `pengadaan_habis_pakai`
--
ALTER TABLE `pengadaan_habis_pakai`
  ADD CONSTRAINT `fk_php_gudang` FOREIGN KEY (`kode_gudang`) REFERENCES `gudang` (`kode_gudang`) ON DELETE SET NULL,
  ADD CONSTRAINT `fk_php_ta` FOREIGN KEY (`id_tahun_ajaran`) REFERENCES `tahun_ajaran` (`id_tahun_ajaran`) ON DELETE RESTRICT ON UPDATE CASCADE;

--
-- Constraints for table `pengadaan_permintaan`
--
ALTER TABLE `pengadaan_permintaan`
  ADD CONSTRAINT `fk_pp_pengadaan` FOREIGN KEY (`id_pengadaan`) REFERENCES `pengadaan` (`id_pengadaan`) ON DELETE CASCADE,
  ADD CONSTRAINT `fk_pp_permintaan` FOREIGN KEY (`kode_permintaan`) REFERENCES `permintaan` (`kode_permintaan`) ON DELETE CASCADE;

--
-- Constraints for table `pengadaan_permintaan_hp`
--
ALTER TABLE `pengadaan_permintaan_hp`
  ADD CONSTRAINT `fk_jembatan_hp_pengadaan` FOREIGN KEY (`id_pengadaan_hp`) REFERENCES `pengadaan_habis_pakai` (`id_pengadaan`) ON DELETE CASCADE ON UPDATE CASCADE,
  ADD CONSTRAINT `fk_jembatan_hp_permintaan` FOREIGN KEY (`kode_permintaan_hp`) REFERENCES `permintaan_hp` (`kode_permintaan_hp`) ON DELETE CASCADE ON UPDATE CASCADE;

--
-- Constraints for table `pengembalian`
--
ALTER TABLE `pengembalian`
  ADD CONSTRAINT `pengembalian_ibfk_1` FOREIGN KEY (`nomor_peminjaman`) REFERENCES `peminjaman` (`nomor_peminjaman`) ON DELETE CASCADE;

--
-- Constraints for table `pengguna`
--
ALTER TABLE `pengguna`
  ADD CONSTRAINT `fk_pengguna_jurusan` FOREIGN KEY (`id_jurusan`) REFERENCES `jurusan` (`id_jurusan`) ON DELETE SET NULL,
  ADD CONSTRAINT `pengguna_ibfk_1` FOREIGN KEY (`id_peran`) REFERENCES `peran` (`id_peran`) ON DELETE RESTRICT,
  ADD CONSTRAINT `pengguna_ibfk_2` FOREIGN KEY (`id_kelas`) REFERENCES `kelas` (`id_kelas`) ON DELETE SET NULL,
  ADD CONSTRAINT `pengguna_ibfk_3` FOREIGN KEY (`id_mapel`) REFERENCES `mapel` (`id_mapel`) ON DELETE SET NULL;

--
-- Constraints for table `penghapusan_aset`
--
ALTER TABLE `penghapusan_aset`
  ADD CONSTRAINT `penghapusan_aset_ibfk_1` FOREIGN KEY (`kode_barang`) REFERENCES `aset` (`kode_barang`) ON DELETE CASCADE,
  ADD CONSTRAINT `penghapusan_aset_ibfk_2` FOREIGN KEY (`id_penyetuju`) REFERENCES `pengguna` (`id_pengguna`) ON DELETE RESTRICT;

--
-- Constraints for table `peran_akses`
--
ALTER TABLE `peran_akses`
  ADD CONSTRAINT `peran_akses_ibfk_1` FOREIGN KEY (`id_peran`) REFERENCES `peran` (`id_peran`) ON DELETE CASCADE,
  ADD CONSTRAINT `peran_akses_ibfk_2` FOREIGN KEY (`id_akses`) REFERENCES `akses` (`id_akses`) ON DELETE CASCADE;

--
-- Constraints for table `perbaikan`
--
ALTER TABLE `perbaikan`
  ADD CONSTRAINT `perbaikan_ibfk_1` FOREIGN KEY (`id_kerusakan`) REFERENCES `kerusakan` (`id_kerusakan`) ON DELETE CASCADE;

--
-- Constraints for table `permintaan`
--
ALTER TABLE `permintaan`
  ADD CONSTRAINT `fk_permintaan_jurusan` FOREIGN KEY (`id_jurusan`) REFERENCES `jurusan` (`id_jurusan`) ON DELETE SET NULL,
  ADD CONSTRAINT `fk_permintaan_pengguna` FOREIGN KEY (`id_pengguna`) REFERENCES `pengguna` (`id_pengguna`) ON DELETE RESTRICT ON UPDATE CASCADE,
  ADD CONSTRAINT `fk_permintaan_ta` FOREIGN KEY (`id_tahun_ajaran`) REFERENCES `tahun_ajaran` (`id_tahun_ajaran`) ON DELETE RESTRICT ON UPDATE CASCADE,
  ADD CONSTRAINT `permintaan_ibfk_2` FOREIGN KEY (`id_penyetuju`) REFERENCES `pengguna` (`id_pengguna`) ON DELETE SET NULL;

--
-- Constraints for table `permintaan_hp`
--
ALTER TABLE `permintaan_hp`
  ADD CONSTRAINT `fk_permintaanhp_jurusan` FOREIGN KEY (`id_jurusan`) REFERENCES `jurusan` (`id_jurusan`) ON DELETE RESTRICT ON UPDATE CASCADE,
  ADD CONSTRAINT `fk_permintaanhp_penyetuju` FOREIGN KEY (`id_penyetuju`) REFERENCES `pengguna` (`id_pengguna`) ON DELETE RESTRICT ON UPDATE CASCADE,
  ADD CONSTRAINT `fk_permintaanhp_ta` FOREIGN KEY (`id_tahun_ajaran`) REFERENCES `tahun_ajaran` (`id_tahun_ajaran`) ON DELETE RESTRICT ON UPDATE CASCADE,
  ADD CONSTRAINT `fk_permintaannhp_pengguna` FOREIGN KEY (`id_pengguna`) REFERENCES `pengguna` (`id_pengguna`) ON DELETE RESTRICT ON UPDATE CASCADE;

--
-- Constraints for table `rombel`
--
ALTER TABLE `rombel`
  ADD CONSTRAINT `rombel_ibfk_1` FOREIGN KEY (`id_jurusan`) REFERENCES `jurusan` (`id_jurusan`) ON DELETE CASCADE;

--
-- Constraints for table `ruang`
--
ALTER TABLE `ruang`
  ADD CONSTRAINT `ruang_ibfk_1` FOREIGN KEY (`id_lokasi`) REFERENCES `lokasi` (`id_lokasi`) ON DELETE CASCADE;

--
-- Constraints for table `tanah_non_aktif`
--
ALTER TABLE `tanah_non_aktif`
  ADD CONSTRAINT `fk_tna_status` FOREIGN KEY (`id_status`) REFERENCES `status_barang` (`id_status`) ON DELETE SET NULL,
  ADD CONSTRAINT `fk_tna_tanah` FOREIGN KEY (`kode_tanah`) REFERENCES `aset_tanah` (`kode_tanah`) ON DELETE CASCADE;
COMMIT;

/*!40101 SET CHARACTER_SET_CLIENT=@OLD_CHARACTER_SET_CLIENT */;
/*!40101 SET CHARACTER_SET_RESULTS=@OLD_CHARACTER_SET_RESULTS */;
/*!40101 SET COLLATION_CONNECTION=@OLD_COLLATION_CONNECTION */;
